{
  "18330": {
    "0705.2780": [
      88
    ],
    "0706.4050": [
      739
    ],
    "0707.1075": [
      598
    ],
    "0812.4446": [
      5718
    ],
    "0901.3233": [
      1873
    ],
    "0901.4224": [
      4714
    ],
    "0901.4944": [
      3785
    ],
    "0902.1711": [
      490
    ],
    "1008.2997": [
      1322,
      1716
    ],
    "1008.3976": [
      182,
      193
    ],
    "1907.12673v1": [
      8051,
      8062,
      9739
    ],
    "2008.02576v2": [
      1426
    ],
    "2008.09005v1": [
      3339,
      3473,
      3475,
      6254
    ],
    "2010.14591v4": [
      4786
    ],
    "2111.04531v1": [
      128,
      2555
    ],
    "2206.02090v1": [
      1665,
      1670
    ],
    "2207.12044v1": [
      1961
    ],
    "2410.08690v1": [
      1882,
      1931
    ],
    "2502.19492v1": [
      1674
    ],
    "2507.10226v1": [
      1341
    ],
    "2508.06699v2": [
      1617,
      1658
    ],
    "2511.02871v1": [
      32604,
      32631,
      32644
    ],
    "2511.14710v1": [
      5892
    ]
  }
}