{
  "23364": {
    "0704.0229": [
      2917
    ],
    "0704.1081": [
      960
    ],
    "0704.3565": [
      153
    ],
    "0704.3700": [
      2143
    ],
    "0705.1854": [
      1584,
      3113
    ],
    "0705.2342": [
      203
    ],
    "0705.3180": [
      600
    ],
    "0705.3308": [
      59
    ],
    "0705.3515": [
      359
    ],
    "0705.4171": [
      1650
    ],
    "0706.0596": [
      1672
    ],
    "0706.0691": [
      2302
    ],
    "0706.0881": [
      2120
    ],
    "0706.2249": [
      152
    ],
    "0707.3717": [
      925
    ],
    "0707.4618": [
      35
    ],
    "0708.0083": [
      160
    ],
    "0901.0421": [
      76,
      662
    ],
    "0902.0198": [
      324
    ],
    "0902.1733": [
      7718
    ],
    "1007.2750": [
      2467
    ],
    "1007.2768": [
      2509
    ],
    "1008.0010": [
      9278,
      12652
    ],
    "1008.0563": [
      2496
    ],
    "1008.0931": [
      82,
      259,
      534,
      1873,
      3003,
      3673,
      5687
    ],
    "1008.1118": [
      4212
    ],
    "1008.1498": [
      2396
    ],
    "1008.2271": [
      1062,
      2131
    ],
    "1008.2763": [
      731
    ],
    "1008.2789": [
      10887
    ],
    "1008.4023": [
      1777
    ],
    "1008.4886": [
      3445
    ],
    "1009.0246": [
      2305
    ],
    "1009.0571": [
      660,
      2704,
      3171
    ],
    "1902.01588v1": [
      2465
    ],
    "2511.09737v1": [
      2311
    ]
  },
  "31338": {
    "0705.2941": [
      1088
    ],
    "0705.3765": [
      2929
    ],
    "0706.4294": [
      233,
      1083
    ],
    "0707.2962": [
      7381
    ],
    "0708.0313": [
      609
    ],
    "0901.4549": [
      2065
    ],
    "0901.4822": [
      308
    ],
    "2508.09119v1": [
      1830,
      2226
    ]
  }
}