{
  "51280": {
    "0704.1416": [
      2515,
      2565,
      2763
    ],
    "0704.2887": [
      4583
    ],
    "0705.0836": [
      930,
      7375
    ],
    "0706.2072": [
      391
    ],
    "0706.4167": [
      299
    ],
    "0707.0463": [
      881,
      2441
    ],
    "0707.0978": [
      851
    ],
    "0707.3305": [
      4210,
      4211,
      4338
    ],
    "0812.4154": [
      780
    ],
    "0901.0959": [
      1092
    ],
    "0901.3379": [
      293,
      1554
    ],
    "0901.4420": [
      1156
    ],
    "0902.0416": [
      3650,
      3653
    ],
    "1007.0875": [
      1123,
      4051
    ],
    "1007.2990": [
      2669
    ],
    "1007.3676": [
      4001,
      4040
    ],
    "1008.0767": [
      2456,
      3411
    ],
    "1008.1460": [
      2447,
      2450
    ],
    "1008.2093": [
      406
    ],
    "1009.0619": [
      937,
      943
    ],
    "1811.09810v2": [
      1382,
      1384,
      1463,
      1505,
      5225,
      5513,
      5517,
      5619,
      6033,
      6140,
      6142,
      6144,
      6145,
      6267,
      6328,
      6538,
      6574,
      6681,
      6993,
      7090,
      7095,
      7109,
      7182,
      7186,
      7189,
      7192,
      7195,
      7198,
      7205,
      7251,
      7284,
      7292,
      7294,
      7296,
      7298,
      7300,
      7302,
      7388,
      7486,
      7550,
      7607,
      7848,
      7872,
      7920,
      8057
    ],
    "1811.09815v2": [
      116,
      127,
      129,
      647,
      653,
      1302,
      1303,
      2077,
      2900,
      3300,
      3765,
      3771,
      3776,
      3856,
      3858,
      3869,
      3874,
      3922,
      3925,
      3926,
      3927,
      3950,
      3973,
      4269,
      4827,
      4832
    ],
    "2012.13324v1": [
      7354
    ],
    "2207.12787v2": [
      967,
      968,
      969
    ],
    "2309.04208v1": [
      758,
      776,
      887
    ]
  }
}