{
  "31740": {
    "0704.1118": [
      1855,
      1936,
      1990
    ],
    "0705.2117": [
      1012
    ],
    "0705.3345": [
      4075
    ],
    "1007.3549": [
      4124
    ],
    "1007.3746": [
      3043
    ],
    "2208.04154v1": [
      4411
    ],
    "2210.00071v3": [
      3026
    ],
    "2506.21218v1": [
      126,
      141,
      360,
      376
    ],
    "2509.10883v1": [
      88736
    ],
    "2509.13158v1": [
      3151
    ],
    "2509.15307v2": [
      6115
    ]
  }
}