{
  "24757": {
    "0704.0362": [
      95,
      116,
      190,
      275,
      773,
      886,
      1462,
      2752
    ],
    "0704.3579": [
      487
    ],
    "0705.1300": [
      1435,
      1592,
      1675
    ],
    "0705.2942": [
      2692
    ],
    "0901.0665": [
      4211
    ],
    "0902.3158": [
      1877
    ],
    "1007.1902": [
      162,
      368,
      506,
      519,
      549,
      569,
      650,
      784,
      1409,
      1413,
      1713,
      1753
    ],
    "1007.3259": [
      436,
      463
    ],
    "1007.3846": [
      762,
      992,
      1856
    ],
    "1008.0389": [
      22,
      50,
      62,
      361,
      365,
      379,
      396,
      442,
      473,
      493,
      571,
      593,
      657,
      723,
      773,
      1034,
      1118,
      1152,
      1170,
      1311,
      1386,
      1495,
      1585,
      1636,
      1648,
      1691
    ],
    "1008.2134": [
      381
    ],
    "1008.4584": [
      880,
      1047,
      1193,
      1492
    ],
    "1008.4853": [
      957
    ],
    "1009.1455": [
      20,
      182,
      192,
      362,
      391,
      570,
      577,
      583,
      636,
      640,
      650,
      677,
      688,
      738,
      827,
      833,
      906,
      953,
      965,
      991,
      999,
      1005,
      1194,
      1308,
      1430,
      1453,
      1492,
      1515,
      1523,
      1881,
      2136,
      2438,
      3172,
      4527,
      4876,
      4971,
      4984,
      4992,
      5002,
      5040,
      5282
    ],
    "2207.08473v1": [
      991
    ],
    "2508.11756v1": [
      1530
    ]
  }
}