{
  "31327": {
    "0707.2315": [
      2138
    ],
    "1007.4192": [
      2074
    ],
    "1008.1423": [
      3836
    ],
    "1009.1346": [
      924,
      943
    ],
    "2508.10169v1": [
      5301
    ],
    "2511.13686v1": [
      2932
    ]
  }
}