{
  "26257": {
    "0704.0980": [
      12,
      1439,
      1452
    ],
    "0704.1237": [
      797
    ],
    "0705.3166": [
      1737
    ],
    "0705.3830": [
      1484
    ],
    "0706.1859": [
      2067
    ],
    "0706.2271": [
      1618
    ],
    "0706.2883": [
      1448
    ],
    "0706.3935": [
      1971
    ],
    "0707.2478": [
      4133
    ],
    "0707.4622": [
      3271
    ],
    "0901.2829": [
      1422,
      1552
    ],
    "1007.1070": [
      2021,
      2028
    ],
    "1007.1360": [
      629,
      636,
      776,
      791,
      820,
      842
    ],
    "1008.1600": [
      1738
    ],
    "1008.1727": [
      141,
      178,
      650,
      853,
      858,
      1076,
      1554,
      1612,
      1694,
      1721,
      1778,
      1863,
      1899,
      1941,
      1953,
      1976,
      2320,
      2396,
      2492,
      2510,
      2543,
      2673,
      2680,
      2797
    ],
    "1009.0547": [
      7665
    ],
    "2509.13315v1": [
      201,
      1754,
      2483
    ],
    "2509.21078v2": [
      3208
    ],
    "2510.01747v1": [
      865
    ],
    "2510.12572v1": [
      1890
    ],
    "2511.10751v2": [
      108,
      1229,
      1258,
      6091,
      8527,
      8814,
      9063
    ]
  }
}