{
  "53549": {
    "0704.1505": [
      922
    ],
    "0704.3653": [
      1435
    ],
    "0705.1730": [
      7857,
      34353,
      34707
    ],
    "0706.3342": [
      2245,
      2409
    ],
    "0901.0895": [
      3482
    ],
    "0901.1162": [
      2125,
      2133
    ],
    "0902.0766": [
      1923
    ],
    "1007.1647": [
      9474
    ],
    "1007.2814": [
      3718
    ],
    "1007.4054": [
      878,
      1111,
      3817
    ],
    "1007.5494": [
      2588
    ],
    "1008.0430": [
      7648,
      7693,
      8191
    ],
    "1009.0305": [
      10980
    ],
    "2212.10134v1": [
      1133,
      1194,
      1419,
      1421,
      1424,
      1427,
      1448,
      1705,
      1743,
      1840,
      1893,
      1936,
      2021,
      2077,
      2118,
      2128,
      2199,
      2232,
      2285,
      2304,
      2318,
      2351,
      2360,
      2373,
      2390,
      2404,
      2437,
      2849,
      2853
    ],
    "2301.05616v1": [
      1255
    ],
    "2508.08628v1": [
      4688,
      4691
    ],
    "2508.10657v1": [
      8,
      11,
      85,
      123,
      175,
      206,
      272,
      279,
      321,
      370,
      399,
      423,
      427,
      451,
      512,
      519,
      575,
      591,
      665,
      779,
      782,
      801,
      804,
      805,
      833,
      969,
      1093,
      1153,
      1224,
      1360,
      1465,
      1486,
      1493,
      1513,
      1562,
      1604,
      1612,
      1646,
      1687,
      1720,
      1769,
      1919,
      1960,
      2063,
      2104,
      2129,
      2194,
      2286,
      2291,
      2293,
      2313,
      2342,
      2418,
      2437,
      2556,
      2580,
      2829,
      2884,
      2946,
      2950,
      2985,
      3069,
      3078,
      3100,
      3134,
      3243,
      3285,
      3334,
      3428,
      3474,
      3556,
      3781,
      3815,
      3879,
      3990,
      4010,
      4019,
      4025,
      4054,
      4088,
      4155,
      4223,
      4236,
      4325,
      4379,
      4384,
      4439,
      4478,
      4507,
      4537,
      4549,
      4578,
      4664,
      4691,
      4729,
      4754,
      4778,
      4792,
      4797,
      4803,
      4840,
      5097
    ],
    "2509.02157v1": [
      2897,
      3380,
      3746
    ],
    "2509.02911v1": [
      772,
      2879,
      3167
    ],
    "2509.10883v1": [
      53672,
      53713,
      85028,
      100903,
      100906
    ],
    "2509.13111v1": [
      910,
      934,
      2824,
      2829,
      2860
    ],
    "2510.12527v1": [
      573,
      2599
    ],
    "2511.01679v1": [
      1581
    ],
    "2511.02798v1": [
      923,
      1432,
      2469,
      2907
    ]
  }
}