{
  "52585": {
    "0704.0080": [
      2081
    ],
    "0704.0478": [
      3896
    ],
    "0704.2577": [
      752
    ],
    "0704.2958": [
      432
    ],
    "0704.3171": [
      299,
      1037
    ],
    "0705.0988": [
      534
    ],
    "0705.1787": [
      4117
    ],
    "0705.1938": [
      986
    ],
    "0705.2304": [
      515
    ],
    "0705.3606": [
      1511,
      1540
    ],
    "0706.0833": [
      3887
    ],
    "0706.1202": [
      2901
    ],
    "0706.2840": [
      634
    ],
    "0706.2887": [
      2831,
      3385
    ],
    "0706.3035": [
      699
    ],
    "0706.3311": [
      2999
    ],
    "0706.3650": [
      3431,
      3432
    ],
    "0706.4080": [
      772,
      1173
    ],
    "0707.0382": [
      1328
    ],
    "0707.1602": [
      4587
    ],
    "0707.2857": [
      311,
      2279
    ],
    "0707.3270": [
      959
    ],
    "0707.3485": [
      1039
    ],
    "0707.3737": [
      16
    ],
    "0707.4317": [
      10981,
      11147,
      11767
    ],
    "0901.0632": [
      10677
    ],
    "0901.0830": [
      1257,
      5125
    ],
    "0901.0934": [
      1645
    ],
    "0901.2945": [
      2715
    ],
    "0901.3063": [
      674
    ],
    "0902.0320": [
      4849
    ],
    "0902.1137": [
      5115
    ],
    "0902.2012": [
      354,
      568,
      576
    ],
    "0902.2778": [
      2988
    ],
    "1007.0776": [
      1203
    ],
    "1007.2686": [
      163
    ],
    "1007.2780": [
      1228,
      1237
    ],
    "1007.3292": [
      314,
      676,
      880
    ],
    "1007.4184": [
      28801
    ],
    "1007.5114": [
      442
    ],
    "1007.5196": [
      17538
    ],
    "1008.0125": [
      2760,
      3029,
      4279,
      4369,
      4370,
      4380
    ],
    "1008.0331": [
      4878,
      8795,
      12343
    ],
    "1008.1064": [
      1149
    ],
    "1008.1438": [
      7769,
      7778
    ],
    "1008.1720": [
      952,
      962
    ],
    "1008.2910": [
      367
    ],
    "1009.0915": [
      1109
    ],
    "1009.1416": [
      3719
    ],
    "1902.03448v2": [
      25452
    ],
    "2206.03530v1": [
      7045
    ],
    "2407.02166v1": [
      7241
    ],
    "2412.16036v2": [
      3624
    ],
    "2504.16662v1": [
      673
    ],
    "2506.16377v1": [
      1248
    ],
    "2508.15059v1": [
      1790
    ],
    "2509.02304v1": [
      524
    ],
    "2509.21610v1": [
      227
    ],
    "2510.12969v1": [
      1757
    ],
    "2510.14164v1": [
      448
    ],
    "2510.25336v1": [
      15100
    ],
    "2511.14374v1": [
      11921
    ]
  }
}