{
  "18752": {
    "0704.0061": [
      3351
    ],
    "0704.2529": [
      1562
    ],
    "0704.2984": [
      1792
    ],
    "0705.0460": [
      3424
    ],
    "0705.0466": [
      1534
    ],
    "0705.1012": [
      1785
    ],
    "0706.2374": [
      3308
    ],
    "0707.2556": [
      11450
    ],
    "0707.3584": [
      152
    ],
    "0707.4358": [
      2642
    ],
    "0812.5104": [
      19169
    ],
    "0901.0286": [
      1657
    ],
    "0901.1209": [
      143
    ],
    "0901.1355": [
      1131
    ],
    "0901.2001": [
      1474
    ],
    "0901.2873": [
      1724
    ],
    "0902.2084": [
      1256
    ],
    "0902.2597": [
      592
    ],
    "1007.3295": [
      1156
    ],
    "1008.2734": [
      15509
    ],
    "1008.4544": [
      1065
    ],
    "1008.4679": [
      1773
    ],
    "1009.0131": [
      2846,
      3037
    ],
    "1009.0605": [
      4070
    ],
    "2503.19884v2": [
      3103
    ],
    "2508.04319v1": [
      2548
    ],
    "2508.06416v1": [
      183
    ],
    "2509.06886v2": [
      963
    ],
    "2509.12762v2": [
      2317
    ],
    "2509.21467v1": [
      8503
    ],
    "2510.11828v1": [
      2186
    ],
    "2510.24401v1": [
      1180
    ],
    "2511.14686v1": [
      3194
    ]
  }
}