{
  "29268": {
    "0704.2648": [
      1314
    ],
    "0705.1299": [
      3956
    ],
    "0705.3470": [
      3192
    ],
    "0705.4040": [
      3374
    ],
    "0706.1293": [
      499
    ],
    "0706.2639": [
      3283
    ],
    "0707.2401": [
      1999
    ],
    "0812.4894": [
      3185
    ],
    "0902.2713": [
      12
    ],
    "0902.2846": [
      4465,
      4674,
      4683,
      4698
    ],
    "1007.2677": [
      1764
    ],
    "1008.1129": [
      1006
    ],
    "1008.4022": [
      1185
    ],
    "1008.4280": [
      3985
    ],
    "2009.13156v1": [
      391,
      4685,
      4708
    ],
    "2105.15108v1": [
      3364
    ],
    "2208.08849v1": [
      3702
    ],
    "2501.09724v1": [
      810,
      1189,
      1773,
      1872,
      1887,
      2494,
      2740,
      3261,
      3349,
      3924,
      4860,
      5252,
      5973,
      6016,
      6023,
      6027,
      6032,
      6085,
      6137
    ],
    "2501.18346v1": [
      512,
      1548,
      3986,
      4011,
      4015
    ],
    "2506.21919v2": [
      5399
    ],
    "2507.03838v1": [
      5724,
      5755
    ],
    "2510.06939v1": [
      4502
    ],
    "2510.12869v1": [
      8555
    ]
  }
}