{
  "15308": {
    "0704.0360": [
      421,
      551
    ],
    "0704.0970": [
      2115
    ],
    "0704.3956": [
      441
    ],
    "0707.0758": [
      670
    ],
    "0901.4233": [
      804,
      837,
      1916,
      2248,
      2980
    ],
    "1007.1959": [
      560,
      2447
    ],
    "1007.2147": [
      2668,
      2903
    ],
    "1008.0771": [
      14633,
      17338,
      17350,
      17374,
      18005,
      18052,
      18276,
      18358
    ],
    "1706.08983v1": [
      780,
      810,
      1958
    ],
    "1904.08266v1": [
      4327
    ],
    "1905.09576v1": [
      248
    ],
    "1909.03768v1": [
      3911,
      3940
    ],
    "1909.13578v1": [
      1695
    ],
    "2002.08756v1": [
      1989
    ],
    "2004.00079v1": [
      516
    ],
    "2007.00607v3": [
      2176
    ],
    "2007.11363v2": [
      5015,
      8401
    ],
    "2009.08779v1": [
      429
    ],
    "2109.04189v1": [
      2158,
      2302,
      2393
    ],
    "2202.09004v1": [
      10787
    ],
    "2206.03807v1": [
      3401
    ],
    "2206.13827v1": [
      1124
    ],
    "2208.06965v3": [
      2388
    ],
    "2301.08773v1": [
      315,
      466,
      941,
      3106,
      3110,
      3324,
      3828
    ],
    "2305.11660v1": [
      1942
    ],
    "2308.06977v1": [
      2220,
      2229
    ],
    "2402.11172v1": [
      1251
    ],
    "2405.08951v1": [
      4041
    ],
    "2408.06595v1": [
      775
    ],
    "2408.15869v2": [
      388,
      2706
    ],
    "2409.03484v1": [
      4399,
      4594
    ],
    "2412.15930v1": [
      1888
    ],
    "2504.00913v2": [
      3655
    ],
    "2508.17039v1": [
      530
    ],
    "2510.04222v1": [
      9178
    ]
  }
}