{
  "51433": {
    "0704.0171": [
      1111
    ],
    "0704.1281": [
      1724
    ],
    "0704.2636": [
      1370
    ],
    "0704.2649": [
      975,
      976,
      1046,
      1047
    ],
    "0704.3910": [
      1402
    ],
    "0705.1605": [
      1397,
      1402
    ],
    "0705.2471": [
      1651,
      1659
    ],
    "0705.2563": [
      718
    ],
    "0706.3023": [
      974
    ],
    "0706.4351": [
      2087
    ],
    "0706.4453": [
      3187,
      3190
    ],
    "0706.4479": [
      734,
      736
    ],
    "0707.0749": [
      653
    ],
    "0707.0832": [
      2608,
      2612
    ],
    "0707.1656": [
      1106
    ],
    "0707.1707": [
      8703
    ],
    "0707.3279": [
      511
    ],
    "0707.4498": [
      1739
    ],
    "0812.4706": [
      3063
    ],
    "0812.4745": [
      5469,
      5484
    ],
    "0901.2187": [
      2578
    ],
    "0902.0245": [
      1392,
      1396
    ],
    "0902.2986": [
      1572
    ],
    "1007.2451": [
      5088
    ],
    "1007.4176": [
      2059
    ],
    "1008.1072": [
      4485
    ],
    "1008.3636": [
      3566
    ],
    "1008.5230": [
      31,
      32,
      33,
      34
    ],
    "1009.0619": [
      1928
    ],
    "2203.15886v1": [
      1276
    ],
    "2203.16433v2": [
      9502
    ],
    "2211.14415v2": [
      9
    ],
    "2408.13319v1": [
      6478
    ],
    "2502.01318v3": [
      2089
    ],
    "2510.12410v1": [
      1055
    ],
    "2510.21577v1": [
      5528
    ]
  },
  "24756": {
    "0705.1064": [
      4915
    ],
    "0705.1129": [
      2062,
      2117,
      2167,
      2179,
      2319,
      2331,
      2343,
      2448,
      2497,
      2511,
      2559,
      2574,
      2626,
      2628,
      2655,
      2667,
      2679,
      3247,
      3879,
      4128,
      4546,
      5070,
      5895,
      6654,
      6717,
      6761,
      6798,
      6859,
      8253,
      8278,
      8405,
      8438
    ],
    "0705.1220": [
      394,
      402,
      408
    ],
    "0707.0622": [
      513
    ],
    "0707.2257": [
      597
    ],
    "0707.2760": [
      4447
    ],
    "0707.3972": [
      13819,
      19063
    ],
    "0812.4156": [
      3329
    ],
    "0901.0992": [
      396
    ],
    "0901.4399": [
      10480
    ],
    "0901.4696": [
      1930
    ],
    "0902.0306": [
      1919
    ],
    "0902.1733": [
      241
    ],
    "0902.1835": [
      1982
    ],
    "1007.1733": [
      2445,
      2507,
      2510
    ],
    "1007.5386": [
      10081
    ],
    "1008.1459": [
      7748
    ],
    "2111.12369v1": [
      2295
    ]
  }
}