{
  "51855": {
    "0704.2420": [
      3691
    ],
    "0704.3099": [
      1184,
      1216
    ],
    "0704.3581": [
      1350
    ],
    "0704.3791": [
      1280
    ],
    "0705.1248": [
      24964
    ],
    "0705.3722": [
      1945,
      1951,
      1953,
      1962,
      1973,
      2008
    ],
    "0705.4324": [
      256,
      5993
    ],
    "0706.1535": [
      3574
    ],
    "0706.2595": [
      1424
    ],
    "0706.3608": [
      831
    ],
    "0707.2158": [
      2087
    ],
    "0707.3603": [
      2287
    ],
    "0707.4066": [
      245
    ],
    "0901.0171": [
      2663,
      2704
    ],
    "0901.1141": [
      1514
    ],
    "0901.1953": [
      4846
    ],
    "0901.3038": [
      1784,
      1785,
      2033,
      2247,
      2374,
      2441,
      2447,
      2456,
      2487,
      2494,
      2517,
      3815,
      4174,
      4176,
      4187,
      5509,
      5511,
      5521,
      7859,
      7861,
      7872,
      8217,
      8219,
      8230
    ],
    "0901.4168": [
      206,
      4330
    ],
    "0902.1463": [
      1182
    ],
    "1007.3568": [
      3324
    ],
    "1007.4133": [
      374,
      2261
    ],
    "1007.4492": [
      1343
    ],
    "1008.0616": [
      18660,
      18662
    ],
    "1008.0809": [
      3606
    ],
    "1008.0846": [
      1782
    ],
    "1008.1414": [
      1819
    ],
    "1008.2374": [
      156
    ],
    "1008.2528": [
      2287,
      2305,
      2318
    ],
    "1008.4705": [
      1202,
      1363,
      1366,
      1447,
      1449,
      1727,
      1730
    ],
    "1009.0409": [
      4745,
      4755,
      4769
    ],
    "1009.0485": [
      1390,
      1416,
      1439,
      1450,
      1461,
      1472,
      1473,
      1612
    ],
    "1009.1322": [
      868
    ],
    "1009.1436": [
      4069
    ],
    "1803.06066v1": [
      1489
    ],
    "2003.04013v1": [
      3255
    ]
  }
}