{
  "20892": {
    "0704.0721": [
      2961
    ],
    "0704.1919": [
      4822
    ],
    "0704.1980": [
      2930
    ],
    "0704.2094": [
      264,
      2156,
      2195
    ],
    "0704.2485": [
      15
    ],
    "0704.3181": [
      6233
    ],
    "0704.3191": [
      2381
    ],
    "0705.0176": [
      1724,
      2004,
      2013,
      2019,
      2143
    ],
    "0705.0615": [
      5317
    ],
    "0705.0847": [
      1685
    ],
    "0705.1011": [
      2695
    ],
    "0705.1792": [
      9829
    ],
    "0705.1973": [
      4122
    ],
    "0705.4602": [
      4460
    ],
    "0706.2874": [
      5410
    ],
    "0706.3752": [
      2249
    ],
    "0707.0851": [
      2783
    ],
    "0707.3079": [
      3634
    ],
    "0708.0211": [
      7616
    ],
    "0812.4967": [
      7014
    ],
    "0901.0031": [
      7214
    ],
    "0901.0764": [
      3755,
      5895
    ],
    "0901.1404": [
      91
    ],
    "0901.4124": [
      4882
    ],
    "0902.2268": [
      103,
      1895,
      2083
    ],
    "1007.1362": [
      215,
      1693
    ],
    "1007.1611": [
      2921,
      3014
    ],
    "1007.2121": [
      2360
    ],
    "1007.3689": [
      1622,
      1633
    ],
    "1007.3808": [
      1437
    ],
    "1007.4052": [
      1326
    ],
    "1008.0969": [
      1356
    ],
    "1008.1556": [
      3613
    ],
    "1008.3599": [
      2250
    ],
    "1008.3784": [
      3209
    ],
    "1008.4270": [
      243,
      244,
      1683,
      1684,
      1697,
      1698
    ],
    "1008.4801": [
      2154
    ],
    "1009.1137": [
      1943
    ],
    "1803.05370v3": [
      11793
    ],
    "1902.03448v2": [
      21104,
      21616
    ],
    "1907.07151v2": [
      6246
    ],
    "2003.05521v1": [
      5574,
      5821,
      6113
    ],
    "2010.07049v1": [
      3501
    ],
    "2108.01435v2": [
      29582,
      29628
    ],
    "2111.06341v4": [
      3463
    ],
    "2206.00634v1": [
      9316,
      11387
    ],
    "2210.07159v3": [
      8622
    ],
    "2301.02452v1": [
      3835
    ],
    "2301.11177v2": [
      3662
    ],
    "2303.11810v1": [
      6527,
      6547
    ],
    "2403.16280v1": [
      3164
    ],
    "2405.10430v3": [
      5685,
      5877
    ],
    "2406.08376v1": [
      5321,
      5342,
      5459
    ],
    "2408.15025v1": [
      2765
    ],
    "2409.06737v2": [
      7768
    ],
    "2501.03280v1": [
      1395,
      1432,
      1927
    ],
    "2501.10528v1": [
      4215,
      4537
    ],
    "2502.14481v1": [
      3852,
      3863
    ],
    "2503.13824v1": [
      4374
    ],
    "2503.17249v1": [
      5112
    ],
    "2504.04177v1": [
      577
    ],
    "2505.11408v1": [
      3125,
      3144
    ],
    "2506.12423v2": [
      2455,
      2687
    ],
    "2507.01391v1": [
      5792,
      5858
    ],
    "2507.14634v2": [
      3577
    ],
    "2508.10330v1": [
      6691
    ],
    "2508.11552v2": [
      6171
    ],
    "2509.11945v1": [
      598,
      732,
      3569,
      3607,
      3611
    ],
    "2509.18972v1": [
      3239,
      5703,
      6072,
      6076,
      6080
    ],
    "2509.19603v1": [
      3774
    ],
    "2509.25305v1": [
      10489,
      10697
    ],
    "2510.05763v1": [
      2014
    ],
    "2510.06312v1": [
      2978,
      2982
    ],
    "2510.12203v1": [
      21880
    ],
    "2510.27619v1": [
      7434
    ],
    "2511.10785v1": [
      25159
    ]
  }
}