{
  "18128": {
    "0704.0281": [
      205
    ],
    "0704.0890": [
      1196
    ],
    "0704.1255": [
      43
    ],
    "0704.1904": [
      25,
      1003
    ],
    "0704.1928": [
      215
    ],
    "0704.3369": [
      1578,
      1618,
      1694,
      1697,
      1709,
      1720,
      1737,
      2615
    ],
    "0705.0540": [
      1801
    ],
    "0705.2936": [
      881
    ],
    "0705.2953": [
      4048
    ],
    "0705.3182": [
      525
    ],
    "0705.3381": [
      349
    ],
    "0705.3421": [
      409
    ],
    "0705.3507": [
      994
    ],
    "0705.3971": [
      1237
    ],
    "0706.1352": [
      2755
    ],
    "0706.2140": [
      1369
    ],
    "0706.2203": [
      2089
    ],
    "0706.2256": [
      3685
    ],
    "0706.2291": [
      103
    ],
    "0706.2614": [
      330,
      348,
      469
    ],
    "0706.3230": [
      1134
    ],
    "0706.3652": [
      187
    ],
    "0706.4103": [
      5770
    ],
    "0707.0769": [
      176
    ],
    "0707.2783": [
      9830,
      9898,
      10172,
      10221
    ],
    "0708.0251": [
      302
    ],
    "0901.0255": [
      590
    ],
    "0901.0403": [
      638
    ],
    "0901.0593": [
      3498
    ],
    "0901.0767": [
      241
    ],
    "0901.1788": [
      2431
    ],
    "0901.2041": [
      1521
    ],
    "0901.2380": [
      803
    ],
    "0901.3406": [
      94
    ],
    "0901.3447": [
      2222
    ],
    "0901.4029": [
      2270
    ],
    "0901.4600": [
      2800
    ],
    "0902.3180": [
      1428
    ],
    "1007.0810": [
      229
    ],
    "1007.1817": [
      1325
    ],
    "1007.2464": [
      151
    ],
    "1007.5304": [
      1063
    ],
    "1008.1546": [
      2415
    ],
    "1008.1756": [
      2161
    ],
    "1008.1849": [
      1071
    ],
    "1008.3789": [
      1977
    ],
    "1008.4305": [
      3800
    ],
    "1008.4696": [
      1180
    ],
    "1008.4704": [
      243
    ],
    "1008.5040": [
      281,
      1428
    ],
    "1008.5044": [
      3206
    ],
    "1009.0348": [
      3435
    ],
    "1009.0659": [
      4678
    ],
    "1009.1153": [
      788
    ],
    "1705.09197v1": [
      1001,
      1778
    ],
    "1706.04905v1": [
      532,
      3004
    ],
    "1807.11371v1": [
      542
    ],
    "1901.03748v1": [
      484
    ],
    "2208.05222v2": [
      1249
    ],
    "2302.09635v1": [
      1164
    ],
    "2503.24052v1": [
      168
    ],
    "2504.08521v1": [
      541
    ],
    "2511.01511v1": [
      2021
    ],
    "2511.05181v1": [
      825,
      858,
      871,
      2535,
      2565
    ],
    "2511.11358v1": [
      2872
    ]
  },
  "40916": {
    "0706.4235": [
      1418
    ],
    "0707.3009": [
      1888
    ],
    "2508.20172v1": [
      4697,
      6911
    ]
  }
}