{
  "13111": {
    "0704.1212": [
      1721
    ],
    "0704.1235": [
      1384
    ],
    "0704.2736": [
      404
    ],
    "0705.0113": [
      211
    ],
    "0705.1730": [
      9610,
      10309,
      39775
    ],
    "0705.1791": [
      1374
    ],
    "0705.1951": [
      2465
    ],
    "0705.2056": [
      310
    ],
    "0705.2376": [
      1870
    ],
    "0705.2453": [
      763
    ],
    "0705.2456": [
      934
    ],
    "0705.2458": [
      1079
    ],
    "0705.2910": [
      2182
    ],
    "0705.4315": [
      4004
    ],
    "0705.4512": [
      4174,
      4478,
      11380,
      21112,
      25529
    ],
    "0706.0457": [
      1954
    ],
    "0706.0513": [
      1180
    ],
    "0706.2335": [
      500
    ],
    "0706.2553": [
      2311
    ],
    "0706.2572": [
      3065,
      12716,
      13679
    ],
    "0706.2625": [
      10784
    ],
    "0706.2966": [
      6596
    ],
    "0706.3148": [
      116,
      702
    ],
    "0706.3190": [
      3217
    ],
    "0706.3238": [
      455
    ],
    "0707.1333": [
      40,
      3644
    ],
    "0707.2971": [
      1275
    ],
    "0707.3203": [
      5771
    ],
    "0707.3559": [
      14463
    ],
    "0707.3921": [
      135,
      418
    ],
    "0812.4390": [
      3129
    ],
    "0901.0406": [
      849
    ],
    "0901.0967": [
      345
    ],
    "0901.1756": [
      717
    ],
    "0901.1799": [
      1582
    ],
    "0901.2199": [
      211
    ],
    "0901.2860": [
      152
    ],
    "0901.3453": [
      868
    ],
    "0902.0357": [
      1787
    ],
    "0902.0374": [
      935
    ],
    "0902.1177": [
      715
    ],
    "0902.1530": [
      1315
    ],
    "1007.1328": [
      1475
    ],
    "1007.2755": [
      530
    ],
    "1007.3224": [
      1613
    ],
    "1007.3233": [
      3357
    ],
    "1007.3564": [
      214,
      1387
    ],
    "1008.5049": [
      2789
    ],
    "1009.0390": [
      4516
    ],
    "1705.05535v2": [
      3550
    ],
    "1707.01862v1": [
      2567
    ],
    "1709.01219v1": [
      1810
    ],
    "1802.02256v2": [
      1244
    ],
    "1911.02765v3": [
      2658
    ],
    "2002.03247v3": [
      758,
      2150
    ],
    "2009.11826v3": [
      386
    ],
    "2101.00040v2": [
      4944
    ],
    "2111.05332v1": [
      3859
    ],
    "2207.14618v1": [
      2951,
      2959
    ],
    "2210.09072v1": [
      1062
    ],
    "2307.12411v2": [
      1609,
      3023,
      4083
    ],
    "2312.04387v1": [
      5151
    ],
    "2401.16211v2": [
      1189
    ],
    "2402.00614v1": [
      3722
    ],
    "2402.18691v1": [
      1395
    ],
    "2403.14182v1": [
      6912
    ],
    "2404.02603v1": [
      2430
    ],
    "2408.01591v1": [
      260
    ],
    "2409.06737v2": [
      2631,
      3282
    ],
    "2409.14129v1": [
      743,
      927
    ],
    "2410.08550v1": [
      3642
    ],
    "2412.01873v1": [
      2427,
      2457
    ],
    "2412.14659v1": [
      4284
    ],
    "2509.10883v1": [
      4237,
      7989,
      9227,
      15569,
      36081,
      52565
    ],
    "2510.27372v2": [
      2694
    ]
  },
  "17401": {
    "0704.2232": [
      6532
    ],
    "0704.3159": [
      240,
      250,
      425
    ],
    "0705.0963": [
      2082
    ],
    "0705.2985": [
      53,
      313,
      1914,
      1997
    ],
    "0706.1777": [
      3314,
      3334,
      3339,
      3472
    ],
    "0706.2061": [
      1417
    ],
    "0706.2955": [
      418
    ],
    "0707.0834": [
      8156
    ],
    "0707.1262": [
      6514,
      6533
    ],
    "0707.2306": [
      1745
    ],
    "0707.3319": [
      6650
    ],
    "0707.4293": [
      5509
    ],
    "0812.4551": [
      2733
    ],
    "0901.1465": [
      441
    ],
    "0901.3509": [
      497
    ],
    "0902.0255": [
      744
    ],
    "0902.1579": [
      1895
    ],
    "0902.3098": [
      6,
      192,
      251,
      468
    ],
    "1007.2204": [
      1604
    ],
    "1007.3494": [
      565,
      3558,
      5285
    ],
    "1007.5055": [
      1887
    ],
    "1008.2167": [
      355
    ],
    "1008.3374": [
      3356
    ],
    "1008.3434": [
      25373
    ],
    "2007.07699v2": [
      7788,
      7808
    ],
    "2010.00699v3": [
      8366
    ],
    "2108.09607v1": [
      2905
    ],
    "2509.24954v1": [
      2845
    ]
  },
  "38831": {
    "0704.2288": [
      1176
    ],
    "0705.1895": [
      4605
    ],
    "0902.1616": [
      995
    ]
  },
  "31759": {
    "0705.0963": [
      1744
    ],
    "0705.2985": [
      3360,
      3426
    ],
    "0902.3048": [
      439,
      2442
    ]
  },
  "44534": {
    "0706.1019": [
      1953
    ],
    "0901.2922": [
      1354
    ]
  },
  "44532": {
    "0706.1611": [
      4106
    ],
    "0901.3412": [
      820
    ]
  },
  "44533": {
    "0901.1136": [
      2396
    ]
  },
  "44535": {
    "0901.1387": [
      324
    ]
  }
}