{
  "27426": {
    "1801.09513v1": [
      2894
    ],
    "1803.05370v3": [
      12371
    ],
    "2007.05827v1": [
      4584
    ],
    "2101.04234v3": [
      5450
    ],
    "2306.09645v1": [
      6610
    ],
    "2405.20449v1": [
      4854
    ],
    "2408.02338v1": [
      3417
    ],
    "2410.13243v1": [
      1817
    ],
    "2511.05056v1": [
      505
    ]
  }
}