{
  "21404": {
    "0704.0672": [
      1666
    ],
    "0704.0937": [
      8
    ],
    "0704.1111": [
      4277
    ],
    "0704.3446": [
      5473
    ],
    "0704.3894": [
      9
    ],
    "0705.2394": [
      11
    ],
    "0706.0318": [
      968,
      987
    ],
    "0706.1378": [
      1406,
      1415
    ],
    "0706.2465": [
      13
    ],
    "0706.3559": [
      2625
    ],
    "0706.3587": [
      4242
    ],
    "0707.1941": [
      1247,
      1256
    ],
    "0707.3550": [
      972,
      975
    ],
    "0707.3564": [
      1011
    ],
    "0707.3786": [
      2147,
      2152,
      2155
    ],
    "0707.4010": [
      2815
    ],
    "0812.4738": [
      2722,
      2735,
      2742,
      2757,
      2880
    ],
    "0812.4856": [
      1565
    ],
    "0901.0436": [
      3349
    ],
    "0901.1439": [
      2019
    ],
    "0901.1509": [
      1380
    ],
    "0901.2589": [
      873
    ],
    "0902.2209": [
      2170
    ],
    "0902.3175": [
      2561
    ],
    "1007.1137": [
      2748
    ],
    "1007.1233": [
      1575,
      1590
    ],
    "1007.1942": [
      5415
    ],
    "1007.3769": [
      7202,
      7219
    ],
    "1007.3956": [
      4757,
      4853
    ],
    "1007.4122": [
      4080
    ],
    "1007.4324": [
      1813
    ],
    "1007.5250": [
      1672
    ],
    "1008.0019": [
      3369
    ],
    "1008.0642": [
      2419
    ],
    "1008.1066": [
      6115
    ],
    "1008.2123": [
      1015
    ],
    "1008.3041": [
      900
    ],
    "1008.4421": [
      1726,
      1740,
      1929
    ],
    "1008.4792": [
      883
    ],
    "1008.4889": [
      2821,
      2829
    ],
    "1009.0720": [
      659
    ],
    "1009.0902": [
      1447
    ],
    "1009.1005": [
      2859
    ],
    "2004.12270v1": [
      3483,
      3512
    ],
    "2106.15843v1": [
      8474
    ],
    "2403.06187v1": [
      5183,
      5289
    ],
    "2511.13030v1": [
      8157
    ]
  }
}