{
  "39728": {
    "2005.10597v1": [
      3339
    ],
    "2205.09265v1": [
      23293
    ]
  }
}