{
  "37690": {
    "0706.2093": [
      399
    ],
    "2110.07559v16": [
      6234
    ],
    "2201.10663v4": [
      3233
    ]
  }
}