{
  "52513": {
    "0704.1518": [
      6023,
      6188,
      6375,
      6843
    ],
    "0704.3276": [
      15234
    ],
    "0705.3965": [
      8834
    ],
    "0706.2206": [
      7809,
      7810,
      7811,
      7820,
      7821,
      7966,
      7967,
      7968,
      7981,
      7982
    ],
    "0812.4963": [
      18
    ],
    "0901.3684": [
      1287
    ],
    "0902.0425": [
      1420
    ],
    "1007.2087": [
      3272,
      3616
    ],
    "1008.4340": [
      1524
    ],
    "1710.06687v1": [
      3988
    ],
    "2110.02681v1": [
      5776
    ],
    "2203.14056v1": [
      1176
    ],
    "2211.10818v1": [
      26992,
      26997
    ],
    "2311.16134v1": [
      2156
    ],
    "2404.14377v1": [
      2048,
      2664,
      2790
    ],
    "2412.04219v1": [
      738,
      3119,
      3130,
      3136,
      3147,
      3153,
      3164,
      3170,
      3181,
      3219,
      3230,
      3236,
      3247,
      3253,
      3264,
      3270,
      3281,
      3370,
      3384,
      3624,
      3654
    ],
    "2505.16825v1": [
      2396
    ],
    "2507.10191v1": [
      607,
      677,
      1346,
      2825,
      2830,
      2835,
      2840,
      2845,
      2850,
      2855,
      2860,
      2969,
      2975,
      3869,
      3886,
      3887,
      3912,
      4077,
      4123,
      4354,
      5413,
      5760,
      5797,
      5815,
      5869,
      6031
    ],
    "2508.14188v1": [
      4517,
      4572,
      4679
    ],
    "2508.20891v2": [
      5395
    ],
    "2509.19158v2": [
      1822
    ]
  }
}