{
  "24427": {
    "0704.0773": [
      2479
    ],
    "0704.1738": [
      2785
    ],
    "0704.2115": [
      3060
    ],
    "0705.4397": [
      23933,
      24169,
      24179,
      24185,
      24482
    ],
    "0706.4383": [
      5295,
      5302,
      5308,
      5438,
      5446
    ],
    "0707.0736": [
      3777
    ],
    "0902.2024": [
      1552,
      1565
    ],
    "0902.3159": [
      1758
    ],
    "1008.4385": [
      3005
    ],
    "1706.08428v2": [
      4286
    ],
    "2212.04149v1": [
      2172
    ],
    "2508.14459v1": [
      3003
    ],
    "2510.10340v2": [
      5193
    ]
  }
}