{
  "26031": {
    "0705.2508": [
      3772,
      3975,
      6230,
      8826,
      9157,
      13681,
      18724,
      18868,
      31143
    ],
    "0706.2024": [
      8
    ],
    "0706.4268": [
      7325
    ],
    "0812.3966": [
      2187
    ],
    "0901.1392": [
      1085
    ],
    "0901.3670": [
      526,
      3419
    ],
    "0902.0952": [
      3984
    ],
    "0902.3013": [
      7949
    ],
    "1007.0813": [
      1594
    ],
    "1007.2628": [
      2970
    ],
    "1007.4997": [
      439
    ],
    "1008.0739": [
      802
    ],
    "2508.14112v2": [
      7138
    ],
    "2511.11833v1": [
      3680
    ]
  }
}