{
  "17073": {
    "0704.0460": [
      1078
    ],
    "0705.0513": [
      290
    ],
    "0705.1805": [
      2869
    ],
    "0706.2022": [
      320
    ],
    "0706.3947": [
      6404
    ],
    "0707.2270": [
      112
    ],
    "0901.0068": [
      225
    ],
    "0901.1493": [
      108
    ],
    "1007.1680": [
      735
    ],
    "1007.1958": [
      1816
    ],
    "1007.2113": [
      5147
    ],
    "1008.2278": [
      2798
    ],
    "1009.0687": [
      1402
    ],
    "1705.07650v1": [
      2165
    ],
    "1705.09564v1": [
      3672
    ],
    "1712.01151v1": [
      2171
    ],
    "1809.04941v1": [
      3788
    ],
    "1811.02786v1": [
      5349
    ],
    "1901.00143v1": [
      5997
    ],
    "1903.00310v1": [
      4097
    ],
    "1908.10326v1": [
      2586,
      4635
    ],
    "1910.02795v2": [
      3842
    ],
    "2003.05521v1": [
      6176
    ],
    "2012.07407v2": [
      6244
    ],
    "2106.15843v1": [
      7750
    ],
    "2108.01945v2": [
      8254,
      8917
    ],
    "2109.07651v1": [
      3844
    ],
    "2112.13017v2": [
      4941
    ],
    "2302.05335v1": [
      5643
    ],
    "2304.05709v1": [
      5999
    ],
    "2306.08773v2": [
      56,
      167,
      318,
      803
    ],
    "2407.07216v1": [
      6599,
      6603
    ],
    "2409.06055v1": [
      757
    ],
    "2411.10874v1": [
      13010
    ],
    "2503.12643v3": [
      7721
    ],
    "2507.08674v2": [
      5046,
      5051
    ],
    "2509.03005v1": [
      1024
    ],
    "2511.04606v1": [
      65
    ],
    "2511.05392v1": [
      4741
    ]
  },
  "14016": {
    "0704.0943": [
      5398,
      5432,
      5453
    ],
    "0705.0688": [
      242,
      445,
      521,
      574,
      649,
      774,
      787,
      825,
      849,
      930,
      996,
      999,
      1006,
      1060,
      1118,
      1159,
      1200,
      1247,
      1319,
      1326,
      1407,
      1707,
      1888,
      1919
    ],
    "0705.1045": [
      17563
    ],
    "0707.0609": [
      7406
    ],
    "0812.4149": [
      190
    ],
    "0812.4870": [
      374
    ],
    "0901.1220": [
      105,
      185,
      214,
      311,
      730,
      1144,
      1203,
      1248,
      1599
    ],
    "1007.2302": [
      569,
      711,
      726,
      748,
      1956,
      2144
    ],
    "1007.5271": [
      494,
      539
    ],
    "1009.1138": [
      2974,
      3951,
      3978,
      3992,
      4004,
      4010,
      4041,
      4110,
      4214,
      4289,
      4356,
      4439,
      4518,
      4523,
      4535,
      4667,
      4679,
      4691,
      4791,
      4822,
      4825,
      4859,
      4937
    ],
    "2509.12298v1": [
      313
    ],
    "2509.15126v1": [
      77,
      636,
      670,
      912,
      931,
      1063,
      1114,
      2449,
      4118
    ],
    "2511.06187v1": [
      3333
    ]
  },
  "25043": {
    "0704.1832": [
      4286
    ],
    "0704.2195": [
      2887
    ],
    "0704.2272": [
      1615
    ],
    "0704.3368": [
      3374
    ],
    "0705.0480": [
      37
    ],
    "0705.0640": [
      1234
    ],
    "0705.2041": [
      6475
    ],
    "0705.2515": [
      1559
    ],
    "0706.0209": [
      1331
    ],
    "0707.1523": [
      8322
    ],
    "0707.2574": [
      1321
    ],
    "0707.2782": [
      6032
    ],
    "0707.2950": [
      5114
    ],
    "0708.0004": [
      7848
    ],
    "0901.0302": [
      2120
    ],
    "0901.0546": [
      5100
    ],
    "0901.2786": [
      6647
    ],
    "0901.3554": [
      6822
    ],
    "0902.0609": [
      4134
    ],
    "0902.0978": [
      292
    ],
    "1007.1237": [
      5502
    ],
    "1007.3260": [
      7795
    ],
    "1007.3596": [
      208
    ],
    "1007.3936": [
      4607
    ],
    "1007.4550": [
      1705
    ],
    "1008.0859": [
      3192
    ],
    "1008.1024": [
      4491
    ],
    "1008.1058": [
      3700
    ],
    "1009.0496": [
      2864
    ],
    "1708.08803v1": [
      5565
    ],
    "1709.03874v1": [
      3444
    ],
    "1710.01323v2": [
      5022
    ],
    "1711.03155v3": [
      2776
    ],
    "1801.08946v2": [
      4912
    ],
    "1803.08829v1": [
      4705
    ],
    "2008.09005v1": [
      7117
    ],
    "2105.06087v1": [
      4760
    ],
    "2105.12745v3": [
      8452
    ],
    "2108.01945v2": [
      10091
    ],
    "2201.00244v1": [
      6734
    ],
    "2205.15644v1": [
      2046
    ],
    "2208.14016v1": [
      141
    ],
    "2212.13046v2": [
      238
    ],
    "2302.06893v2": [
      5311
    ],
    "2306.03776v1": [
      6064
    ],
    "2307.13590v2": [
      1813
    ],
    "2401.17501v1": [
      782
    ],
    "2407.00137v1": [
      4590
    ],
    "2504.21615v2": [
      6588
    ],
    "2508.03932v1": [
      4585
    ],
    "2508.05734v1": [
      3216
    ],
    "2508.09979v1": [
      4729
    ],
    "2508.14208v1": [
      4930
    ],
    "2508.16421v1": [
      8669
    ],
    "2509.05414v1": [
      4059
    ],
    "2509.08118v1": [
      3859
    ],
    "2509.13171v1": [
      343
    ],
    "2509.20473v1": [
      3238
    ],
    "2509.25332v1": [
      7380
    ],
    "2510.06200v1": [
      3700
    ],
    "2510.12658v1": [
      4797
    ],
    "2510.23709v1": [
      4217
    ],
    "2511.07536v1": [
      4923
    ],
    "2511.07590v1": [
      4333
    ],
    "2511.12816v1": [
      2391
    ]
  },
  "20880": {
    "0704.2615": [
      2409,
      2411
    ],
    "0704.2688": [
      1018,
      1019
    ],
    "0705.0476": [
      1314
    ],
    "0902.0051": [
      861
    ],
    "1007.2159": [
      3020,
      3021,
      3081
    ],
    "1009.0463": [
      770
    ],
    "1009.0622": [
      3355,
      3393,
      7504,
      7627
    ],
    "1712.03729v1": [
      230
    ],
    "2109.07666v2": [
      4080
    ],
    "2110.06118v2": [
      3647
    ],
    "2209.12251v1": [
      4982
    ],
    "2210.01061v1": [
      724
    ],
    "2307.12411v2": [
      9194
    ],
    "2402.14685v1": [
      453
    ],
    "2409.02001v1": [
      1889
    ],
    "2502.04504v1": [
      1359
    ],
    "2511.12955v1": [
      321
    ]
  },
  "47273": {
    "0706.2960": [
      541
    ]
  },
  "24544": {
    "0901.2205": [
      886
    ],
    "0901.3172": [
      1360
    ],
    "0902.0748": [
      928,
      1483,
      1526,
      1567,
      1572,
      1573,
      1654,
      1690
    ],
    "1007.4133": [
      215
    ],
    "1007.4288": [
      433
    ],
    "1008.1164": [
      1132
    ],
    "2006.00500v1": [
      1804
    ]
  },
  "47274": {
    "1007.4184": [
      11398
    ]
  },
  "47275": {
    "1009.0535": [
      1280
    ]
  },
  "28478": {
    "1710.07711v2": [
      496,
      1406
    ],
    "1805.01643v4": [
      1960,
      1971
    ],
    "2208.00892v2": [
      7774
    ],
    "2502.02469v1": [
      337,
      872
    ],
    "2508.01234v1": [
      348
    ]
  }
}