{
  "14461": {
    "0704.1672": [
      11
    ],
    "0704.1763": [
      8
    ],
    "0704.1912": [
      236
    ],
    "0704.3079": [
      12
    ],
    "0704.3085": [
      13
    ],
    "0704.3193": [
      3206
    ],
    "0704.3568": [
      10
    ],
    "0705.1951": [
      21135
    ],
    "0705.3035": [
      8
    ],
    "0706.0083": [
      784
    ],
    "0706.0991": [
      2790
    ],
    "0706.1527": [
      1079
    ],
    "0707.0300": [
      6018,
      6030
    ],
    "0707.1332": [
      2316
    ],
    "0707.4565": [
      2049
    ],
    "0707.4613": [
      50
    ],
    "0708.0032": [
      5694
    ],
    "0708.0039": [
      702
    ],
    "0901.0923": [
      6
    ],
    "0901.0971": [
      6851
    ],
    "0901.1235": [
      10
    ],
    "0901.2402": [
      28
    ],
    "0902.0340": [
      9
    ],
    "0902.1693": [
      5570
    ],
    "0902.1970": [
      3205
    ],
    "1007.2640": [
      3049
    ],
    "1007.3028": [
      8,
      228,
      690,
      1083,
      1574,
      1999,
      2414,
      2891,
      3231
    ],
    "1007.4539": [
      43
    ],
    "1008.0751": [
      7278
    ],
    "1008.1011": [
      12
    ],
    "1008.2765": [
      5
    ],
    "1008.2770": [
      10
    ],
    "1008.3561": [
      22177
    ],
    "1008.3707": [
      20
    ],
    "1008.4683": [
      9
    ],
    "1008.5047": [
      4289,
      4308
    ],
    "1009.0285": [
      268
    ],
    "1009.0384": [
      1552
    ],
    "1009.0727": [
      119
    ],
    "1009.0923": [
      1297
    ],
    "1803.00551v1": [
      39
    ],
    "1804.02359v1": [
      13
    ],
    "1806.07030v1": [
      7478
    ],
    "2002.10057v1": [
      4590
    ],
    "2003.09965v1": [
      2546
    ],
    "2005.06426v1": [
      42,
      130
    ],
    "2011.07634v1": [
      23
    ],
    "2012.06116v1": [
      36895,
      41479,
      42314
    ],
    "2103.13232v1": [
      7249
    ],
    "2109.04189v1": [
      24
    ],
    "2203.06285v2": [
      27,
      3107
    ],
    "2208.10447v2": [
      3163
    ],
    "2301.07219v5": [
      12990
    ],
    "2302.05588v1": [
      5827
    ],
    "2311.03720v1": [
      6764
    ],
    "2401.07134v1": [
      28
    ],
    "2406.16230v2": [
      38
    ],
    "2410.23157v1": [
      3747
    ],
    "2507.13213v1": [
      79
    ],
    "2510.09130v1": [
      35
    ],
    "2510.21070v1": [
      586
    ]
  },
  "39505": {
    "0704.3974": [
      357
    ],
    "0705.0530": [
      23
    ],
    "0902.0515": [
      116
    ],
    "1007.2846": [
      3794
    ],
    "1007.2961": [
      9648
    ],
    "1008.3914": [
      27
    ],
    "2511.12356v1": [
      712,
      744
    ]
  },
  "25520": {
    "0706.0260": [
      1506
    ],
    "0706.4097": [
      8,
      162,
      483,
      776,
      967,
      1131,
      1323,
      1582,
      1874
    ],
    "0901.1335": [
      1466,
      1468
    ]
  },
  "39504": {
    "1007.2444": [
      2548,
      2581
    ]
  }
}