{
  "36269": {
    "0705.1605": [
      266,
      921
    ],
    "0902.1089": [
      8293
    ]
  },
  "29421": {
    "0705.4236": [
      176
    ],
    "0706.3263": [
      279,
      1950
    ],
    "0707.0195": [
      1860
    ],
    "0812.5111": [
      14
    ],
    "0901.2971": [
      1066
    ],
    "1007.2453": [
      3699
    ],
    "2012.00568v1": [
      2801
    ],
    "2208.00892v2": [
      13680
    ],
    "2511.14710v1": [
      1220,
      8603
    ]
  }
}