{
  "30720": {
    "0705.2310": [
      2280
    ],
    "0707.3346": [
      1288
    ],
    "1007.2146": [
      3439
    ],
    "1912.10879v1": [
      6941
    ],
    "2103.03957v2": [
      438
    ],
    "2110.06111v1": [
      10134
    ]
  }
}