{
  "52129": {
    "0704.0458": [
      1431
    ],
    "0704.0684": [
      4333
    ],
    "0704.0707": [
      74,
      1306
    ],
    "0704.0950": [
      148
    ],
    "0704.3261": [
      172,
      2141,
      2157,
      2187,
      2219,
      2243,
      2271,
      2282,
      2365,
      2379,
      2500,
      2656,
      2702,
      2782,
      4068,
      4079
    ],
    "0704.3466": [
      415
    ],
    "0705.0702": [
      741,
      5548
    ],
    "0705.1323": [
      511,
      2789
    ],
    "0705.1427": [
      182,
      1517,
      1529,
      1560,
      1748
    ],
    "0705.1730": [
      33171
    ],
    "0705.1951": [
      5941,
      13853
    ],
    "0705.2741": [
      344,
      763,
      988
    ],
    "0705.2908": [
      1823
    ],
    "0705.3222": [
      8312
    ],
    "0705.3245": [
      473,
      524,
      557,
      953,
      1026,
      1067
    ],
    "0705.4534": [
      1641
    ],
    "0707.0469": [
      2671,
      3077
    ],
    "0707.2004": [
      2413
    ],
    "0707.2062": [
      2099
    ],
    "0707.2312": [
      64
    ],
    "0708.0176": [
      389
    ],
    "0901.0489": [
      207,
      369,
      2555,
      2672
    ],
    "0901.1282": [
      4780
    ],
    "0901.1826": [
      466,
      489
    ],
    "0902.0117": [
      216
    ],
    "0902.0990": [
      4004,
      4141,
      4199,
      4208,
      4211,
      4224,
      4415,
      4493,
      4707,
      5002
    ],
    "0902.0996": [
      220,
      488
    ],
    "0902.1000": [
      19749,
      21045
    ],
    "0902.2188": [
      740
    ],
    "1007.1015": [
      2720
    ],
    "1007.2087": [
      42,
      200,
      371,
      3260
    ],
    "1007.2559": [
      1197
    ],
    "1007.4931": [
      15847
    ],
    "1008.0612": [
      415,
      445,
      469,
      548,
      662,
      720
    ],
    "1008.1218": [
      371
    ],
    "1008.1602": [
      2361
    ],
    "1008.2144": [
      13394
    ],
    "1008.3268": [
      2918,
      2922
    ],
    "1008.3602": [
      973,
      979,
      985,
      987,
      1004,
      1030
    ],
    "1008.4908": [
      15771
    ],
    "1008.4983": [
      1842
    ],
    "1009.0049": [
      1132
    ],
    "1009.1459": [
      1993
    ],
    "2110.03587v2": [
      3559
    ],
    "2305.03478v1": [
      1155,
      2785
    ],
    "2509.10883v1": [
      83873,
      92777
    ],
    "2510.09091v1": [
      2065
    ],
    "2510.16737v1": [
      4876,
      4942
    ],
    "2511.02476v1": [
      388,
      389,
      527,
      569,
      746,
      868,
      1438,
      1549,
      1944,
      2076,
      2090
    ]
  },
  "45524": {
    "0704.3835": [
      4771
    ]
  }
}