{
  "28809": {
    "0704.3263": [
      2797
    ],
    "0704.3632": [
      1497
    ],
    "0704.3854": [
      1642
    ],
    "0704.3858": [
      4018
    ],
    "0705.0336": [
      13,
      1230
    ],
    "0706.3514": [
      1564
    ],
    "0707.0971": [
      1168
    ],
    "0812.5000": [
      1196
    ],
    "0901.3492": [
      3463
    ],
    "0901.4103": [
      5600
    ],
    "0901.4499": [
      1125
    ],
    "0902.1834": [
      3923
    ],
    "1008.2132": [
      7791,
      8189,
      8193
    ],
    "1008.3760": [
      7031
    ],
    "1008.5186": [
      2157
    ],
    "1008.5363": [
      3096
    ],
    "1009.0429": [
      1613
    ],
    "1704.02336v2": [
      1261,
      1908,
      5685,
      5702
    ],
    "2205.09265v1": [
      26181
    ],
    "2405.12627v1": [
      5068
    ],
    "2508.12585v1": [
      3367
    ],
    "2509.07104v1": [
      3242,
      12718
    ],
    "2509.20202v3": [
      11535
    ],
    "2510.04222v1": [
      15488
    ],
    "2510.15453v1": [
      5205
    ],
    "2511.12190v2": [
      5942
    ]
  }
}