{
  "53537": {
    "0704.2699": [
      1098
    ],
    "0705.3684": [
      1523
    ],
    "0705.4094": [
      680
    ],
    "0707.3448": [
      3000
    ],
    "0902.0056": [
      427
    ],
    "0902.2888": [
      53,
      1235,
      1410,
      1416,
      1465,
      2110,
      2124,
      5343,
      5358,
      5376
    ],
    "1007.1529": [
      662,
      4260,
      4274,
      4291
    ],
    "1007.3036": [
      1565
    ],
    "1007.3747": [
      2840
    ],
    "1008.3461": [
      2900
    ],
    "1008.4776": [
      2683
    ],
    "1008.5356": [
      4128
    ],
    "1909.01342v1": [
      1969
    ],
    "2508.09970v2": [
      2754
    ]
  },
  "37671": {
    "0705.4397": [
      21764
    ],
    "0706.2919": [
      484
    ],
    "0902.0368": [
      4178
    ]
  }
}