{
  "23117": {
    "0704.0730": [
      1591,
      1821
    ],
    "0705.1939": [
      995,
      1635,
      2184,
      3562,
      3709
    ],
    "0705.3766": [
      2419
    ],
    "0706.0550": [
      3412,
      3420,
      3429,
      3433,
      3489,
      3492,
      3536,
      3544
    ],
    "0707.2885": [
      1006
    ],
    "0902.1736": [
      317,
      3727
    ],
    "1007.3341": [
      448,
      1841
    ]
  },
  "39416": {
    "0705.3147": [
      1779
    ],
    "0706.0476": [
      141
    ],
    "1812.11215v1": [
      889
    ],
    "2007.14743v2": [
      58
    ],
    "2009.00327v3": [
      52
    ],
    "2108.04067v2": [
      28
    ],
    "2109.07200v4": [
      66
    ],
    "2202.10096v4": [
      63
    ],
    "2205.03578v2": [
      57
    ],
    "2411.12490v3": [
      51
    ]
  }
}