{
  "20571": {
    "0704.1129": [
      3301,
      4466
    ],
    "0705.3815": [
      93
    ],
    "0706.0437": [
      90
    ],
    "0706.0999": [
      1163,
      1507,
      2517,
      2538,
      2573,
      3042,
      3101,
      3780,
      4107,
      4635,
      5338,
      5528,
      5556,
      5605
    ],
    "0706.2994": [
      1196
    ],
    "0706.3660": [
      450
    ],
    "0707.0739": [
      4446,
      4447,
      5847,
      5850
    ],
    "0707.2508": [
      2016
    ],
    "0901.2051": [
      2817
    ],
    "0902.0355": [
      313
    ],
    "0902.0825": [
      2820
    ],
    "0902.2449": [
      428,
      430
    ],
    "1007.1988": [
      9789
    ],
    "1007.2655": [
      2315
    ],
    "1007.2791": [
      69
    ],
    "1007.2923": [
      1196
    ],
    "1007.3319": [
      2933
    ],
    "1007.4171": [
      5135
    ],
    "1008.0759": [
      3438
    ],
    "1008.0997": [
      2258
    ],
    "1008.4700": [
      162
    ],
    "1009.0014": [
      3128
    ],
    "1009.0747": [
      1701
    ],
    "1009.1138": [
      8320,
      8336
    ],
    "2404.18742v1": [
      1492
    ],
    "2504.11561v1": [
      1555
    ],
    "2505.08567v1": [
      18959
    ],
    "2507.08907v1": [
      2435
    ],
    "2508.20438v1": [
      3988
    ],
    "2509.02858v1": [
      5518
    ],
    "2509.12315v1": [
      4483,
      4496,
      5813
    ],
    "2509.20289v1": [
      4232
    ],
    "2509.22990v1": [
      12464
    ],
    "2510.02834v1": [
      3772
    ],
    "2510.09165v1": [
      7311
    ],
    "2510.18505v1": [
      2510
    ],
    "2511.02068v1": [
      6677
    ],
    "2511.04738v1": [
      4980
    ]
  },
  "23566": {
    "0704.2334": [
      4264,
      4329,
      4351,
      4357,
      4365,
      4373,
      4393,
      4399
    ],
    "0707.3399": [
      513,
      586,
      825,
      841,
      959,
      1169,
      1722,
      1728
    ],
    "0902.3146": [
      3201
    ]
  }
}