{
  "12471": {
    "0704.2030": [
      73304,
      73643,
      73835
    ],
    "0705.2231": [
      599
    ],
    "0706.0867": [
      1319,
      1801
    ],
    "0706.1003": [
      675
    ],
    "0707.1701": [
      2203,
      2454
    ],
    "0708.0028": [
      3000
    ],
    "0901.0045": [
      1430
    ],
    "0901.2165": [
      284
    ],
    "0902.0365": [
      401,
      988,
      1098,
      2382
    ],
    "0902.0742": [
      926,
      964,
      987,
      5356,
      5375,
      5382,
      5385,
      5393,
      5449,
      5463,
      5520,
      5551,
      5586,
      5597,
      5605,
      5618,
      5625,
      5636,
      5661,
      5677,
      5692,
      5698,
      5706,
      5715,
      5756,
      5816,
      5864,
      5866,
      5891,
      5905,
      5912
    ],
    "0902.0785": [
      103,
      184,
      1109
    ],
    "0902.1536": [
      1842,
      1865
    ],
    "0902.2442": [
      506,
      2757,
      3382,
      3384
    ],
    "0902.3008": [
      1218,
      1273
    ],
    "1007.1923": [
      3180
    ],
    "1007.2930": [
      91,
      1162,
      2745,
      3176
    ],
    "1007.3501": [
      16,
      59,
      344,
      731,
      1436,
      2237
    ],
    "1007.4473": [
      279,
      2584
    ],
    "1007.5191": [
      1297
    ],
    "1007.5261": [
      798,
      1377
    ],
    "1008.4267": [
      3169
    ],
    "1008.5352": [
      180,
      1230,
      1497,
      1542,
      2584,
      2715,
      3181
    ],
    "1009.1414": [
      4434
    ],
    "1703.07563v3": [
      6946
    ],
    "2004.00355v2": [
      5996
    ],
    "2004.03790v1": [
      7023
    ],
    "2004.12270v1": [
      3902
    ],
    "2005.01238v1": [
      3467
    ],
    "2005.06838v2": [
      2413
    ],
    "2108.12252v1": [
      3513
    ],
    "2202.10294v1": [
      4936
    ],
    "2204.11722v1": [
      3250
    ],
    "2209.12333v1": [
      5145
    ],
    "2301.03650v2": [
      6917
    ],
    "2308.01372v1": [
      3337
    ],
    "2308.13136v1": [
      3225
    ],
    "2401.05991v1": [
      6780
    ],
    "2409.02022v2": [
      5282
    ],
    "2409.02043v2": [
      5409
    ],
    "2501.03066v1": [
      5566
    ],
    "2501.07160v1": [
      2794
    ],
    "2501.16402v1": [
      1074,
      5143
    ],
    "2503.00705v2": [
      4952
    ],
    "2503.03863v1": [
      3769
    ],
    "2508.20423v1": [
      4625
    ],
    "2509.15384v1": [
      4119,
      4983,
      4988
    ],
    "2510.12471v1": [
      2812,
      3142
    ],
    "2510.18920v1": [
      1061
    ],
    "2510.21076v1": [
      4413
    ],
    "2511.00253v1": [
      146246,
      147150
    ]
  }
}