{
  "51832": {
    "0704.2083": [
      1163
    ],
    "0704.3913": [
      893,
      921,
      930,
      933,
      947,
      949,
      953,
      1162,
      1165,
      1168
    ],
    "0707.1949": [
      384
    ],
    "0707.2959": [
      236
    ],
    "0707.3136": [
      821,
      980
    ],
    "0901.1823": [
      10917
    ],
    "0901.4355": [
      663
    ],
    "1007.1120": [
      3017,
      3319,
      3331
    ],
    "1007.3593": [
      3273,
      3274,
      3285,
      3287,
      3288,
      3289,
      3314,
      3316,
      3317,
      3329,
      3330,
      3333,
      3362,
      3406,
      3473,
      3513,
      3514,
      3550,
      3551,
      3557,
      3558,
      3564,
      3565,
      3566,
      3578,
      3579,
      3580,
      3581,
      3582
    ],
    "1007.4184": [
      2177
    ],
    "1007.4633": [
      588
    ],
    "1008.1939": [
      850,
      872
    ],
    "1008.2500": [
      465
    ],
    "1008.3216": [
      651
    ],
    "2509.18244v1": [
      1042
    ],
    "2511.14595v1": [
      4220
    ]
  },
  "38829": {
    "0707.0139": [
      3164
    ],
    "0707.3342": [
      5585
    ],
    "0708.0090": [
      312,
      358,
      1121,
      1241,
      1367
    ],
    "0901.1091": [
      6129
    ],
    "0901.2860": [
      1534,
      1635
    ],
    "0901.4777": [
      2854
    ],
    "1007.1805": [
      2201,
      2672,
      2685,
      2732
    ],
    "1007.2107": [
      2816
    ],
    "1007.2373": [
      1108
    ],
    "1007.2742": [
      2590
    ],
    "1007.3580": [
      1574
    ],
    "1007.4067": [
      1514
    ],
    "1007.4765": [
      1380
    ],
    "1008.0098": [
      12046
    ],
    "1008.0099": [
      2736
    ],
    "1008.0181": [
      3191,
      6755
    ],
    "1008.1015": [
      2125
    ],
    "1008.1016": [
      1563,
      1568
    ],
    "1008.2176": [
      2765
    ],
    "1008.2302": [
      1463
    ],
    "1008.2965": [
      4266,
      4527
    ],
    "1008.3327": [
      12723
    ],
    "1009.0472": [
      7060,
      7068
    ],
    "1009.1110": [
      2382,
      2397,
      2443
    ],
    "1009.1139": [
      5603
    ],
    "1009.1376": [
      8670,
      8677
    ]
  }
}