{
  "52539": {
    "0704.1490": [
      4537,
      4555,
      4601
    ],
    "0704.3727": [
      6261,
      6269,
      6271,
      6301
    ],
    "0705.0095": [
      391,
      392
    ],
    "0705.1369": [
      745
    ],
    "0705.1844": [
      1235,
      1426,
      1455,
      1456,
      1497,
      1735,
      1736
    ],
    "0705.2202": [
      2269
    ],
    "0705.2350": [
      3637,
      13002,
      13019,
      16500,
      19980
    ],
    "0705.2795": [
      2343
    ],
    "0705.2902": [
      1157
    ],
    "0705.3091": [
      214,
      1310
    ],
    "0705.3463": [
      708
    ],
    "0705.4248": [
      457
    ],
    "0705.4512": [
      10476,
      14121
    ],
    "0706.0377": [
      250,
      257,
      259,
      266,
      277,
      287,
      1050,
      1733,
      1756,
      1759,
      1760,
      1761,
      1763,
      1764,
      1771,
      1775
    ],
    "0706.0540": [
      1694
    ],
    "0706.0675": [
      2125
    ],
    "0706.1698": [
      1205,
      1235,
      1245,
      1254,
      1758,
      3330,
      3368,
      3379,
      3414,
      4012,
      4013
    ],
    "0706.1988": [
      16943,
      16975
    ],
    "0706.3000": [
      1095,
      1232
    ],
    "0706.3455": [
      1983,
      2002,
      2010
    ],
    "0707.0609": [
      15782
    ],
    "0707.3597": [
      3364,
      3368,
      3371,
      3407
    ],
    "0812.4669": [
      3438,
      3441,
      3512,
      3634,
      3659,
      3679
    ],
    "0901.0614": [
      395,
      1152,
      1155,
      1288,
      1333
    ],
    "0901.0651": [
      4711
    ],
    "0901.4246": [
      293,
      296,
      301,
      311,
      412
    ],
    "0902.0586": [
      1263
    ],
    "0902.0711": [
      2559
    ],
    "0902.1573": [
      4684
    ],
    "0902.2608": [
      987
    ],
    "0902.2732": [
      2661
    ],
    "0902.2843": [
      49,
      139,
      354,
      503,
      602,
      649,
      781,
      795,
      855,
      863,
      881,
      986,
      1009,
      1041,
      1050
    ],
    "1007.2825": [
      2487
    ],
    "1007.5331": [
      6182
    ],
    "1007.5447": [
      1397
    ],
    "1007.5448": [
      1505
    ],
    "1008.4354": [
      301,
      1217,
      1393
    ],
    "1008.4553": [
      1541,
      1546
    ],
    "1008.4994": [
      907
    ],
    "1704.02975v3": [
      458,
      460
    ],
    "1705.08198v2": [
      3191,
      3192
    ],
    "1808.06071v1": [
      2350,
      2351,
      2377,
      2378
    ],
    "2110.07559v16": [
      35155
    ],
    "2210.14399v1": [
      2575,
      2590,
      2591,
      2608,
      2907,
      2932,
      2933,
      2955
    ],
    "2407.04188v1": [
      1131
    ],
    "2505.04430v1": [
      829,
      834,
      838,
      840,
      844,
      853,
      854,
      860,
      864,
      871,
      872,
      873,
      878
    ],
    "2508.09441v1": [
      6282
    ],
    "2509.09605v1": [
      1492,
      1517,
      1522,
      1528
    ],
    "2511.05248v1": [
      51256
    ]
  }
}