{
  "14540": {
    "0704.0180": [
      614
    ],
    "0704.2541": [
      204
    ],
    "0705.1044": [
      3449
    ],
    "0705.1753": [
      164,
      246,
      1087,
      1098,
      1167,
      1232
    ],
    "0705.4512": [
      12175
    ],
    "0706.1115": [
      2083,
      3209
    ],
    "0706.2698": [
      64
    ],
    "0706.2989": [
      82,
      171
    ],
    "0706.4204": [
      3,
      61,
      175,
      244,
      5098
    ],
    "0707.3932": [
      165
    ],
    "0812.4499": [
      1086
    ],
    "0901.0412": [
      1221
    ],
    "0901.2443": [
      5,
      68,
      117
    ],
    "0901.3006": [
      76,
      100
    ],
    "1007.0785": [
      105,
      2629,
      2860,
      2879,
      2891,
      2924,
      2934,
      2963,
      3337,
      3359
    ],
    "1008.1520": [
      261
    ],
    "1008.1522": [
      168
    ],
    "1008.5336": [
      141,
      5904
    ],
    "1009.0573": [
      120,
      1289
    ],
    "1009.0899": [
      1818
    ],
    "2508.21754v1": [
      522
    ],
    "2509.09776v1": [
      2721,
      2731
    ],
    "2510.27125v1": [
      2,
      158,
      233,
      423,
      488,
      650,
      4304,
      4318,
      4326,
      4339,
      4385,
      4406,
      4415,
      4426,
      4439,
      4455,
      4464,
      4476,
      4497,
      4548,
      4556,
      4580,
      4589,
      4633,
      4656,
      5021
    ]
  }
}