{
  "51829": {
    "0704.0808": [
      8449,
      8476
    ],
    "0704.1185": [
      1327,
      1330
    ],
    "0704.2067": [
      4036
    ],
    "0704.3299": [
      1106
    ],
    "0705.0337": [
      7751
    ],
    "0705.0505": [
      378,
      379
    ],
    "0705.1071": [
      3555
    ],
    "0705.3795": [
      538
    ],
    "0706.0479": [
      2333,
      2342,
      2400,
      3625
    ],
    "0706.0721": [
      4589
    ],
    "0706.0811": [
      3736
    ],
    "0706.2028": [
      613
    ],
    "0706.2472": [
      433
    ],
    "0706.2515": [
      1359
    ],
    "0706.3708": [
      1661,
      1702
    ],
    "0707.0094": [
      3721
    ],
    "0707.0120": [
      930,
      1810,
      1960,
      2003,
      4421
    ],
    "0707.0221": [
      3211
    ],
    "0707.1005": [
      2477
    ],
    "0707.1243": [
      2797,
      2805
    ],
    "0707.2380": [
      3812
    ],
    "0707.2595": [
      1273
    ],
    "0707.2627": [
      78,
      188
    ],
    "0707.2664": [
      556
    ],
    "0708.0326": [
      1021
    ],
    "0812.4091": [
      1028
    ],
    "0812.4105": [
      414
    ],
    "0812.4206": [
      5424,
      5429,
      5752,
      6071,
      6073
    ],
    "0812.4241": [
      3355
    ],
    "0901.0372": [
      445
    ],
    "0901.0402": [
      303,
      426
    ],
    "0901.0771": [
      951
    ],
    "0901.2400": [
      821
    ],
    "0901.2698": [
      2149
    ],
    "0901.2730": [
      6830
    ],
    "0901.3696": [
      5590
    ],
    "0902.0900": [
      1047,
      1076,
      1104,
      1132,
      1164,
      1196
    ],
    "0902.1482": [
      1017
    ],
    "1007.2160": [
      1357
    ],
    "1007.2467": [
      4213,
      5566
    ],
    "1007.3100": [
      1209,
      1212
    ],
    "1007.3298": [
      659,
      1007
    ],
    "1007.3905": [
      2402,
      2563
    ],
    "1007.4824": [
      1505,
      2243
    ],
    "1007.5449": [
      2749
    ],
    "1008.0272": [
      2680,
      2758,
      6429,
      6499
    ],
    "1008.0430": [
      4044,
      4058
    ],
    "1008.1592": [
      3957
    ],
    "1008.1674": [
      2263,
      2284
    ],
    "1008.2111": [
      606
    ],
    "1008.3548": [
      3307
    ],
    "1008.3722": [
      2428
    ],
    "1008.5397": [
      1765
    ],
    "1009.0401": [
      661
    ],
    "1009.1304": [
      2314
    ],
    "1705.08198v2": [
      6420,
      7659
    ],
    "1805.09278v1": [
      13285,
      14572
    ],
    "1807.10942v1": [
      3512,
      3801,
      4087
    ],
    "1909.09179v2": [
      6466
    ],
    "1912.00859v1": [
      4402,
      4406,
      4637
    ],
    "2006.04479v1": [
      3404
    ],
    "2007.13377v2": [
      4001,
      4113
    ],
    "2007.13856v1": [
      6121
    ],
    "2011.02950v1": [
      3700
    ],
    "2103.08254v2": [
      3375
    ],
    "2109.08422v1": [
      695,
      779,
      1055,
      3106
    ],
    "2111.09002v1": [
      2608,
      3842
    ],
    "2202.04761v1": [
      3788
    ],
    "2204.03457v1": [
      3022,
      3581,
      4237
    ],
    "2204.09559v1": [
      3003
    ],
    "2205.02344v1": [
      5945
    ],
    "2207.04579v1": [
      2911
    ],
    "2208.04485v2": [
      12707
    ],
    "2208.10131v1": [
      3396
    ],
    "2209.10686v2": [
      3680,
      5684
    ],
    "2210.01896v1": [
      7422
    ],
    "2210.16967v1": [
      1753
    ],
    "2211.10216v1": [
      2456
    ],
    "2212.06261v1": [
      5138,
      5143,
      11357,
      11452,
      11512,
      11528,
      11544,
      13270,
      13312
    ],
    "2212.06647v1": [
      11713
    ],
    "2308.06977v1": [
      4112
    ],
    "2308.09928v2": [
      4239
    ],
    "2308.13136v1": [
      4467
    ],
    "2310.19617v1": [
      2603,
      6113,
      6207,
      6211
    ],
    "2401.01604v2": [
      2135
    ],
    "2405.14983v1": [
      1733,
      2388,
      2823,
      3197,
      3215,
      4510,
      4885,
      4903
    ],
    "2405.15639v1": [
      1404
    ],
    "2406.13838v4": [
      1630
    ],
    "2408.06595v1": [
      4396,
      4654,
      4676
    ],
    "2410.07386v1": [
      13166
    ],
    "2411.02634v1": [
      5302
    ],
    "2501.17298v1": [
      3039,
      8357,
      8948
    ],
    "2502.04114v1": [
      708,
      2049
    ],
    "2504.00913v2": [
      6913,
      6917,
      6921,
      7060,
      7064
    ],
    "2508.07988v1": [
      3838
    ],
    "2508.13015v1": [
      2425,
      2496
    ],
    "2508.13456v1": [
      1981,
      1994
    ],
    "2508.17039v1": [
      2487
    ],
    "2509.05623v1": [
      5254
    ],
    "2509.19723v1": [
      3377,
      3394
    ],
    "2509.21506v2": [
      2501
    ],
    "2510.27024v2": [
      3145
    ],
    "2511.04231v1": [
      461,
      4922
    ],
    "2511.05780v1": [
      2075
    ],
    "2511.11247v1": [
      9254
    ]
  },
  "15074": {
    "0704.0826": [
      1527
    ],
    "0704.1559": [
      4087
    ],
    "0704.3583": [
      1120,
      1131
    ],
    "0704.3649": [
      2029,
      5383
    ],
    "0705.1179": [
      1118
    ],
    "0705.1274": [
      875
    ],
    "0705.1412": [
      4587,
      4889
    ],
    "0705.2677": [
      238,
      577,
      818,
      985,
      1357,
      1367,
      1374
    ],
    "0706.0513": [
      5460
    ],
    "0706.1050": [
      1652
    ],
    "0706.1172": [
      2359
    ],
    "0706.1187": [
      1296
    ],
    "0706.1507": [
      3824
    ],
    "0706.1753": [
      3124
    ],
    "0706.2029": [
      5106
    ],
    "0706.2720": [
      192,
      453,
      712,
      760,
      1032,
      1037,
      1259,
      1649,
      3401
    ],
    "0706.2890": [
      293,
      1782,
      1785
    ],
    "0706.3652": [
      1303
    ],
    "0706.3818": [
      3135
    ],
    "0707.0313": [
      5523
    ],
    "0707.0344": [
      1836
    ],
    "0707.0664": [
      11,
      1432,
      1444
    ],
    "0707.0982": [
      4481,
      4638
    ],
    "0707.0986": [
      1594,
      1690
    ],
    "0707.1220": [
      2243
    ],
    "0707.1598": [
      3140
    ],
    "0707.1744": [
      1754
    ],
    "0707.1911": [
      974
    ],
    "0707.2159": [
      869,
      892,
      904,
      998,
      1305,
      1560
    ],
    "0707.2191": [
      2251
    ],
    "0707.2962": [
      9264
    ],
    "0707.3532": [
      1560
    ],
    "0707.4098": [
      2984,
      3371
    ],
    "0707.4190": [
      2899
    ],
    "0707.4466": [
      409,
      434,
      1625
    ],
    "0708.0083": [
      1288,
      1992,
      3859,
      7614
    ],
    "0708.0167": [
      2159
    ],
    "0812.4040": [
      4892
    ],
    "0901.0356": [
      11016
    ],
    "0901.0558": [
      3239,
      3267,
      3273,
      3277
    ],
    "0901.0704": [
      3911,
      3923,
      3927
    ],
    "0901.1378": [
      2361
    ],
    "0901.1544": [
      3003
    ],
    "0901.1904": [
      1374,
      4811
    ],
    "0901.2096": [
      6681
    ],
    "0901.2446": [
      1917
    ],
    "0901.2464": [
      709,
      1478,
      1485,
      1841
    ],
    "0901.2466": [
      1569
    ],
    "0901.2698": [
      31,
      168,
      541,
      584,
      733,
      748,
      998,
      1008,
      1093,
      1114,
      1140,
      1248,
      1296,
      1549,
      1833,
      1945,
      1950,
      2015,
      2067,
      2116,
      2282,
      3051,
      3701,
      3905,
      3913,
      4201,
      4209,
      4255,
      4519,
      4572,
      4683,
      5025,
      5058,
      5651
    ],
    "0901.2714": [
      771
    ],
    "0901.3337": [
      11,
      3323
    ],
    "0901.3406": [
      1708,
      3180
    ],
    "0901.3480": [
      1309,
      1316
    ],
    "0901.4220": [
      6122
    ],
    "0901.4284": [
      919,
      923
    ],
    "0901.4617": [
      9356
    ],