{
  "27134": {
    "0704.3159": [
      1436
    ],
    "0705.3800": [
      2557,
      2561
    ],
    "0902.2506": [
      65,
      988,
      1320
    ],
    "1007.2756": [
      394
    ],
    "1903.08521v1": [
      6814
    ],
    "2010.00699v3": [
      26796
    ],
    "2508.13348v1": [
      3730
    ]
  },
  "50056": {
    "2403.18584v1": [
      2313
    ]
  }
}