{
  "52140": {
    "0704.0149": [
      4443
    ],
    "0704.0616": [
      192,
      325,
      392,
      1825,
      3145,
      3272,
      3373
    ],
    "0704.1016": [
      2369
    ],
    "0704.1397": [
      964
    ],
    "0704.1632": [
      2613
    ],
    "0704.2062": [
      2542
    ],
    "0704.2231": [
      580,
      616
    ],
    "0704.3174": [
      2178
    ],
    "0704.3678": [
      289,
      568,
      596,
      1469,
      1565
    ],
    "0705.0032": [
      3169
    ],
    "0705.0518": [
      1734,
      1735
    ],
    "0705.2055": [
      16132
    ],
    "0705.3725": [
      610
    ],
    "0706.0234": [
      4447
    ],
    "0706.1069": [
      17
    ],
    "0706.3148": [
      589,
      2256
    ],
    "0707.0716": [
      13
    ],
    "0707.0806": [
      8053,
      8057
    ],
    "0707.1475": [
      2191
    ],
    "0707.1502": [
      7650
    ],
    "0707.3489": [
      11057
    ],
    "0707.4060": [
      628,
      1448
    ],
    "0812.3955": [
      33100
    ],
    "0812.4745": [
      5980
    ],
    "0901.0347": [
      1993
    ],
    "0901.2313": [
      1893
    ],
    "0902.0320": [
      6098
    ],
    "0902.1614": [
      403
    ],
    "0902.1630": [
      16494
    ],
    "0902.2207": [
      2285
    ],
    "0902.2455": [
      13
    ],
    "0902.2910": [
      828,
      832
    ],
    "0902.2922": [
      916
    ],
    "0902.3072": [
      1909
    ],
    "1007.2118": [
      2401
    ],
    "1007.2616": [
      4950
    ],
    "1007.2864": [
      1733
    ],
    "1007.2930": [
      433
    ],
    "1007.2998": [
      13
    ],
    "1007.5216": [
      6123
    ],
    "1007.5320": [
      14
    ],
    "1007.5326": [
      4515
    ],
    "1008.0083": [
      322,
      344,
      557,
      707,
      746,
      813,
      4194,
      4941,
      5170,
      5799
    ],
    "1008.0190": [
      2522
    ],
    "1008.1156": [
      1169,
      1175
    ],
    "1008.1183": [
      1294
    ],
    "1008.1341": [
      1333,
      1335,
      1350
    ],
    "1008.1468": [
      3946
    ],
    "1008.1704": [
      4360,
      4370,
      4403
    ],
    "1008.2231": [
      1978
    ],
    "1008.3470": [
      8970
    ],
    "1008.3766": [
      3841
    ],
    "1008.3825": [
      3777
    ],
    "1008.4343": [
      3437
    ],
    "2007.14743v2": [
      2390
    ],
    "2009.09896v1": [
      704,
      889
    ],
    "2111.11336v1": [
      754,
      1640,
      1679,
      2025
    ],
    "2205.09472v1": [
      1365,
      1618,
      1651,
      1861,
      1875,
      1913,
      1979,
      2053
    ],
    "2210.00455v1": [
      1722
    ],
    "2407.07216v1": [
      2320,
      2321,
      2426
    ],
    "2511.14668v1": [
      553
    ]
  },
  "45554": {
    "0704.3174": [
      501
    ],
    "1007.5159": [
      108
    ],
    "1008.2387": [
      568
    ]
  },
  "45555": {
    "0705.0010": [
      22412
    ],
    "0902.2291": [
      2776,
      2870,
      2872
    ]
  },
  "33729": {
    "0705.1845": [
      9359
    ],
    "0705.3222": [
      16211
    ],
    "0706.2535": [
      3850
    ],
    "0707.4278": [
      649
    ],
    "0812.4852": [
      2054
    ],
    "0901.1361": [
      647,
      706,
      714,
      716,
      731,
      766,
      793
    ],
    "0901.1974": [
      479
    ],
    "1009.0432": [
      693
    ],
    "1009.1345": [
      583
    ]
  },
  "45553": {
    "0705.3398": [
      2112
    ],
    "0812.4757": [
      3586
    ]
  },
  "45552": {
    "0707.4431": [
      873
    ],
    "1007.3565": [
      3581
    ],
    "2509.10002v1": [
      3407
    ]
  }
}