{
  "19493": {
    "0704.0360": [
      220
    ],
    "0704.0823": [
      898,
      1112
    ],
    "0704.3293": [
      1113
    ],
    "0704.3570": [
      753
    ],
    "0704.3708": [
      1726,
      4031,
      4037
    ],
    "0705.1285": [
      168
    ],
    "0705.1656": [
      556
    ],
    "0705.2005": [
      766
    ],
    "0705.3251": [
      27251
    ],
    "0705.3445": [
      373
    ],
    "0705.4566": [
      415
    ],
    "0706.0416": [
      82
    ],
    "0706.1276": [
      2062
    ],
    "0706.1591": [
      49
    ],
    "0706.1681": [
      227
    ],
    "0706.1940": [
      6139
    ],
    "0706.2011": [
      1433
    ],
    "0706.2071": [
      1015
    ],
    "0706.2439": [
      4700,
      6960
    ],
    "0706.2458": [
      117
    ],
    "0706.2554": [
      2603
    ],
    "0706.3297": [
      32
    ],
    "0707.0051": [
      4520,
      4593
    ],
    "0707.1444": [
      21,
      1157
    ],
    "0707.1574": [
      192
    ],
    "0707.2149": [
      16878
    ],
    "0707.2277": [
      561
    ],
    "0707.4047": [
      981
    ],
    "0708.0008": [
      232,
      248,
      4334
    ],
    "0812.4324": [
      202
    ],
    "0812.4614": [
      1906
    ],
    "0901.0733": [
      445
    ],
    "0901.0748": [
      177
    ],
    "0901.1091": [
      5326
    ],
    "0901.3758": [
      8925
    ],
    "0901.4310": [
      2474
    ],
    "0901.4374": [
      1801
    ],
    "0901.4697": [
      2033
    ],
    "0902.0127": [
      1838,
      2375
    ],
    "0902.0190": [
      2594
    ],
    "1007.1364": [
      1804
    ],
    "1007.2560": [
      1431
    ],
    "1007.4094": [
      11681
    ],
    "1008.1459": [
      5087
    ],
    "1008.1530": [
      662
    ],
    "1008.1823": [
      1343
    ],
    "1008.2215": [
      829
    ],
    "1008.3184": [
      4455
    ],
    "1008.3632": [
      3210,
      6461
    ],
    "1008.4963": [
      1644
    ],
    "1009.0487": [
      702,
      2080
    ],
    "2007.11363v2": [
      6141
    ],
    "2210.04238v1": [
      510
    ]
  },
  "36626": {
    "1008.3798": [
      309,
      556,
      570
    ]
  }
}