{
  "25822": {
    "0704.3356": [
      1679,
      1782
    ],
    "1007.4259": [
      1603,
      1606,
      1666
    ],
    "1008.3268": [
      2925,
      2937,
      2939,
      2940
    ],
    "1008.4824": [
      479
    ],
    "2105.09055v1": [
      2119,
      2364
    ]
  },
  "41685": {
    "2208.00892v2": [
      4712,
      4722
    ]
  }
}