{
  "24165": {
    "0704.0259": [
      5980
    ],
    "0704.1523": [
      3222,
      4556
    ],
    "0704.3269": [
      5018
    ],
    "0705.0380": [
      3044
    ],
    "0705.0475": [
      7690
    ],
    "0705.0986": [
      3360
    ],
    "0705.0987": [
      5511
    ],
    "0705.4285": [
      7170,
      7292
    ],
    "0706.0224": [
      1031,
      1255,
      5642
    ],
    "0706.3368": [
      2633
    ],
    "0707.3295": [
      2890
    ],
    "0901.0735": [
      427,
      3195,
      3217,
      3230,
      7435,
      7441
    ],
    "0901.1698": [
      491,
      1904
    ],
    "0901.1843": [
      2929
    ],
    "0901.3279": [
      17,
      150,
      420
    ],
    "0901.3401": [
      4698
    ],
    "0901.4346": [
      2738
    ],
    "0901.4705": [
      2535
    ],
    "0901.4944": [
      4257
    ],
    "0902.0338": [
      3718
    ],
    "0902.0952": [
      859,
      4157
    ],
    "1007.1418": [
      3525
    ],
    "1007.4517": [
      6816
    ],
    "1009.1352": [
      6370,
      6396
    ],
    "1904.06370v1": [
      4400
    ],
    "1910.09757v1": [
      3155
    ],
    "1912.02639v1": [
      4405
    ],
    "2004.06265v2": [
      3500
    ],
    "2007.12814v1": [
      4910
    ],
    "2008.02968v1": [
      6006,
      6372,
      6836
    ],
    "2104.08217v1": [
      5637
    ],
    "2204.01040v1": [
      2717
    ],
    "2209.14545v1": [
      28627
    ],
    "2211.03868v1": [
      14571
    ],
    "2301.02727v1": [
      34788
    ],
    "2302.11374v1": [
      4288,
      12193
    ],
    "2401.01230v1": [
      1985
    ],
    "2405.02614v1": [
      2031
    ],
    "2409.07411v1": [
      3671
    ],
    "2412.18028v2": [
      4195
    ],
    "2508.18355v1": [
      1468,
      4241
    ],
    "2510.01332v1": [
      3403,
      5990
    ],
    "2510.25680v1": [
      3149
    ],
    "2510.26084v1": [
      9272
    ],
    "2511.02896v2": [
      7116
    ],
    "2511.14634v1": [
      1782,
      2560
    ]
  },
  "53190": {
    "0704.0531": [
      649
    ],
    "0704.0564": [
      5424
    ],
    "0704.1868": [
      2070
    ],
    "0704.2022": [
      3982
    ],
    "0704.2058": [
      3736
    ],
    "0704.2450": [
      992
    ],
    "0704.2688": [
      1430
    ],
    "0704.2800": [
      2940,
      4435,
      4535,
      4674
    ],
    "0704.3342": [
      4966
    ],
    "0704.3387": [
      563,
      572,
      580,
      1777,
      2095,
      2120,
      2366,
      3069,
      3243,
      3257,
      3344,
      3449,
      3455,
      3462,
      3597,
      3613,
      3650,
      3682,
      3692,
      3701,
      3876,
      4071,
      5469,
      5543,
      5966,
      6016
    ],
    "0704.3502": [
      4923,
      5239
    ],
    "0704.3912": [
      3134
    ],
    "0704.4003": [
      7123
    ],
    "0705.0096": [
      219,
      405
    ],
    "0705.0395": [
      1457,
      2258
    ],
    "0705.0397": [
      4168
    ],
    "0705.0516": [
      483,
      2659
    ],
    "0705.0908": [
      791
    ],
    "0705.0970": [
      924
    ],
    "0705.1003": [
      2323
    ],
    "0705.1012": [
      1016
    ],
    "0705.1384": [
      985
    ],
    "0705.1386": [
      3191
    ],
    "0705.1464": [
      333
    ],
    "0705.1792": [
      6704
    ],
    "0705.1848": [
      909
    ],
    "0705.1982": [
      3584
    ],
    "0705.2206": [
      3872
    ],
    "0705.2526": [
      1155,
      1197,
      1214
    ],
    "0705.2685": [
      5099
    ],
    "0705.3012": [
      3288
    ],
    "0705.3114": [
      587
    ],
    "0705.3609": [
      3629
    ],
    "0705.4066": [
      3254
    ],
    "0705.4228": [
      4064,
      4097,
      4127
    ],
    "0705.4539": [
      2178
    ],
    "0705.4612": [
      2807
    ],
    "0706.0049": [
      1554
    ],
    "0706.0566": [
      6527
    ],
    "0706.0761": [
      993
    ],
    "0706.1001": [
      1775
    ],
    "0706.1190": [
      3129
    ],
    "0706.1419": [
      2768
    ],
    "0706.1484": [
      1593
    ],
    "0706.1570": [
      3148,
      3361
    ],
    "0706.1856": [
      1464
    ],
    "0706.2169": [
      2164
    ],
    "0706.2449": [
      2342
    ],
    "0706.2515": [
      1868
    ],
    "0706.2588": [
      1856
    ],
    "0706.2694": [
      253
    ],
    "0706.3535": [
      694
    ],
    "0706.3547": [
      1461
    ],
    "0706.3623": [
      2513
    ],
    "0706.3861": [
      3581,
      4161
    ],
    "0706.4444": [
      251,
      1153,
      1223,
      1583
    ],
    "0707.0074": [
      2052
    ],
    "0707.0087": [
      1935
    ],
    "0707.0504": [
      673
    ],
    "0707.0698": [
      2022,
      2032,
      4473,
      4702
    ],
    "0707.0780": [
      2131
    ],
    "0707.0783": [
      2289
    ],
    "0707.1184": [
      1371
    ],
    "0707.1417": [
      2817,
      3053,
      3102,
      3116,
      3163,
      3336,
      3439,
      3464
    ],
    "0707.1444": [
      969
    ],
    "0707.1560": [
      295,
      338,
      1692
    ],
    "0707.1577": [
      2046
    ],
    "0707.1760": [
      3335,
      3352
    ],
    "0707.1837": [
      1469
    ],
    "0707.2009": [
      2019
    ],
    "0707.2421": [
      4291
    ],
    "0707.3241": [
      3357
    ],
    "0707.3313": [
      4934
    ],
    "0707.3339": [
      1378
    ],
    "0707.3514": [
      690
    ],
    "0707.3572": [
      32324,
      33748
    ],
    "0707.3758": [
      831
    ],
    "0707.4331": [
      3324
    ],
    "0708.0244": [
      1094
    ],
    "0812.3894": [
      832
    ],
    "0812.3971": [
      147,
      2728,
      2821,
      3779,
      3822,
      3905
    ],
    "0812.4110": [
      3442
    ],
    "0812.4465": [
      3811,
      4133,
      4460,
      4653
    ],
    "0812.5017": [
      1303
    ],
    "0901.0032": [
      1680
    ],
    "0901.0045": [
      516,
      535,
      783,
      1605
    ],
    "0901.0805": [
      1620
    ],
    "0901.0929": [
      4776
    ],
    "0901.0938": [
      2565
    ],
    "0901.1003": [
      970
    ],
    "0901.1149": [
      6761
    ],
    "0901.1153": [
      723
    ],
    "0901.1156": [
      4344
    ],
    "0901.1157": [
      859
    ],
    "0901.1201": [
      723
    ],
    "0901.1512": [
      3218
    ],
    "0901.1584": [
      6885
    ],
    "0901.1632": [
      293
    ],
    "0901.1806": [
      1404
    ],
    "0901.1830": [
      5268,
      5286
    ],
    "0901.1928": [
      3360,
      3361
    ],
    "0901.2123": [
      2275
    ],
    "0901.2288": [
      1952
    ],
    "0901.2358": [
      1666
    ],
    "0901.2742": [
      589,
      746
    ],
    "0901.2814": [
      352,
      407,
      546,
      640,
      746
    ],
    "0901.2817": [
      260,
      509
    ],
    "0901.3317": [
      411,
      469,
      490
    ],
    "0901.3506": [
      2626
    ],
    "0901.3671": [
      17713
    ],
    "0901.3876": [
      5081
    ],
    "0901.3924": [
      1562
    ],
    "0901.4369": [
      110,
      583,
      705
    ],
    "0901.4826": [
      9533,
      9632
    ],
    "0902.0027": [
      106
    ],
    "0902.0440": [
      1662
    ],
    "0902.0447": [
      3074
    ],
    "0902.0574": [
      1477
    ],
    "0902.0589": [
      209,
      247
    ],
    "0902.0640": [
      272
    ],
    "0902.1007": [
      123,
      687,
      692,
      727,
      779,
      846,
      886,
      1056,
      1326,
      1434,
      2251,
      2320,
      2348,
      2468,
      2620,
      2671,
      2736,
      2751,
      2947,
      2957,
      3066,
      3277,
      3390,
      3519,
      3644
    ],
    "0902.1164": [
      1244
    ],
    "0902.1453": [
      1363
    ],
    "0902.1558": [
      3538,
      3852
    ],
    "0902.1602": [
      1460
    ],
    "0902.1646": [
      850,
      1202,
      1241
    ],
    "0902.1748": [
      420
    ],
    "0902.1784": [
      1046
    ],