{
  "24247": {
    "0704.0048": [
      1755
    ],
    "0704.1808": [
      3092
    ],
    "0704.2157": [
      4737
    ],
    "0704.2813": [
      151,
      193,
      1237,
      1246
    ],
    "0704.3368": [
      429
    ],
    "0705.1111": [
      3703,
      3816
    ],
    "0705.3272": [
      6072
    ],
    "0707.0428": [
      1848
    ],
    "0707.1202": [
      5209
    ],
    "0707.3969": [
      1300,
      1389
    ],
    "0812.4870": [
      6909
    ],
    "0901.0302": [
      500
    ],
    "0901.2612": [
      760
    ],
    "0901.3359": [
      6926
    ],
    "0901.4637": [
      2297
    ],
    "0902.0368": [
      6597,
      6820
    ],
    "0902.0493": [
      2267,
      2376,
      2441,
      3238,
      3509,
      9981,
      11334,
      12415,
      12419
    ],
    "0902.2853": [
      2926
    ],
    "1007.4135": [
      5082
    ],
    "1007.4820": [
      1076
    ],
    "1007.5106": [
      1154
    ],
    "1008.0236": [
      4607
    ],
    "1008.1577": [
      5667,
      6843
    ],
    "1008.2234": [
      1409
    ],
    "2204.08449v1": [
      1565
    ],
    "2305.04709v2": [
      5332
    ],
    "2407.09233v1": [
      1873
    ],
    "2508.18046v1": [
      2447
    ],
    "2511.03457v1": [
      6368
    ]
  }
}