{
  "37554": {
    "2207.12292v1": [
      88
    ],
    "2305.16535v1": [
      1285
    ],
    "2403.05959v1": [
      117
    ]
  }
}