{
  "29948": {
    "0704.1103": [
      365
    ],
    "0902.0587": [
      2773
    ],
    "1008.1620": [
      3130,
      3150,
      3312
    ],
    "1008.3656": [
      1087
    ],
    "1008.3968": [
      749
    ]
  },
  "26464": {
    "0704.1627": [
      638
    ],
    "0706.0440": [
      4673
    ],
    "0901.3365": [
      320
    ],
    "0902.1784": [
      15
    ],
    "1007.0845": [
      28
    ],
    "1007.1273": [
      332,
      339,
      347,
      1704
    ],
    "1808.00774v1": [
      1008
    ],
    "2203.03171v2": [
      5397
    ]
  }
}