{
  "52142": {
    "0704.1449": [
      3839,
      3845
    ],
    "0704.2031": [
      2974
    ],
    "0704.2687": [
      228
    ],
    "0704.2798": [
      3128,
      3183
    ],
    "0704.3791": [
      223
    ],
    "0705.0737": [
      2815
    ],
    "0705.3106": [
      2962
    ],
    "0705.3231": [
      820
    ],
    "0705.4012": [
      2013
    ],
    "0706.0662": [
      2010
    ],
    "0706.0995": [
      1209
    ],
    "0706.1601": [
      3615
    ],
    "0706.2678": [
      2548
    ],
    "0707.0225": [
      1694,
      1742,
      1821
    ],
    "0707.0482": [
      1418
    ],
    "0707.0877": [
      2092
    ],
    "0707.1408": [
      956
    ],
    "0707.1887": [
      1260
    ],
    "0707.2363": [
      905
    ],
    "0707.3305": [
      5146
    ],
    "0707.3648": [
      1296
    ],
    "0708.0142": [
      190
    ],
    "0708.0185": [
      3221
    ],
    "0812.3943": [
      9739
    ],
    "0901.1542": [
      892
    ],
    "0901.1657": [
      1496
    ],
    "0901.2498": [
      1826
    ],
    "0901.2605": [
      4124
    ],
    "0901.4493": [
      2378,
      2427
    ],
    "0902.0158": [
      2646
    ],
    "0902.2798": [
      1891
    ],
    "0902.2896": [
      1334
    ],
    "0902.2910": [
      830
    ],
    "1007.0994": [
      2656
    ],
    "1007.3660": [
      1010,
      1122,
      1181,
      1205,
      1349
    ],
    "1008.2930": [
      11626,
      11630
    ],
    "1008.3417": [
      565,
      2102,
      2132,
      2472
    ],
    "1008.4088": [
      640,
      708,
      764
    ],
    "1008.4617": [
      4805,
      4808
    ],
    "1008.4699": [
      1329
    ],
    "1009.0622": [
      7139,
      7148,
      7154,
      7184
    ],
    "1904.04568v1": [
      793,
      798,
      821,
      827,
      841,
      844,
      858,
      860,
      931,
      933,
      1070,
      1074,
      1079,
      1081,
      1308,
      1310,
      1315,
      1317,
      1418,
      1419,
      1420,
      1421,
      1422,
      1423,
      1446,
      1447
    ],
    "1904.06202v2": [
      2339,
      2369,
      2373
    ],
    "2506.00470v1": [
      2965
    ],
    "2509.03182v1": [
      3851
    ],
    "2511.13030v1": [
      3378,
      3380
    ]
  }
}