{
  "23362": {
    "0704.0287": [
      267
    ],
    "0704.1547": [
      4423
    ],
    "0704.3593": [
      2748
    ],
    "0704.3721": [
      7633
    ],
    "0704.3732": [
      1716
    ],
    "0705.1315": [
      257
    ],
    "0705.1781": [
      245
    ],
    "0705.3222": [
      15756,
      15781,
      16425,
      16438
    ],
    "0706.0793": [
      1833
    ],
    "0706.3961": [
      1700
    ],
    "0707.1242": [
      2136
    ],
    "0707.2234": [
      4220
    ],
    "0707.3579": [
      731
    ],
    "0707.3767": [
      1642
    ],
    "0708.0156": [
      4183
    ],
    "0901.0058": [
      6239
    ],
    "0901.3405": [
      1518
    ],
    "0901.3428": [
      2564
    ],
    "0901.4559": [
      4926
    ],
    "0901.4650": [
      2443,
      2635
    ],
    "0901.4924": [
      2087
    ],
    "0902.0377": [
      38038
    ],
    "0902.0675": [
      257
    ],
    "0902.2460": [
      262
    ],
    "1007.2270": [
      6834
    ],
    "1007.3144": [
      2587,
      2627
    ],
    "1007.4466": [
      1391
    ],
    "1007.5230": [
      2032
    ],
    "1007.5451": [
      2994
    ],
    "1007.5504": [
      2892,
      2996,
      3017,
      3139,
      3152
    ],
    "1008.2499": [
      2598,
      2624
    ],
    "1008.5197": [
      2571
    ],
    "1009.1442": [
      265
    ],
    "2505.00175v1": [
      2191
    ],
    "2506.19938v1": [
      4285
    ]
  }
}