{
  "27430": {
    "0704.0170": [
      3055
    ],
    "0704.3269": [
      1099
    ],
    "0705.0337": [
      265,
      944
    ],
    "0705.0708": [
      1639
    ],
    "0705.4007": [
      2862
    ],
    "0705.4179": [
      4540
    ],
    "0706.2369": [
      1996
    ],
    "0706.4129": [
      1269
    ],
    "0812.4607": [
      1550
    ],
    "0901.0069": [
      3931
    ],
    "0901.4118": [
      17
    ],
    "0902.2560": [
      4405
    ],
    "1008.0133": [
      192
    ],
    "1912.01038v2": [
      3636
    ],
    "2208.09057v1": [
      2976
    ],
    "2511.09737v1": [
      2842
    ]
  }
}