{
  "28948": {
    "0704.1695": [
      217
    ],
    "0704.2258": [
      3762
    ],
    "0705.2498": [
      10
    ],
    "0706.1412": [
      1613
    ],
    "0706.3321": [
      18
    ],
    "0706.4186": [
      3927
    ],
    "0707.1743": [
      4746
    ],
    "0901.1908": [
      551,
      570,
      740,
      2588,
      2997,
      3015,
      3032,
      3052,
      3072
    ],
    "0901.3170": [
      5
    ],
    "0901.4405": [
      2549
    ],
    "1007.3296": [
      337,
      353,
      829,
      4204,
      4218,
      4232
    ],
    "1007.3553": [
      4852
    ],
    "1007.4261": [
      470,
      1779
    ],
    "1007.4320": [
      3053
    ],
    "1007.5129": [
      2404
    ],
    "1008.1732": [
      3980
    ],
    "1008.2108": [
      879,
      885
    ],
    "1009.1447": [
      909
    ],
    "1712.09825v1": [
      2986
    ],
    "1810.04014v1": [
      3913
    ],
    "1811.02323v2": [
      780,
      3881
    ],
    "2005.09773v1": [
      3080
    ],
    "2008.13421v1": [
      4215
    ],
    "2009.02392v1": [
      3641
    ],
    "2011.10238v1": [
      2332
    ],
    "2012.08601v1": [
      4177
    ],
    "2012.13222v1": [
      3150
    ],
    "2012.14753v1": [
      761
    ],
    "2102.07569v1": [
      8986
    ],
    "2103.15748v1": [
      20736
    ],
    "2109.08620v1": [
      3641
    ],
    "2112.02171v1": [
      73
    ],
    "2203.12911v1": [
      1609
    ],
    "2206.15009v2": [
      2253
    ],
    "2209.03508v3": [
      3867
    ],
    "2210.04065v1": [
      1923
    ],
    "2211.02186v2": [
      2843
    ],
    "2211.03844v1": [
      4398
    ],
    "2211.09650v2": [
      2837
    ],
    "2212.14145v1": [
      2893
    ],
    "2302.09064v1": [
      3697
    ],
    "2303.11035v1": [
      4715
    ],
    "2304.01553v1": [
      501
    ],
    "2305.03566v1": [
      2414
    ],
    "2306.05967v1": [
      4302
    ],
    "2308.04851v1": [
      23593
    ],
    "2308.10389v1": [
      11341
    ],
    "2308.12596v1": [
      4080
    ],
    "2308.13048v4": [
      2946
    ],
    "2309.07985v1": [
      2025
    ],
    "2502.13940v1": [
      1755
    ],
    "2503.00166v1": [
      4870
    ],
    "2504.18551v1": [
      2770
    ],
    "2505.22386v1": [
      10957
    ],
    "2508.16773v1": [
      4616
    ],
    "2510.02462v1": [
      6464
    ],
    "2511.09475v1": [
      2965
    ],
    "2511.14746v1": [
      2711
    ]
  },
  "30062": {
    "0707.1977": [
      420
    ],
    "0901.1584": [
      5564
    ],
    "0901.2039": [
      277
    ],
    "0901.3052": [
      492
    ],
    "0901.3224": [
      93
    ],
    "2511.14744v1": [
      2773
    ]
  }
}