{
  "12794": {
    "0704.2188": [
      2809
    ],
    "0705.0111": [
      295
    ],
    "0706.2180": [
      365
    ],
    "0706.2693": [
      1143
    ],
    "0706.4098": [
      1537
    ],
    "0706.4287": [
      1538
    ],
    "0707.0426": [
      991
    ],
    "0707.2211": [
      257
    ],
    "0707.2850": [
      1724
    ],
    "0707.4161": [
      3026
    ],
    "0812.3875": [
      1784
    ],
    "0812.4358": [
      4691,
      5070,
      5343,
      5356,
      5414
    ],
    "0901.4099": [
      2883
    ],
    "0902.0946": [
      2105
    ],
    "1007.1367": [
      3673
    ],
    "1007.3135": [
      3189
    ],
    "1007.4913": [
      14,
      164
    ],
    "1007.5392": [
      198,
      221,
      243,
      260,
      270,
      407,
      446,
      464,
      478,
      559,
      683,
      1455,
      1664,
      1795,
      1801,
      1828
    ],
    "1008.0162": [
      2497
    ],
    "1710.04653v2": [
      580,
      598,
      646,
      676,
      847,
      1257
    ],
    "1912.02581v1": [
      1602
    ],
    "2103.02045v1": [
      13086
    ],
    "2305.02249v1": [
      4,
      52,
      110,
      200,
      235,
      318,
      340,
      346,
      2493,
      2525,
      2549,
      2584,
      2706,
      2761,
      2789,
      2813,
      2848,
      3007,
      3116,
      3222,
      3297,
      3324,
      3348,
      3388,
      3467,
      3511,
      3729,
      3757
    ],
    "2402.01544v1": [
      2698
    ],
    "2508.09979v1": [
      1155,
      2114,
      2149,
      2171,
      3097,
      3317,
      4293,
      5771,
      5775,
      5778,
      5782
    ],
    "2508.16717v1": [
      3782
    ],
    "2509.07091v1": [
      3092
    ],
    "2509.20531v1": [
      2600
    ],
    "2509.26292v2": [
      1201,
      2142,
      3952
    ],
    "2510.13014v1": [
      522
    ],
    "2510.13339v1": [
      1193
    ],
    "2510.14519v1": [
      321,
      372
    ],
    "2510.15723v2": [
      1544
    ],
    "2510.21070v1": [
      3938,
      4293,
      36340
    ],
    "2510.24790v1": [
      1316,
      1509
    ],
    "2510.25500v1": [
      2105
    ],
    "2511.04254v1": [
      22977
    ],
    "2511.04269v1": [
      1718,
      1994
    ]
  },
  "19805": {
    "0704.3378": [
      250
    ],
    "0705.0555": [
      940
    ],
    "0705.1703": [
      1412
    ],
    "0706.0982": [
      345,
      347
    ],
    "0706.1089": [
      3926
    ],
    "0707.3398": [
      388
    ],
    "0901.0058": [
      3707,
      3822
    ],
    "0901.1491": [
      519
    ],
    "0901.1591": [
      694
    ],
    "0901.2728": [
      48,
      468,
      2374
    ],
    "0901.4651": [
      297
    ],
    "0902.0330": [
      12
    ],
    "1007.3167": [
      7,
      36,
      69,
      77,
      81,
      332,
      1502
    ],
    "1008.0299": [
      2078
    ],
    "1008.0898": [
      343
    ],
    "1008.1797": [
      52,
      473
    ],
    "1008.4736": [
      640
    ],
    "1803.02483v3": [
      399
    ]
  },
  "51272": {
    "0704.3958": [
      493
    ],
    "0812.3875": [
      528
    ],
    "1007.2736": [
      244
    ],
    "1007.3544": [
      3592
    ],
    "1007.3864": [
      554
    ],
    "1007.3908": [
      1002
    ],
    "1008.3518": [
      464
    ],
    "2402.01544v1": [
      2703
    ]
  },
  "7834": {
    "0706.1089": [
      593,
      608,
      646,
      650,
      688,
      691,
      821,
      832,
      865,
      876,
      884,
      1679,
      3993,
      4013,
      4026,
      4039,
      4053,
      4059,
      4070
    ],
    "0707.3180": [
      6,
      22,
      34,
      54,
      55,
      73,
      79,
      104,
      112,
      143,
      151,
      160,
      175,
      178,
      181,
      186,
      192,
      199,
      209,
      216,
      222,
      234,
      251,
      343,
      360,
      384,
      403,
      451,
      459,
      460,
      465,
      471,
      477,
      506,
      508,
      530,
      537,
      563,
      568,
      592,
      613,
      625,
      635,
      652,
      672,
      685,
      694,
      708,
      717,
      726,
      744,
      765,
      776,
      785,
      813,
      822,
      834,
      842,
      845,
      869,
      875,
      886,
      944,
      963,
      970,
      997,
      1000,
      1007,
      1018,
      1027,
      1038,
      1056,
      1058,
      1079,
      1085,
      1088,
      1151,
      1160,
      1175,
      1186,
      1201,
      1265,
      1276,
      1288,
      1294,
      1301,
      1312,
      1333,
      1339,
      1345,
      1364,
      1398,
      1402,
      1414,
      1422,
      1429,
      1438,
      1443,
      1448,
      1454,
      1474,
      1477,
      1480,
      1489,
      1501,
      1509,
      1514,
      1537,
      1544,
      1559,
      1577,
      1593,
      1599,
      1614,
      1629,
      1632,
      1646,
      1661,
      1708,
      1761,
      1783,
      1801,
      1810,
      1820,
      1847
    ],
    "0707.3181": [
      5,
      32,
      44,
      64,
      65,
      80,
      87,
      96,
      107,
      109,
      117,
      126,
      134,
      148,
      161,
      166,
      174,
      183,
      184,
      257,
      267,
      276,
      295,
      297,
      302,
      315,
      335,
      337,
      347,
      351,
      364,
      384,
      404,
      445,
      468,
      478,
      494,
      501,
      506,
      529,
      551,
      558,
      566,
      571,
      579,
      590,
      593,
      599,
      610,
      620,
      634,
      675,
      689,
      705,
      716,
      724,
      757,
      780,
      787,
      789,
      797,
      800,
      809,
      822,
      830,
      844,
      858,
      871,
      883,
      893,
      903,
      930,
      935,
      949,
      959,
      972,
      981,
      993,
      1013,
      1031,
      1051,
      1094,
      1100,
      1115,
      1130,
      1133,
      1147,
      1162,
      1209,
      1276,
      1296,
      1308,
      1319,
      1334,
      1367
    ],
    "0707.3184": [
      6,
      12,
      39,
      49,
      60,
      85,
      92,
      98,
      119,
      152,
      156,
      164,
      168,
      182,
      186,
      196,
      198,
      205,
      220,
      234,
      246,
      257,
      262,
      276,
      283,
      291,
      306,
      309,
      313,
      323,
      326,
      344,
      353,
      356,
      365,
      439,
      458,
      485,
      507,
      515,
      528,
      529,
      532,
      535,
      546,
      559,
      567,
      570,
      577,
      579,
      591,
      631,
      635,
      654,
      659,
      666,
      674,
      675,
      685,
      689,
      693,
      697,
      717,
      726,
      733,
      755,
      780,
      786,
      816,
      829,
      843,
      845,
      849,
      861,
      948,
      954,
      958,
      965,
      988,
      1017,
      1023,
      1028,
      1036,
      1037,
      1048,
      1066,
      1074,
      1083,
      1093,
      1101,
      1115,
      1139,
      1145,
      1159,
      1169,
      1189,
      1229,
      1244,
      1245,
      1257,
      1278,
      1289,
      1303,
      1324,
      1328,
      1364,
      1387,
      1390,
      1414,
      1418,
      1428,
      1435,
      1444,
      1468,
      1494,
      1505,
      1511,
      1524,
      1544,
      1559,
      1562,
      1576,
      1591,
      1638,
      1686,
      1699,
      1712,
      1727,
      1738,
      1750
    ],
    "0708.0028": [
      1563
    ],
    "0708.0043": [
      321,
      1932
    ],
    "1008.4782": [
      3661,
      4026
    ],
    "2003.03231v1": [
      26848
    ],
    "2008.10337v1": [
      5226
    ],
    "2103.02045v1": [
      3014,
      3556,
      3724
    ],
    "2203.01656v1": [
      5421,
      14794,
      17583
    ],