{
  "31955": {
    "0704.0047": [
      1698
    ],
    "0705.0136": [
      2779
    ],
    "0812.4342": [
      2869
    ],
    "0902.2362": [
      5240
    ],
    "1008.1283": [
      1035
    ]
  },
  "17796": {
    "0704.0259": [
      6096
    ],
    "0704.1523": [
      11,
      70,
      669,
      1593,
      4276,
      4319,
      4594,
      4861,
      4869,
      4880,
      4889,
      5027,
      5065,
      5080
    ],
    "0704.1525": [
      1596,
      4446,
      4735,
      4746,
      4757,
      4769,
      4787,
      5292
    ],
    "0704.1636": [
      2422,
      2546
    ],
    "0704.2721": [
      1308
    ],
    "0704.2887": [
      4565
    ],
    "0704.3068": [
      6605
    ],
    "0705.0475": [
      7088,
      7108,
      7575,
      7589,
      7598,
      7692
    ],
    "0705.2404": [
      333,
      586
    ],
    "0705.3438": [
      3713
    ],
    "0706.2723": [
      3872
    ],
    "0707.1596": [
      22303
    ],
    "0707.4301": [
      2370
    ],
    "0812.4290": [
      1673,
      2991,
      3001,
      3458,
      4180,
      4488,
      4498,
      4508,
      4520,
      4666,
      4685,
      4932,
      4962
    ],
    "0812.4525": [
      3444,
      3496,
      3535,
      3542
    ],
    "0812.4920": [
      3743
    ],
    "0812.4995": [
      9518
    ],
    "0901.2651": [
      1496
    ],
    "0901.4557": [
      2304
    ],
    "1007.1465": [
      2517,
      2521,
      3176,
      3183,
      3295,
      3465,
      3474
    ],
    "1007.2890": [
      2604,
      2708,
      2744
    ],
    "1007.2954": [
      5384
    ],
    "1008.0865": [
      3705
    ],
    "1008.1058": [
      4331
    ],
    "1008.1077": [
      1483,
      1495
    ],
    "1008.1105": [
      3155
    ],
    "1008.1542": [
      8403
    ],
    "1008.2209": [
      4315,
      4405,
      4429
    ],
    "1008.2320": [
      58
    ],
    "1008.4109": [
      693,
      2604,
      2641,
      2661,
      11237,
      16324
    ],
    "1008.4545": [
      3851
    ],
    "1008.4669": [
      1314
    ],
    "1008.4965": [
      3249
    ],
    "1008.5320": [
      1800,
      1979
    ],
    "1009.0461": [
      7564
    ],
    "2006.04669v3": [
      4126
    ],
    "2009.12633v1": [
      3078,
      3101
    ],
    "2011.08650v1": [
      4703,
      4707,
      4926
    ],
    "2103.01793v1": [
      2046
    ],
    "2105.06087v1": [
      4938
    ],
    "2109.05051v1": [
      2893,
      2988
    ],
    "2110.06111v1": [
      10692
    ],
    "2203.02847v1": [
      4306
    ],
    "2205.09748v1": [
      4675,
      4680,
      4797,
      4927,
      4933
    ],
    "2207.13864v1": [
      5201
    ],
    "2209.14545v1": [
      29548
    ],
    "2304.09570v2": [
      110
    ],
    "2306.03776v1": [
      6201
    ],
    "2307.12411v2": [
      6004,
      6022,
      9036
    ],
    "2401.01230v1": [
      27
    ],
    "2404.16396v1": [
      4272
    ],
    "2405.03876v1": [
      4056
    ],
    "2406.00875v1": [
      18122
    ],
    "2410.04595v1": [
      7793,
      8018,
      8162,
      8180,
      8338,
      8363,
      8378,
      8439
    ],
    "2411.11936v1": [
      3824,
      4244
    ],
    "2503.06971v3": [
      2914,
      3172
    ],
    "2504.04177v1": [
      3662,
      4530
    ],
    "2504.05283v1": [
      5803,
      5826,
      5954
    ],
    "2505.07195v1": [
      4322
    ],
    "2509.15384v1": [
      3611
    ],
    "2509.15727v2": [
      9257
    ],
    "2510.01018v1": [
      4282
    ],
    "2511.10927v1": [
      62341,
      62345
    ],
    "2511.14326v1": [
      13879
    ]
  },
  "24930": {
    "0704.1208": [
      34
    ],
    "0704.1859": [
      1022
    ],
    "0704.2784": [
      12625
    ],
    "0706.3356": [
      39738
    ],
    "0706.3395": [
      2526,
      2531
    ],
    "0706.3973": [
      6372
    ],
    "0707.0394": [
      3720,
      3739
    ],
    "0707.1019": [
      6099
    ],
    "0707.1976": [
      260
    ],
    "0707.2327": [
      1707,
      1726
    ],
    "0812.4977": [
      1266
    ],
    "0901.0224": [
      3791
    ],
    "0901.2264": [
      6151
    ],
    "0902.1645": [
      2665,
      2698
    ],
    "0902.2818": [
      10811
    ],
    "1008.0020": [
      3313
    ],
    "1802.04154v1": [
      13163
    ],
    "1903.08748v1": [
      5392
    ],
    "2006.02556v1": [
      3945
    ],
    "2104.08217v1": [
      5690,
      5716
    ],
    "2109.14428v1": [
      5311,
      5316
    ],
    "2209.14545v1": [
      28515
    ],
    "2301.02727v1": [
      35417,
      35421,
      35436
    ],
    "2303.14165v2": [
      2467,
      2477
    ],
    "2304.00452v1": [
      5163
    ],
    "2304.00453v1": [
      3294,
      3765
    ],
    "2304.00454v1": [
      3464
    ],
    "2311.00505v1": [
      4761
    ],
    "2403.03131v1": [
      7373
    ],
    "2406.08376v1": [
      4182
    ],
    "2409.07411v1": [
      2340,
      3736
    ],
    "2410.02351v1": [
      9219
    ],
    "2410.05913v1": [
      2440
    ],
    "2501.10813v1": [
      1098,
      1176
    ],
    "2505.09537v1": [
      2851
    ],
    "2509.19468v1": [
      6626
    ]
  },
  "35959": {
    "0704.1343": [
      170
    ],
    "0705.2687": [
      1478
    ],
    "0706.1232": [
      7903
    ],
    "0708.0076": [
      3934
    ],
    "0902.0831": [
      1691
    ],
    "1009.1201": [
      2277
    ],
    "1009.1211": [
      4203
    ],
    "2008.13180v1": [
      912,
      1023,
      1303,
      1338,
      2628
    ],
    "2401.04212v1": [
      638
    ],
    "2405.12754v3": [
      1922
    ],
    "2508.08699v1": [
      10600
    ],
    "2509.10883v1": [
      74126,
      74219,
      74499
    ],
    "2510.12958v1": [
      4013
    ],
    "2510.23400v1": [
      1529
    ],
    "2511.14720v1": [
      3691,
      4188
    ]
  },
  "39323": {
    "0704.1343": [
      452
    ],
    "0705.1232": [
      2969
    ],
    "2111.12196v2": [
      4815
    ],
    "2403.10788v1": [
      3087
    ]
  },
  "27500": {
    "0704.2177": [
      5162
    ],
    "0705.2831": [
      5551
    ],
    "0706.2712": [
      2902
    ],
    "0706.3424": [
      2568
    ],
    "0708.0149": [
      2748
    ],
    "0901.0718": [
      3326
    ],
    "2509.03120v1": [
      2592
    ],
    "2509.21304v1": [
      5587
    ],
    "2511.07596v2": [
      6098
    ]
  },
  "31954": {
    "0704.3246": [
      1039
    ],
    "0901.4075": [
      2357,
      2372,
      2396
    ],
    "1008.2742": [
      4029
    ]
  },
  "45510": {
    "0705.4139": [
      5489
    ]
  },
  "30472": {
    "0706.2748": [
      269,
      282
    ],
    "0707.0221": [
      6652
    ],
    "1009.0046": [
      585
    ],
    "1009.0825": [
      2457
    ],
    "1809.07620v2": [
      4151
    ]
  },
  "52123": {
    "0706.3216": [
      2151
    ]
  },
  "45509": {
    "0901.3173": [
      1414
    ]
  },
  "35958": {
    "0902.0255": [
      882
    ],
    "2304.01553v1": [
      180
    ],
    "2407.09670v1": [
      4953
    ]
  },
  "45508": {
    "0902.1119": [
      607
    ]
  },
  "39322": {
    "1007.3205": [
      607
    ],
    "2209.05831v1": [
      815
    ]
  },
  "45507": {
    "1007.4192": [
      2108
    ]
  },
  "20074": {
    "1903.02461v2": [
      1512,
      1514,
      1525,
      2545,
      2747,
      2749,
      3088,
      3101,
      3120,
      3765,
      3771,
      3775,
      3779
    ],
    "1903.07501v1": [
      5327
    ],
    "2104.00112v1": [
      874,
      1486,
      1928,
      2035,
      2065,
      3105,
      3621,
      3625
    ],
    "2105.02780v1": [
      1166,
      1169,
      1173,
      2964
    ],
    "2306.09645v1": [
      7207
    ]
  }
}