{
  "14101": {
    "0704.0134": [
      2897,
      3030
    ],
    "0705.0393": [
      2330
    ],
    "0705.1955": [
      1009
    ],
    "0705.1994": [
      4717,
      4940,
      5218
    ],
    "0705.2828": [
      2563
    ],
    "0705.3294": [
      1667
    ],
    "0705.3313": [
      982
    ],
    "0705.4195": [
      3712
    ],
    "0706.2973": [
      982
    ],
    "0706.4265": [
      2774
    ],
    "0707.2302": [
      1842
    ],
    "0707.2303": [
      4645
    ],
    "0707.4058": [
      2522
    ],
    "0812.4218": [
      2637
    ],
    "0902.0784": [
      1588
    ],
    "0902.2127": [
      2092
    ],
    "1007.1125": [
      2341
    ],
    "1008.0590": [
      2839
    ],
    "1008.0875": [
      280
    ],
    "1008.1061": [
      241
    ],
    "1008.1102": [
      158,
      257,
      509,
      598,
      621,
      625,
      640,
      823,
      978,
      1477,
      1532
    ],
    "1008.1606": [
      1670,
      1673,
      1757,
      1764,
      1827,
      1849,
      1905,
      1931,
      1952,
      1974,
      2030,
      2065,
      2199,
      2682,
      2709
    ],
    "1008.2078": [
      198
    ],
    "1008.2699": [
      1015,
      1608,
      2573,
      2673,
      2818,
      5103,
      5159,
      6580
    ],
    "1008.3086": [
      1859
    ],
    "1008.3529": [
      454,
      1794
    ],
    "1008.4312": [
      1892
    ],
    "1009.0562": [
      3231
    ],
    "1707.06249v1": [
      3216
    ],
    "2010.00699v3": [
      4888
    ],
    "2204.13058v1": [
      1948
    ],
    "2508.00796v1": [
      2176
    ],
    "2508.18348v1": [
      4431,
      5289
    ],
    "2510.17774v1": [
      5546
    ],
    "2510.21626v1": [
      2458
    ],
    "2510.22900v1": [
      1305
    ],
    "2511.02801v1": [
      5967,
      6093
    ],
    "2511.04781v1": [
      6749
    ],
    "2511.10491v2": [
      5653
    ],
    "2511.12711v1": [
      590,
      1735
    ],
    "2511.13617v1": [
      4742
    ],
    "2511.14752v1": [
      1509,
      1519
    ]
  },
  "16999": {
    "0704.0393": [
      1048,
      1077
    ],
    "0704.1402": [
      2347
    ],
    "0704.1713": [
      2580
    ],
    "0704.2282": [
      153,
      523,
      4775,
      4783,
      4802
    ],
    "0704.2741": [
      2539
    ],
    "0704.2782": [
      3568
    ],
    "0704.3982": [
      3780,
      3798
    ],
    "0705.0114": [
      34486
    ],
    "0705.0512": [
      3317,
      3478
    ],
    "0705.0784": [
      1404
    ],
    "0705.0905": [
      2046,
      3810
    ],
    "0705.1022": [
      2771
    ],
    "0705.1113": [
      1856,
      1894
    ],
    "0705.1925": [
      1872
    ],
    "0705.3123": [
      336,
      3016,
      3060
    ],
    "0705.3175": [
      2038
    ],
    "0705.3694": [
      1995
    ],
    "0705.4379": [
      4085
    ],
    "0706.0069": [
      1724
    ],
    "0706.0427": [
      17415
    ],
    "0706.0722": [
      1334,
      3114
    ],
    "0706.0945": [
      3198,
      3248
    ],
    "0706.2305": [
      1905
    ],
    "0706.2966": [
      8381,
      8443,
      8451,
      8469
    ],
    "0706.3076": [
      1843
    ],
    "0706.3190": [
      6057
    ],
    "0707.0397": [
      4281
    ],
    "0707.2610": [
      4356
    ],
    "0707.2827": [
      4563
    ],
    "0707.3381": [
      4231
    ],
    "0707.3434": [
      4278
    ],
    "0707.4662": [
      6918
    ],
    "0901.0909": [
      5294
    ],
    "0901.1823": [
      14084,
      14112
    ],
    "0901.1844": [
      3181,
      3209
    ],
    "0901.2768": [
      1723
    ],
    "0901.2771": [
      1229
    ],
    "0901.3032": [
      1641
    ],
    "0901.3224": [
      1617,
      2864
    ],
    "0901.3359": [
      7083,
      7089,
      7294,
      7324,
      7328
    ],
    "0901.3706": [
      3699
    ],
    "0901.3841": [
      4686
    ],
    "0901.4648": [
      1011
    ],
    "0901.4813": [
      1716
    ],
    "0901.4931": [
      3833
    ],
    "0902.1197": [
      1800
    ],
    "0902.1659": [
      1422
    ],
    "0902.1853": [
      15437
    ],
    "0902.2347": [
      1273,
      1298
    ],
    "0902.2819": [
      1163,
      1188,
      1296
    ],
    "0902.3113": [
      11,
      204,
      743,
      1261,
      1671,
      2141,
      2676,
      3081,
      3521,
      3843,
      4259,
      4434,
      4801,
      4998
    ],
    "1007.2089": [
      2009
    ],
    "1007.2264": [
      3619
    ],
    "1007.5226": [
      4636
    ],
    "1008.1083": [
      6627
    ],
    "1008.2203": [
      3175
    ],
    "1008.3117": [
      3752
    ],
    "1008.3179": [
      10110
    ],
    "1008.4043": [
      24,
      4762
    ],
    "1008.5043": [
      809
    ],
    "1008.5066": [
      303,
      315,
      1418,
      1456,
      1481
    ],
    "1009.0205": [
      2569
    ],
    "1009.0276": [
      1600,
      1709,
      1718
    ],
    "1009.0460": [
      4000,
      4325,
      4431,
      4463,
      4712
    ],
    "1009.1273": [
      1192
    ],
    "1907.07989v1": [
      7245
    ],
    "2103.08424v1": [
      4161,
      4163,
      4559
    ],
    "2105.02783v1": [
      2559
    ],
    "2207.04728v2": [
      6872,
      6874
    ],
    "2208.04485v2": [
      14310
    ],
    "2210.02135v1": [
      6140
    ],
    "2306.07451v1": [
      3165
    ],
    "2501.10528v1": [
      4428
    ],
    "2505.05373v1": [
      2902
    ],
    "2506.12423v2": [
      2581
    ],
    "2508.18410v1": [
      9324,
      9332,
      9369
    ],
    "2509.15727v2": [
      9639
    ],
    "2509.21467v1": [
      17747
    ],
    "2510.01856v2": [
      1724
    ],
    "2510.15088v1": [
      514,
      2548
    ],
    "2511.06670v1": [
      6287
    ]
  },
  "16443": {
    "0705.2828": [
      2577,
      2580,
      2589,
      2632,
      2638,
      2648,
      4938
    ],
    "0706.0581": [
      22,
      135,
      225,
      236,
      265,
      419,
      996,
      1017,
      1021,
      1729,
      1875
    ],
    "0901.3797": [
      4801,
      4812
    ],
    "1008.1102": [
      23,
      498,
      501,
      511,
      597,
      614,
      639,
      671,
      678,
      694,
      749,
      842,
      907,
      926,
      962,
      1022,
      1024,
      1041,
      1082,
      1335,
      1344,
      1392,
      1401,
      1492,
      1511,
      1519,
      1529,
      1535,
      1677
    ],
    "1008.1606": [
      1585,
      1605,
      1610,
      1629,
      1634,
      1737,
      1739
    ],
    "1008.3529": [
      430,
      433,
      445,
      478,
      552,
      554,
      1091,
      1582,
      1805,
      1884,
      1970,
      2046,
      2079,
      2192
    ]
  },
  "50935": {
    "0901.0569": [
      1112
    ]
  }
}