{
  "15276": {
    "0704.2240": [
      702
    ],
    "0705.3421": [
      980,
      2986
    ],
    "0705.3622": [
      89,
      1183,
      1189,
      1376,
      1407,
      1485,
      1531
    ],
    "0707.1719": [
      1446
    ],
    "0707.2225": [
      984,
      1012
    ],
    "0901.4929": [
      1917
    ],
    "0902.0260": [
      353,
      372,
      401,
      480,
      1228,
      1319
    ],
    "1007.1144": [
      1073,
      1234,
      1251,
      1275,
      1735,
      8494
    ],
    "1008.2222": [
      14911
    ],
    "1008.2656": [
      77,
      1000
    ],
    "1008.3790": [
      331
    ],
    "1008.4475": [
      7,
      56,
      148,
      161,
      164,
      201,
      220,
      310,
      369,
      398,
      400,
      458,
      564,
      611,
      786,
      996,
      1010,
      1101,
      1115,
      1183,
      1218,
      1292,
      1314,
      1340,
      1349
    ],
    "1810.10861v2": [
      379,
      10427
    ],
    "2204.00101v1": [
      1139
    ],
    "2407.01915v1": [
      712
    ],
    "2503.22245v1": [
      945
    ],
    "2505.16825v1": [
      559
    ],
    "2505.24335v1": [
      784
    ],
    "2510.12203v1": [
      22459
    ],
    "2510.22958v1": [
      1894
    ]
  }
}