{
  "44562": {
    "0707.4539": [
      10599
    ],
    "0901.0555": [
      4182
    ],
    "0901.1843": [
      3110
    ],
    "1009.1352": [
      6952
    ],
    "1906.05728v1": [
      4014
    ],
    "2212.07323v2": [
      1424
    ],
    "2310.02834v5": [
      4428
    ]
  }
}