{
  "50954": {
    "0704.1416": [
      2993
    ],
    "1007.2590": [
      2168,
      2308,
      2318,
      2325
    ],
    "1007.5172": [
      1808,
      6505,
      6668
    ],
    "1008.3263": [
      13,
      3080,
      3090
    ],
    "2311.04376v2": [
      10528
    ],
    "2511.14589v1": [
      5591
    ]
  }
}