{
  "52843": {
    "0705.2647": [
      1131,
      1196,
      1204
    ],
    "0705.3602": [
      2826,
      2915,
      3024,
      3028
    ],
    "0707.1245": [
      8828
    ],
    "0707.3535": [
      3775
    ],
    "0812.3914": [
      406
    ],
    "0901.0514": [
      1107
    ],
    "0901.1380": [
      868,
      872
    ],
    "0901.2430": [
      159,
      178,
      199,
      221,
      245,
      254,
      1575
    ],
    "0901.2436": [
      45
    ],
    "0901.3478": [
      3220
    ],
    "0902.1479": [
      2405
    ],
    "0902.1738": [
      1842,
      1846,
      1857,
      1901,
      1927,
      1936,
      1947,
      1953,
      1959,
      1967,
      1993,
      2950,
      3456,
      3532
    ],
    "0902.1791": [
      1588,
      1589,
      1590
    ],
    "0902.3229": [
      15
    ],
    "1007.1662": [
      4198
    ],
    "1007.1710": [
      1100
    ],
    "1007.5394": [
      825,
      837,
      847,
      851,
      853,
      866,
      867,
      869,
      870,
      881,
      884,
      913,
      919,
      948,
      955,
      959,
      1049,
      1174,
      1175,
      1342,
      1394,
      1402,
      1428,
      1434,
      2108,
      3382,
      3428,
      3484,
      3507,
      3566,
      3590,
      3606,
      3630,
      3670,
      3671,
      3691,
      3714,
      3741,
      3766,
      3838,
      3859,
      3907,
      3931,
      4015,
      4038
    ],
    "1008.0344": [
      4
    ],
    "1008.0764": [
      248,
      432,
      2199,
      2238,
      2480,
      2576,
      2728,
      3011,
      3016
    ],
    "1008.3552": [
      7
    ],
    "1909.06417v1": [
      306,
      335,
      5391,
      5627,
      5663,
      5845,
      6457
    ],
    "2005.12757v1": [
      3227
    ],
    "2405.08951v1": [
      758
    ],
    "2412.07897v1": [
      2141,
      2148,
      2170
    ],
    "2503.08520v2": [
      459,
      475
    ],
    "2504.03374v1": [
      218,
      231
    ],
    "2508.03624v1": [
      566,
      5798
    ],
    "2509.03248v1": [
      1749
    ],
    "2509.08393v1": [
      33,
      306,
      465,
      502,
      780,
      926,
      2236,
      2652,
      2988,
      4285,
      4507,
      4550,
      4585,
      6588,
      6737,
      6769,
      9957
    ],
    "2509.12898v1": [
      329,
      341,
      371,
      4363,
      4389,
      4490,
      5081
    ],
    "2509.21238v2": [
      53,
      120,
      612,
      3318
    ],
    "2510.00138v2": [
      243,
      579,
      646,
      964,
      1025,
      1026,
      1027,
      1029,
      1039,
      1096,
      1106,
      1140,
      1169,
      1194,
      1225,
      1237,
      1305,
      1455,
      1470,
      1503,
      1586,
      1740,
      1889,
      2743,
      2816,
      2830,
      2834,
      3194,
      3241,
      3335,
      4229,
      4466,
      4528,
      4591
    ],
    "2510.07187v1": [
      1573,
      1628
    ],
    "2510.14294v1": [
      127,
      348,
      581,
      658,
      660,
      674,
      745,
      1280,
      1286,
      1326,
      1355,
      1405,
      1447,
      1455,
      1645,
      1683,
      1875,
      1883,
      1923,
      1947,
      2027,
      2032,
      2047,
      2050,
      2090,
      2115,
      2140,
      2167,
      2181,
      2210,
      2291,
      2352,
      2535,
      2594,
      2697,
      2848,
      2919,
      2926
    ],
    "2510.21070v1": [
      7469
    ],
    "2510.23218v1": [
      810,
      828
    ],
    "2511.00515v1": [
      731,
      872
    ],
    "2511.01979v1": [
      600
    ],
    "2511.02811v1": [
      871
    ],
    "2511.07590v1": [
      205,
      388
    ],
    "2511.08830v1": [
      1677
    ],
    "2511.10751v2": [
      507,
      520,
      557,
      626,
      669,
      1278,
      1797,
      1843,
      3196,
      3256,
      3273,
      5231,
      5433,
      5873,
      6062,
      6129
    ]
  }
}