{
  "52509": {
    "0704.3010": [
      1693,
      1993,
      2042
    ],
    "0705.0737": [
      7520,
      7545,
      7553
    ],
    "0705.1514": [
      4100,
      8205
    ],
    "0706.2632": [
      608,
      1419,
      1422
    ],
    "0707.1353": [
      1447
    ],
    "0901.0546": [
      2131
    ],
    "0901.2915": [
      2483,
      2490,
      2500,
      2529,
      2536
    ],
    "0902.2623": [
      4818
    ],
    "1007.3546": [
      636
    ],
    "1008.1346": [
      5454
    ],
    "2312.07167v1": [
      3090,
      3304
    ],
    "2511.09719v1": [
      735
    ]
  }
}