{
  "18434": {
    "0704.0495": [
      384,
      396,
      427,
      542,
      617,
      763,
      803,
      887,
      919,
      923,
      1126,
      1166
    ],
    "0704.1059": [
      35,
      436
    ],
    "0704.2750": [
      322,
      370
    ],
    "0705.2538": [
      709,
      724,
      771
    ],
    "0706.2320": [
      796,
      819
    ],
    "0902.1107": [
      10339
    ],
    "1007.4150": [
      2364,
      2367,
      2428,
      2434,
      2493,
      2498,
      2506,
      2516,
      2559
    ],
    "1008.3860": [
      1522,
      1543,
      1572
    ],
    "1909.06417v1": [
      3465
    ],
    "2509.08426v1": [
      878
    ]
  },
  "47753": {
    "1007.4150": [
      2348
    ]
  }
}