{
  "52136": {
    "0704.3013": [
      1177,
      1200
    ],
    "0902.0312": [
      2070
    ],
    "0902.1538": [
      1579
    ],
    "1007.2028": [
      617
    ],
    "1007.2913": [
      1621,
      1687
    ],
    "2402.01544v1": [
      2424,
      2736,
      2905,
      2916,
      3438,
      3624,
      8579,
      8582,
      8652
    ]
  },
  "22711": {
    "0706.3952": [
      2320
    ],
    "0707.0808": [
      1585
    ],
    "2402.01544v1": [
      2423,
      2739,
      2913,
      2921,
      2948,
      9709,
      9712
    ],
    "2501.08584v1": [
      411,
      540,
      2816,
      2971,
      3242,
      3466,
      3836
    ],
    "2509.06103v1": [
      827,
      5291
    ]
  }
}