{
  "51856": {
    "0704.3194": [
      2967,
      3008
    ],
    "0705.4532": [
      588
    ],
    "0706.3227": [
      2760
    ],
    "0707.0271": [
      1644
    ],
    "0707.3241": [
      3768,
      3803,
      3953,
      3992,
      4010,
      4048
    ],
    "0812.4837": [
      3568,
      3755,
      3764
    ],
    "0901.2460": [
      1388
    ],
    "1007.1263": [
      2330,
      2833
    ],
    "1007.1897": [
      125,
      133,
      245,
      254,
      361,
      362,
      398,
      646,
      661,
      729,
      940,
      977,
      994,
      1029,
      1030,
      1031,
      1033,
      1034,
      1037,
      1038,
      1068,
      1069,
      1123,
      1135,
      1136,
      1144,
      1172,
      1209,
      1219,
      1224,
      1571,
      1577,
      2330,
      2349
    ],
    "1007.1930": [
      231
    ],
    "1007.4893": [
      238
    ],
    "1008.4327": [
      432
    ],
    "1008.4649": [
      1207
    ],
    "1009.0048": [
      1218
    ],
    "2206.02478v1": [
      11712
    ],
    "2206.04279v1": [
      4310
    ],
    "2410.16585v1": [
      107,
      345,
      374,
      473,
      506,
      517,
      860,
      914,
      992,
      1172,
      1204,
      1227,
      1238,
      1239,
      1242,
      1243,
      1300,
      1405,
      1409,
      1527,
      1538,
      1539,
      1552,
      1563,
      1606,
      1630,
      1645,
      1740,
      1755,
      1784,
      1845,
      1864,
      1875,
      1882,
      1921,
      1987,
      2041,
      2451,
      2505,
      2585
    ],
    "2506.05978v1": [
      1270,
      1288
    ]
  }
}