{
  "52881": {
    "2511.03926v2": [
      2114
    ],
    "2511.12362v1": [
      1198
    ]
  }
}