{
  "53058": {
    "0705.3203": [
      540
    ],
    "0706.4104": [
      2172
    ],
    "0707.1491": [
      453
    ],
    "0901.0174": [
      295,
      406,
      464,
      516,
      1241,
      1542,
      1561,
      1569,
      1593,
      1650,
      1745,
      1913,
      1944,
      2827
    ],
    "0901.1369": [
      39
    ],
    "0901.2068": [
      1738
    ],
    "0902.1106": [
      1385
    ],
    "1007.1789": [
      1179
    ],
    "1007.2490": [
      3444
    ],
    "1007.4173": [
      3296
    ],
    "1008.1344": [
      303
    ],
    "1008.1795": [
      255
    ],
    "1009.0619": [
      612
    ],
    "1908.09524v2": [
      1000
    ],
    "2402.12829v2": [
      14556
    ]
  },
  "53059": {
    "0705.3887": [
      2942
    ]
  }
}