{
  "41684": {
    "0705.1987": [
      2478
    ],
    "0705.2642": [
      1171
    ],
    "2307.12411v2": [
      4920
    ],
    "2510.20823v2": [
      1174
    ]
  }
}