{
  "53580": {
    "0705.3432": [
      1932,
      3151,
      3152
    ],
    "0705.3434": [
      1732,
      1751
    ],
    "0707.0152": [
      2642,
      3482
    ],
    "0707.4289": [
      1619
    ],
    "0901.1414": [
      1207
    ],
    "0901.3795": [
      2486
    ],
    "0902.0602": [
      1618
    ],
    "1008.0116": [
      539
    ],
    "1008.1052": [
      746
    ],
    "2405.18903v1": [
      1938
    ],
    "2509.25943v1": [
      7034
    ],
    "2511.00253v1": [
      119520
    ],
    "2511.10394v1": [
      5013
    ]
  }
}