{
  "34444": {
    "0704.0782": [
      4445,
      4463,
      6156
    ],
    "0705.0851": [
      501
    ],
    "0901.4597": [
      2321,
      2330
    ],
    "1008.2630": [
      41
    ],
    "1908.01932v2": [
      4827
    ],
    "2204.01377v1": [
      492
    ],
    "2306.03776v1": [
      637
    ]
  }
}