{
  "47628": {
    "0705.0857": [
      6280
    ],
    "1007.3348": [
      944
    ],
    "1705.07893v1": [
      1346
    ],
    "1901.04961v2": [
      633,
      767,
      3539
    ],
    "2103.03347v2": [
      876,
      887,
      898,
      923,
      941,
      961,
      1047,
      1085,
      1119,
      1129,
      1221,
      1232,
      1478,
      2426,
      3217,
      5909
    ],
    "2303.14209v3": [
      6954
    ]
  }
}