{
  "53594": {
    "0704.0071": [
      440
    ],
    "0704.3147": [
      1013
    ],
    "0705.1130": [
      15139
    ],
    "0705.1154": [
      2429,
      2431,
      2558
    ],
    "0705.1950": [
      1574
    ],
    "0705.3399": [
      2035
    ],
    "0706.2413": [
      602
    ],
    "0706.2540": [
      4113
    ],
    "0707.1274": [
      1386
    ],
    "0707.2108": [
      10662,
      10665,
      10666,
      10667,
      10669,
      10670
    ],
    "0707.3108": [
      250
    ],
    "0707.3919": [
      1168
    ],
    "0707.4366": [
      2346
    ],
    "0707.4466": [
      1013
    ],
    "0901.2028": [
      2789
    ],
    "0902.0525": [
      1036
    ],
    "0902.2888": [
      1546,
      2755
    ],
    "0902.3160": [
      2809,
      2815
    ],
    "1007.1998": [
      4670
    ],
    "1007.4233": [
      668
    ],
    "1008.1025": [
      600
    ],
    "1008.3044": [
      669
    ],
    "1009.0804": [
      1280
    ],
    "1009.1039": [
      2564,
      2980
    ],
    "1009.1294": [
      2220,
      2226
    ],
    "2412.19816v1": [
      233
    ],
    "2509.09605v1": [
      4174
    ]
  }
}