{
  "18902": {
    "0704.0716": [
      8532
    ],
    "0704.1186": [
      1702
    ],
    "0704.3087": [
      1513
    ],
    "0704.3213": [
      7144
    ],
    "0705.1499": [
      2802
    ],
    "0705.1951": [
      19828,
      20794,
      21532
    ],
    "0705.3028": [
      1185
    ],
    "0706.1177": [
      6656
    ],
    "0706.1631": [
      970
    ],
    "0707.2446": [
      1778
    ],
    "0812.4167": [
      2403
    ],
    "0812.4556": [
      1689
    ],
    "0812.4557": [
      4286
    ],
    "0812.4908": [
      189
    ],
    "0901.0277": [
      1209
    ],
    "0902.0567": [
      3197
    ],
    "0902.1626": [
      3179
    ],
    "0902.2061": [
      68
    ],
    "1007.0946": [
      5096
    ],
    "1007.1467": [
      6394,
      6626
    ],
    "1007.2007": [
      8205
    ],
    "1008.0689": [
      1417
    ],
    "1008.1052": [
      1143
    ],
    "1008.1355": [
      8600
    ],
    "1008.2510": [
      1749
    ],
    "1008.3681": [
      2802
    ],
    "1008.4321": [
      3047
    ],
    "1008.5290": [
      3520
    ],
    "1008.5355": [
      1839
    ],
    "2209.14545v1": [
      32533
    ]
  },
  "36227": {
    "0704.2779": [
      2712
    ],
    "2101.02804v3": [
      5652
    ],
    "2501.00176v1": [
      4652
    ]
  }
}