{
  "23154": {
    "0704.0458": [
      1831
    ],
    "0704.0868": [
      3959
    ],
    "0704.3330": [
      1496
    ],
    "0705.2319": [
      36
    ],
    "0705.3894": [
      3929
    ],
    "0705.4002": [
      1463
    ],
    "0705.4175": [
      2120
    ],
    "0706.0996": [
      12
    ],
    "0706.3441": [
      4200,
      4220,
      4223,
      4250
    ],
    "0707.0246": [
      1383
    ],
    "0707.2129": [
      1495
    ],
    "0707.2783": [
      14560
    ],
    "0707.3312": [
      2151
    ],
    "0707.4334": [
      13
    ],
    "0708.0041": [
      2947
    ],
    "0708.0103": [
      2703
    ],
    "0901.0040": [
      1846
    ],
    "0901.0962": [
      2378
    ],
    "0901.1165": [
      2405
    ],
    "0901.2318": [
      60
    ],
    "0901.3384": [
      1151
    ],
    "0901.4571": [
      745
    ],
    "0901.4598": [
      4087,
      7482,
      10101
    ],
    "0902.1943": [
      1789
    ],
    "0902.2409": [
      3615
    ],
    "1007.1015": [
      4499
    ],
    "1007.3151": [
      3768
    ],
    "1007.5056": [
      2630
    ],
    "1008.0231": [
      4625
    ],
    "1008.1472": [
      3280,
      3334
    ],
    "1008.1494": [
      2867
    ],
    "1008.3530": [
      4760
    ],
    "1008.5144": [
      9130
    ],
    "1008.5258": [
      8
    ],
    "1009.0672": [
      2309
    ],
    "1707.06148v3": [
      968
    ],
    "1807.06088v2": [
      4757
    ],
    "1903.09828v1": [
      9446
    ],
    "1908.11785v3": [
      8540
    ],
    "2008.05435v1": [
      2012
    ],
    "2008.06603v1": [
      3529
    ],
    "2206.00634v1": [
      10533
    ],
    "2402.14685v1": [
      5007
    ],
    "2404.10471v1": [
      4844
    ],
    "2405.11259v1": [
      3300
    ],
    "2503.19884v2": [
      11533,
      11536
    ],
    "2505.05373v1": [
      5382
    ],
    "2507.14634v2": [
      3596
    ],
    "2508.06416v1": [
      2666
    ],
    "2508.13273v1": [
      5998
    ],
    "2509.00257v1": [
      17,
      4058,
      7368,
      7539,
      7555,
      7781,
      8012,
      8029,
      8046,
      8075,
      8793,
      8916
    ],
    "2509.03562v1": [
      2942
    ],
    "2510.02817v1": [
      16
    ],
    "2511.02985v1": [
      34
    ],
    "2511.08270v1": [
      5552,
      5586
    ],
    "2511.08970v1": [
      4905
    ],
    "2511.14708v1": [
      4403
    ]
  }
}