{
  "13708": {
    "0704.0064": [
      1163
    ],
    "0704.0320": [
      227
    ],
    "0704.0609": [
      39
    ],
    "0704.1088": [
      7535
    ],
    "0704.3347": [
      46,
      325,
      835,
      1628
    ],
    "0705.3360": [
      1571
    ],
    "0706.0995": [
      3098
    ],
    "0706.1379": [
      173
    ],
    "0706.2012": [
      1717
    ],
    "0706.3727": [
      247
    ],
    "0707.0021": [
      1338
    ],
    "0707.0883": [
      4944
    ],
    "0707.1700": [
      4704
    ],
    "0707.2656": [
      115
    ],
    "0707.3755": [
      274
    ],
    "0707.3764": [
      416
    ],
    "0708.0032": [
      3726
    ],
    "0708.0274": [
      140
    ],
    "0901.0170": [
      3892
    ],
    "0901.2529": [
      1007
    ],
    "0901.3071": [
      380
    ],
    "0901.4598": [
      4062,
      7278
    ],
    "0902.1163": [
      152
    ],
    "0902.1885": [
      162
    ],
    "1007.0956": [
      1002
    ],
    "1007.1029": [
      2344,
      3228
    ],
    "1007.1378": [
      2071
    ],
    "1007.1379": [
      807
    ],
    "1007.1412": [
      813
    ],
    "1007.2107": [
      506
    ],
    "1007.3029": [
      4632
    ],
    "1007.3713": [
      333
    ],
    "1007.4001": [
      5826,
      20387
    ],
    "1007.4971": [
      2590
    ],
    "1007.5214": [
      190
    ],
    "1007.5451": [
      236
    ],
    "1008.0771": [
      22260
    ],
    "1008.1811": [
      2053,
      6736
    ],
    "1008.2749": [
      376
    ],
    "1009.0213": [
      261
    ],
    "1009.0470": [
      587
    ],
    "1009.0534": [
      403
    ],
    "1009.0738": [
      317
    ],
    "1009.0888": [
      1216
    ],
    "1009.1309": [
      203
    ],
    "2110.07559v16": [
      1316,
      1325,
      1364,
      1471,
      4019,
      4027,
      7628,
      8357,
      15143,
      21600,
      21865,
      22221,
      22364,
      25056,
      26014,
      33785,
      36901,
      39785
    ],
    "2201.10663v4": [
      78,
      253,
      260,
      347,
      357,
      390,
      725,
      1588,
      2071,
      4725,
      4761,
      4826
    ],
    "2307.08776v1": [
      3386
    ],
    "2401.07829v1": [
      924
    ],
    "2404.01497v1": [
      69
    ],
    "2501.09072v1": [
      96
    ],
    "2510.07187v1": [
      3935
    ]
  },
  "10238": {
    "0704.0204": [
      219
    ],
    "0704.1491": [
      1441
    ],
    "0704.2910": [
      122,
      1474
    ],
    "0704.2911": [
      1470
    ],
    "0705.2163": [
      756
    ],
    "0705.2767": [
      252
    ],
    "0705.2993": [
      162
    ],
    "0705.3595": [
      541
    ],
    "0705.3652": [
      2702,
      3011
    ],
    "0705.3883": [
      654
    ],
    "0706.1514": [
      2775
    ],
    "0707.0631": [
      1970
    ],
    "0707.1796": [
      122
    ],
    "0707.3577": [
      30240
    ],
    "0707.4378": [
      19394
    ],
    "0812.4056": [
      101,
      112,
      200,
      404,
      1080,
      1377
    ],
    "0812.4134": [
      3237
    ],
    "0812.4683": [
      1191
    ],
    "0812.4991": [
      133,
      212,
      445,
      2754,
      2797
    ],
    "0901.0164": [
      14,
      30,
      133,
      964
    ],
    "0901.1282": [
      1364,
      3788,
      3846
    ],
    "0901.1419": [
      88,
      614
    ],
    "0901.1525": [
      102,
      114
    ],
    "0901.2149": [
      588
    ],
    "0901.2728": [
      181,
      213,
      228,
      256
    ],
    "0901.2787": [
      7,
      30,
      84,
      138,
      343,
      699,
      862,
      894,
      1266
    ],
    "0901.3139": [
      975
    ],
    "0901.3227": [
      96,
      1176
    ],
    "0901.3370": [
      13,
      1361
    ],
    "0901.3612": [
      3315
    ],
    "0901.3784": [
      118,
      302
    ],
    "0901.3855": [
      2413
    ],
    "0901.4112": [
      198,
      353,
      1076,
      1721,
      1750,
      1790,
      1817,
      2041,
      2050,
      2072,
      2094
    ],
    "0901.4582": [
      1619
    ],
    "0902.0091": [
      1960
    ],
    "0902.0201": [
      466,
      1756,
      1779
    ],
    "0902.0224": [
      941
    ],
    "0902.0265": [
      138
    ],
    "0902.0284": [
      99,
      269,
      303,
      323,
      398,
      421
    ],
    "0902.0352": [
      91
    ],
    "0902.0435": [
      1264
    ],
    "0902.0532": [
      8,
      82,
      444,
      2780
    ],
    "0902.0756": [
      64
    ],
    "0902.1085": [
      34,
      179,
      224,
      265,
      456,
      554,
      862,
      894,
      927,
      1123,
      1546,
      1562,
      1577,
      1774,
      1855
    ],
    "0902.1141": [
      188
    ],
    "0902.2190": [
      73,
      86
    ],
    "0902.2359": [
      15,
      325,
      333,
      343,
      508,
      542,
      555,
      683,
      691,
      798,
      824,
      851,
      883,
      1003,
      1327
    ],
    "0902.2423": [
      115,
      128,
      1184
    ],
    "0902.2502": [
      749
    ],
    "0902.2728": [
      590
    ],
    "0902.3181": [
      138
    ],
    "1007.1594": [
      1282
    ],
    "1007.2197": [
      118
    ],
    "1007.2320": [
      283
    ],
    "1007.2635": [
      384,
      418
    ],
    "1007.2867": [
      1673,
      1731
    ],
    "1007.2889": [
      92,
      172
    ],
    "1007.3135": [
      1299,
      1331,
      1345,
      1406
    ],
    "1007.3392": [
      249
    ],
    "1007.3722": [
      396,
      2084,
      2281,
      4373,
      4907,
      4953,
      4998
    ],
    "1007.5086": [
      200,
      215,
      1180
    ],
    "1007.5386": [
      14162
    ],
    "1007.5452": [
      429
    ],
    "1008.0250": [
      302,
      441,
      658
    ],
    "1008.0304": [
      482
    ],
    "1008.1447": [
      1010
    ],
    "1008.1735": [
      1122
    ],
    "1008.2203": [
      3239
    ],
    "1008.2286": [
      191
    ],
    "1008.2582": [
      255
    ],
    "1008.2687": [
      166,
      208,
      215
    ],
    "1008.2976": [
      91,
      104,
      645
    ],
    "1008.4936": [
      8394
    ],
    "1009.0271": [
      1906,
      2076
    ],
    "1009.0336": [
      10,
      99,
      225,
      2658
    ],
    "1009.1155": [
      4034
    ],
    "1009.1408": [
      332,
      413,
      467,
      1696
    ],
    "1905.08024v1": [
      2339
    ],
    "2005.12303v2": [
      1840
    ],
    "2010.03524v1": [
      603,
      804
    ],
    "2303.14165v2": [
      1534,
      2553
    ],
    "2306.13741v1": [
      749
    ],
    "2412.14083v1": [
      2426
    ],
    "2511.14527v1": [
      1955
    ]
  },
  "15931": {
    "0704.0648": [
      3158
    ],
    "0704.1003": [
      275,
      713,
      777
    ],
    "0704.1269": [
      36
    ],
    "0704.1563": [
      2557
    ],
    "0704.1620": [
      2208
    ],
    "0704.2216": [
      1,
      86,
      132,
      180,
      363,
      661,
      1004,
      1213,
      1520,
      1802,
      1904,
      2085,
      2297,
      2490,
      2792,
      3005,
      3166,
      3217,
      3457,
      3676,
      3914
    ],
    "0704.2857": [
      2447
    ],
    "0704.3177": [
      2947
    ],
    "0704.3226": [
      2056,
      2383
    ],
    "0705.0018": [
      5313
    ],
    "0705.2181": [
      37
    ],
    "0705.2847": [
      180
    ],
    "0705.4371": [
      191
    ],
    "0705.4378": [
      1715
    ],
    "0705.4446": [
      2964,
      4430,
      4641
    ],
    "0706.0497": [
      3554
    ],
    "0706.1101": [
      1096
    ],
    "0706.1562": [
      1853
    ],
    "0706.3838": [
      856
    ],
    "0706.4148": [
      3810
    ],
    "0707.0510": [
      2903,
      3081
    ],
    "0707.0704": [
      1633,
      1648
    ],
    "0707.0705": [
      4222
    ],
    "0707.1999": [
      365
    ],
    "0707.3390": [
      7570
    ],
    "0707.3588": [
      6046
    ],