{
  "22964": {
    "0704.2173": [
      181
    ],
    "0704.2857": [
      8997
    ],
    "0704.3243": [
      2200
    ],
    "0704.3562": [
      358
    ],
    "0705.1915": [
      12
    ],
    "0705.1931": [
      372
    ],
    "0705.3770": [
      346
    ],
    "0706.0507": [
      27
    ],
    "0706.1179": [
      29
    ],
    "0706.2538": [
      346
    ],
    "0706.3165": [
      42,
      49
    ],
    "0706.3809": [
      358
    ],
    "0707.0199": [
      643
    ],
    "0707.0942": [
      4656
    ],
    "0707.3093": [
      352
    ],
    "0707.3749": [
      372
    ],
    "0812.4356": [
      15
    ],
    "0812.4620": [
      350
    ],
    "0901.1210": [
      363
    ],
    "0901.2226": [
      355
    ],
    "0901.2385": [
      369
    ],
    "0902.0377": [
      3906,
      92285
    ],
    "0902.1646": [
      5693
    ],
    "0902.1790": [
      6284
    ],
    "0902.2408": [
      1278
    ],
    "0902.2411": [
      301,
      1281,
      1639
    ],
    "1007.1945": [
      223
    ],
    "1008.0116": [
      21
    ],
    "1008.0659": [
      18,
      182
    ],
    "1008.0660": [
      221
    ],
    "1008.3493": [
      238
    ],
    "1009.0407": [
      15
    ],
    "1009.0689": [
      9446
    ],
    "1911.02784v1": [
      1948
    ],
    "2307.08776v1": [
      1733
    ],
    "2504.11265v1": [
      3295
    ],
    "2509.25943v1": [
      2480,
      7170
    ],
    "2511.04781v1": [
      7808
    ],
    "2511.10785v1": [
      16576
    ]
  },
  "11866": {
    "0706.2076": [
      1399
    ],
    "0706.3482": [
      2193
    ],
    "0812.4382": [
      3725
    ],
    "0901.0551": [
      105,
      578,
      598,
      605,
      667,
      733
    ],
    "0901.1543": [
      1879
    ],
    "0901.3123": [
      7644
    ],
    "0901.3369": [
      612
    ],
    "0901.3483": [
      122,
      192,
      1317,
      1326,
      1343,
      1360,
      1373,
      1381,
      1415,
      4807,
      5926,
      6004,
      7165,
      7174,
      7191,
      7208,
      7226,
      7234,
      7247,
      7270,
      10680
    ],
    "0901.3676": [
      931,
      2618
    ],
    "0901.4923": [
      1149
    ],
    "0902.0363": [
      11,
      37,
      1100,
      1248,
      1297,
      1656,
      1735,
      1852,
      4165,
      4186,
      5641,
      5827,
      6379
    ],
    "0902.0566": [
      687,
      2358,
      2508
    ],
    "0902.2679": [
      2334
    ],
    "0902.2963": [
      1429
    ],
    "1007.1459": [
      11,
      219,
      867,
      961,
      1242,
      1398,
      1574,
      1752,
      2198,
      2306,
      2352,
      2825,
      3512,
      4277,
      4704,
      5485,
      6190,
      6477,
      7265,
      8238,
      8259,
      8366,
      8879,
      9201
    ],
    "1007.3051": [
      2343
    ],
    "1007.3494": [
      11,
      222,
      743,
      931,
      1089,
      7178,
      7593,
      7616
    ],
    "1007.3519": [
      11847
    ],
    "1007.4956": [
      864
    ],
    "1007.5154": [
      1996
    ],
    "1007.5236": [
      1020,
      1045
    ],
    "1008.0395": [
      7031,
      7040
    ],
    "1008.0648": [
      736
    ],
    "1008.1559": [
      1207
    ],
    "1008.2162": [
      729,
      1543,
      1555,
      1887,
      1923,
      2316,
      3509,
      3916
    ],
    "1008.3438": [
      8732
    ],
    "1008.4357": [
      605,
      2068
    ],
    "1009.0002": [
      368
    ],
    "1009.0269": [
      646,
      751,
      851,
      868,
      889,
      920,
      1510,
      1521,
      2451,
      3149,
      3250
    ],
    "1912.03494v1": [
      3986
    ],
    "2102.12312v1": [
      1882
    ],
    "2405.01392v1": [
      448,
      6063,
      9665
    ],
    "2408.04018v2": [
      3652
    ],
    "2506.04604v1": [
      502,
      5087
    ],
    "2509.16510v1": [
      728,
      1754,
      1877,
      2957,
      2992
    ]
  }
}