{
  "11633": {
    "0704.2202": [
      1520,
      1772,
      1783,
      1786,
      1797,
      2646,
      2721,
      2806,
      3029,
      3039,
      3049,
      3124,
      3302,
      3362,
      3386,
      3400,
      3719,
      3755,
      3922,
      3955,
      3968
    ],
    "0704.3312": [
      3116
    ],
    "0705.0274": [
      1670
    ],
    "0705.0961": [
      274,
      307
    ],
    "0705.3234": [
      1049,
      1102
    ],
    "0706.0322": [
      10582
    ],
    "0706.3031": [
      289,
      533,
      731,
      817,
      855,
      929,
      952,
      976,
      984,
      1085,
      1121
    ],
    "0707.2027": [
      1344,
      1345
    ],
    "0707.2240": [
      773,
      849,
      910,
      2294,
      2855,
      2998
    ],
    "0901.0222": [
      1212,
      1312,
      1420,
      1505,
      1514,
      1524,
      1531,
      1539
    ],
    "0901.0825": [
      1647,
      1741,
      1761,
      2031,
      2038,
      2068,
      2080,
      2086,
      2132,
      2245,
      2292,
      2295,
      2305,
      2306,
      2310,
      2316,
      2361,
      2736,
      2742,
      2817
    ],
    "0901.3026": [
      12818,
      13001,
      13077,
      13200,
      13289
    ],
    "0901.4761": [
      779
    ],
    "0902.0084": [
      117
    ],
    "0902.0764": [
      2504,
      2862,
      2962,
      3074,
      3101,
      3181
    ],
    "0902.1802": [
      2981
    ],
    "0902.2165": [
      2220
    ],
    "1007.1822": [
      482
    ],
    "1007.2807": [
      1103
    ],
    "1007.4148": [
      501,
      511
    ],
    "1008.0526": [
      68,
      1024,
      1073,
      3247,
      4861,
      4886,
      5032
    ],
    "1008.0694": [
      122
    ],
    "1008.1700": [
      1014
    ],
    "1008.3268": [
      2809
    ],
    "1008.3438": [
      10317
    ],
    "1009.0783": [
      1371,
      1377,
      1387,
      1411,
      1422,
      1470,
      1484,
      1498,
      1506,
      1517,
      1526,
      1686,
      1985
    ],
    "1009.1144": [
      2392,
      2454,
      2777
    ],
    "1705.08198v2": [
      1504,
      6003
    ],
    "1910.10012v1": [
      1946
    ],
    "2007.11363v2": [
      6395
    ],
    "2104.14252v2": [
      459
    ],
    "2202.09073v1": [
      1141
    ],
    "2210.08364v2": [
      5254
    ],
    "2406.00962v2": [
      933
    ],
    "2406.06328v1": [
      1417
    ],
    "2509.26540v1": [
      157,
      640,
      729,
      3483,
      3776
    ],
    "2510.05810v1": [
      1295
    ],
    "2510.27024v2": [
      1590
    ],
    "2511.14595v1": [
      839,
      957
    ]
  },
  "28227": {
    "0705.0651": [
      3586
    ],
    "0705.0721": [
      4021
    ],
    "0705.1724": [
      12
    ],
    "0705.2589": [
      4337
    ],
    "0705.2827": [
      2704
    ],
    "0706.2181": [
      3747
    ],
    "0707.3128": [
      4181
    ],
    "0707.4177": [
      6
    ],
    "0707.4575": [
      1536
    ],
    "0901.3572": [
      2845
    ],
    "0902.0548": [
      4090
    ],
    "0902.1600": [
      2081
    ],
    "0902.2509": [
      1170
    ],
    "1007.1736": [
      3242
    ],
    "1007.2842": [
      1120
    ],
    "1007.4568": [
      809,
      1142
    ],
    "1007.5273": [
      321,
      2258
    ],
    "1008.2519": [
      231,
      2673
    ],
    "1009.0047": [
      3497
    ],
    "1009.1442": [
      3783
    ],
    "2208.05222v2": [
      7622
    ],
    "2505.20450v1": [
      11662
    ],
    "2509.04555v2": [
      7463
    ],
    "2509.20407v1": [
      42
    ],
    "2511.00151v1": [
      3201,
      3646
    ]
  },
  "44634": {
    "0705.1232": [
      2901
    ]
  }
}