{
  "28824": {
    "0705.1461": [
      2547
    ],
    "0706.0223": [
      959
    ],
    "0706.2107": [
      268,
      281,
      2556,
      2580,
      2629
    ],
    "0707.0465": [
      1972
    ],
    "1007.1295": [
      1676
    ],
    "1007.1505": [
      1337,
      2788
    ],
    "1007.5426": [
      373,
      876
    ],
    "1008.2199": [
      1675,
      1686,
      4749
    ],
    "1008.3691": [
      1128,
      1489,
      2494
    ],
    "1008.3938": [
      5225
    ],
    "1009.0353": [
      68,
      161,
      167,
      185,
      251,
      293,
      1691,
      1702
    ]
  },
  "37427": {
    "0706.1257": [
      258
    ],
    "0707.3132": [
      68
    ],
    "0707.4500": [
      133
    ],
    "0901.0856": [
      2346
    ],
    "0901.4031": [
      1349
    ],
    "1007.3234": [
      4155
    ],
    "1008.4089": [
      246
    ],
    "1008.4095": [
      3786
    ],
    "1008.4656": [
      25
    ],
    "1009.1263": [
      18
    ],
    "1009.1266": [
      30
    ],
    "1009.1279": [
      273
    ],
    "2203.02332v1": [
      23
    ],
    "2506.22936v2": [
      46
    ]
  }
}