{
  "46728": {
    "0706.1887": [
      10544
    ],
    "0812.4341": [
      15
    ],
    "0902.2872": [
      2143
    ],
    "1007.1321": [
      10830
    ],
    "1007.2582": [
      1329,
      1478,
      2410,
      2454,
      2517,
      2659,
      4661,
      4663,
      4665,
      4905,
      4950,
      5069,
      5295,
      5363
    ],
    "1008.2437": [
      210
    ],
    "1008.5018": [
      14684
    ],
    "2307.11226v1": [
      9,
      4873
    ],
    "2504.06176v2": [
      5491
    ]
  }
}