{
  "52877": {
    "0704.2443": [
      1265
    ],
    "0704.3915": [
      4221
    ],
    "0705.0834": [
      2760
    ],
    "0705.2784": [
      1961,
      1980,
      2093,
      2123
    ],
    "0705.2936": [
      2548
    ],
    "0705.3615": [
      226
    ],
    "0706.1856": [
      346
    ],
    "0706.2340": [
      2981
    ],
    "0706.3382": [
      926
    ],
    "0707.2051": [
      3255
    ],
    "0707.2110": [
      10,
      188,
      581,
      905,
      1169,
      1472,
      1738,
      2092,
      2362,
      2745,
      3105,
      3349,
      3360,
      3473,
      3569,
      3709
    ],
    "0707.4439": [
      336
    ],
    "0812.5104": [
      28649,
      30664
    ],
    "0901.0688": [
      514
    ],
    "0901.2120": [
      1292
    ],
    "0901.3612": [
      3913
    ],
    "0902.1493": [
      1786,
      1788,
      1797
    ],
    "0902.2399": [
      1896,
      2338,
      2384,
      2988
    ],
    "1007.1226": [
      11,
      3066
    ],
    "1007.1576": [
      1832
    ],
    "1007.2210": [
      335
    ],
    "1008.1575": [
      1752
    ],
    "1008.3187": [
      4129,
      4221,
      4222,
      4223,
      4224,
      4305,
      4306
    ],
    "1008.3511": [
      3425
    ],
    "1008.4401": [
      2846
    ],
    "1008.4711": [
      1170,
      2049
    ],
    "1008.5051": [
      1036
    ],
    "1009.0565": [
      1492
    ],
    "1009.1436": [
      4125
    ],
    "1708.06364v1": [
      2494
    ],
    "2102.00730v3": [
      3717
    ],
    "2403.00029v1": [
      997
    ],
    "2404.00105v1": [
      3599
    ],
    "2510.01210v1": [
      3494
    ]
  }
}