{
  "53130": {
    "0704.0157": [
      928
    ],
    "0704.3333": [
      2869,
      2911
    ],
    "0704.3346": [
      1114
    ],
    "0704.3465": [
      2805
    ],
    "0705.1951": [
      2735
    ],
    "0706.0427": [
      115
    ],
    "0706.0978": [
      1472
    ],
    "0707.0854": [
      1792,
      1814,
      1900,
      4408
    ],
    "0812.4996": [
      576
    ],
    "0901.0660": [
      1769,
      1792,
      1803
    ],
    "0901.4934": [
      7678
    ],
    "0902.0205": [
      2471
    ],
    "0902.1550": [
      32
    ],
    "0902.1573": [
      594
    ],
    "0902.3223": [
      550
    ],
    "1007.1972": [
      330
    ],
    "1007.2573": [
      15
    ],
    "1007.3050": [
      1903
    ],
    "1007.3199": [
      9,
      32,
      62,
      73,
      130,
      148,
      206,
      253,
      278,
      323,
      427,
      441,
      517,
      527,
      710,
      851,
      935,
      986,
      1303,
      1668,
      1997,
      2291,
      2587,
      2828,
      3103,
      3381,
      3584,
      3922,
      4265,
      4630,
      4952,
      5208,
      5524,
      5755,
      6013,
      6080,
      6269,
      6280,
      6296,
      6329,
      6366,
      6385,
      6407,
      6438,
      6461,
      6560,
      6577,
      6594,
      6677,
      6734,
      6862
    ],
    "1007.5520": [
      1553,
      1786
    ],
    "1008.1121": [
      2111
    ],
    "1008.3141": [
      1815
    ],
    "1008.3977": [
      2171
    ],
    "1008.4230": [
      2149
    ],
    "1008.4673": [
      2092
    ],
    "1008.4686": [
      8109
    ],
    "2210.13775v1": [
      2980
    ],
    "2502.13052v1": [
      2927
    ],
    "2507.17615v2": [
      3617
    ],
    "2509.07710v1": [
      1880
    ],
    "2509.15743v1": [
      1376
    ],
    "2510.16881v1": [
      3739
    ],
    "2510.17676v1": [
      3433
    ],
    "2510.25125v1": [
      2949
    ],
    "2511.05248v1": [
      26882,
      26883,
      27582,
      27583,
      27585,
      27587,
      27592,
      27593,
      27594,
      27599,
      27600,
      27603,
      27604,
      27607,
      27608,
      27611,
      27612,
      27613,
      27614,
      27615,
      27616,
      27617,
      27620,
      27621,
      27622,
      27623,
      27624,
      27626,
      27627,
      27871,
      27873,
      27875,
      27878,
      27881,
      27887,
      28660,
      28663,
      28668,
      51025,
      51028,
      51037,
      51042,
      51045,
      51046,
      51070,
      51074,
      51080,
      51083,
      51084,
      51087,
      51088,
      51089,
      51115,
      51124,
      51127,
      51128,
      51134,
      51137,
      51138,
      51144,
      51148,
      51151,
      51169,
      51170,
      51172,
      51173,
      51175,
      51176,
      51181,
      51302,
      51307,
      51312,
      51314,
      51318,
      51321,
      51322,
      51325,
      51327,
      51334,
      51351,
      51353,
      51357,
      51362,
      51364,
      51366,
      51367,
      51368,
      51370,
      51371,
      51373,
      51374,
      51390,
      51411,
      51458,
      51466,
      51491,
      51493,
      51495,
      51499,
      51522,
      51524,
      51535,
      51556,
      51558,
      51559,
      51562,
      51564,
      51565,
      51567,
      51569,
      51578,
      51592,
      51620,
      51624,
      51626,
      51627,
      51628,
      51633,
      51638,
      51639,
      51645,
      51646,
      51660,
      51661,
      51664,
      51667,
      51695,
      51700,
      51704,
      51720,
      51722,
      51831,
      51832,
      51833,
      51834,
      51835,
      51837,
      51840,
      51844,
      51845,
      51846,
      51850,
      51869,
      51873,
      51876,
      51878,
      51879,
      51880,
      51883,
      51885,
      51886,
      51901,
      51904,
      51917,
      51925,
      51930,
      51945,
      51947,
      51948,
      51949,
      51955,
      51960,
      51963,
      51971,
      51973,
      52006,
      52011,
      52015,
      52018,
      52023,
      52025,
      52026,
      52028,
      52029,
      52031,
      52052,
      52056,
      52059,
      52062,
      52069,
      52071,
      52137,
      52138,
      52139,
      52140,
      52141,
      52143,
      52146,
      52150,
      52151,
      52152,
      52156,
      52181,
      52185,
      52188,
      52190,
      52191,
      52192,
      52195,
      52197,
      52198,
      52219,
      52222,
      52235,
      52243,
      52267,
      52269,
      52271,
      52272,
      52273,
      52279,
      52284,
      52287,
      52295,
      52297,
      52336,
      52341,
      52345,
      52348,
      52353,
      52355,
      52356,
      52358,
      52359,
      52361,
      52388,
      52392,
      52395,
      52398,
      52405,
      52407,
      53308,
      53502,
      54745
    ]
  },
  "49332": {
    "0704.1530": [
      2793
    ],
    "0901.0848": [
      1346
    ],
    "0901.2055": [
      17881
    ],
    "1007.0798": [
      27
    ],
    "1007.1698": [
      1842
    ],
    "1007.4123": [
      3467
    ],
    "1007.4417": [
      14,
      1316
    ],
    "1007.5410": [
      1884
    ],
    "1008.0228": [
      8
    ],
    "1008.1500": [
      1500
    ],
    "1008.3606": [
      12
    ],
    "1008.4287": [
      5410
    ],
    "1009.1332": [
      1964
    ],
    "2401.12198v1": [
      8099
    ],
    "2404.00413v1": [
      4313
    ],
    "2511.09389v1": [
      1124
    ],
    "2511.11314v1": [
      18
    ],
    "2511.14655v1": [
      5543
    ]
  },
  "29753": {
    "1007.3199": [
      402,
      6362,
      6480,
      6490,
      6496,
      6520,
      6621
    ]
  },
  "49333": {
    "1008.3051": [
      417
    ]
  }
}