{
  "53567": {
    "0704.0189": [
      718,
      772,
      794,
      937,
      977,
      2230,
      2253
    ],
    "0704.0295": [
      1968
    ],
    "0704.1569": [
      2916
    ],
    "0704.2056": [
      2651
    ],
    "0705.3522": [
      4321
    ],
    "0706.2269": [
      3871
    ],
    "0706.3827": [
      813
    ],
    "0706.4028": [
      6065
    ],
    "0706.4457": [
      1114
    ],
    "0707.3251": [
      1362,
      1373,
      1401
    ],
    "0812.4434": [
      1190,
      3072,
      3154,
      3160,
      3418,
      3419
    ],
    "0812.4538": [
      2453
    ],
    "0901.1884": [
      1094
    ],
    "0901.3070": [
      350,
      351
    ],
    "0901.3112": [
      872
    ],
    "0902.0090": [
      681
    ],
    "0902.0270": [
      1935
    ],
    "0902.1776": [
      2224,
      2262,
      2263,
      2356,
      2617,
      2623,
      2873,
      3044,
      3045,
      3114,
      3157
    ],
    "0902.2170": [
      1886
    ],
    "0902.2609": [
      1117
    ],
    "0902.3097": [
      1407,
      1408,
      1409,
      1428,
      1437,
      1441
    ],
    "1007.0815": [
      3652
    ],
    "1007.1366": [
      1494
    ],
    "1007.3882": [
      2288
    ],
    "1008.0474": [
      662,
      681,
      810,
      817,
      842,
      871,
      880,
      885,
      898,
      905,
      916,
      942,
      1009,
      1166,
      1239,
      1264,
      1288,
      1325,
      1336
    ],
    "1008.0705": [
      777,
      798
    ],
    "1008.3127": [
      5366,
      5423
    ],
    "1008.3690": [
      1164
    ],
    "1008.5098": [
      746
    ],
    "1008.5317": [
      566,
      902,
      903,
      1514,
      1515,
      3534,
      3535,
      3552,
      3553,
      3593,
      3628,
      3629,
      3664,
      3665,
      3689,
      3690,
      3993,
      4010,
      4027,
      4050,
      4056,
      4109,
      7944,
      7945,
      8903,
      10084,
      10089
    ],
    "1009.0502": [
      906
    ],
    "1009.1028": [
      1233
    ],
    "1009.1353": [
      439
    ],
    "1908.08480v1": [
      841
    ],
    "2310.07288v1": [
      2199
    ],
    "2509.05644v1": [
      3224
    ],
    "2511.05378v1": [
      5428
    ]
  },
  "32926": {
    "0705.1810": [
      899,
      1036,
      1374,
      1379
    ],
    "0706.3196": [
      2370
    ],
    "0902.1063": [
      4547,
      5163
    ],
    "0902.2609": [
      721
    ],
    "0902.2843": [
      1129
    ],
    "0902.3083": [
      2312,
      2316
    ],
    "1007.4545": [
      6650
    ],
    "1008.2620": [
      3682,
      3827
    ],
    "2508.09255v1": [
      18,
      368,
      910,
      1441,
      2191,
      2550,
      2622,
      2718,
      2727,
      2728
    ],
    "2508.11901v1": [
      2932
    ],
    "2509.08189v1": [
      1777
    ],
    "2509.12315v1": [
      6124
    ],
    "2509.26132v1": [
      570,
      2862
    ],
    "2510.06320v1": [
      22,
      347,
      1068,
      1561,
      1979,
      2696,
      3242,
      3381,
      3382,
      3388
    ],
    "2510.08231v1": [
      5086
    ],
    "2510.13736v1": [
      4107
    ],
    "2510.17367v1": [
      3917
    ],
    "2510.17958v1": [
      1930
    ],
    "2510.17963v1": [
      3338
    ],
    "2510.22278v1": [
      3415,
      3430,
      3431,
      3796,
      4335,
      4336,
      4339
    ],
    "2511.13617v1": [
      621,
      4873
    ]
  }
}