{
  "52015": {
    "0704.2187": [
      3183,
      3206,
      3237,
      3265
    ],
    "0704.3697": [
      523,
      549,
      571,
      1706,
      2520,
      3793
    ],
    "0705.1044": [
      521
    ],
    "0705.1961": [
      9125
    ],
    "0707.0271": [
      428
    ],
    "0707.1173": [
      1735,
      2535
    ],
    "0707.2910": [
      1122
    ],
    "0707.3315": [
      315,
      331
    ],
    "0707.3855": [
      2020,
      2670
    ],
    "0901.0033": [
      2010,
      2011
    ],
    "1007.2092": [
      2653
    ],
    "1007.2795": [
      482
    ],
    "1007.3987": [
      351,
      5820
    ],
    "1007.5051": [
      1038,
      1075,
      1083,
      1096,
      1747,
      1756,
      1972
    ],
    "1008.0760": [
      878
    ],
    "1008.3428": [
      1869
    ],
    "1008.3493": [
      2483,
      3529,
      3563,
      3614,
      3648
    ],
    "1008.3761": [
      1100
    ],
    "1008.4609": [
      1080
    ],
    "1009.0284": [
      56
    ],
    "1009.1337": [
      4736,
      4738,
      4741,
      4748,
      4795,
      4831,
      4875
    ],
    "1907.07233v1": [
      685,
      809
    ],
    "2004.00355v2": [
      1799,
      1837,
      1861
    ],
    "2209.14545v1": [
      25368
    ],
    "2408.16041v2": [
      5622,
      5624,
      5668,
      5672
    ],
    "2409.12648v1": [
      861,
      994,
      1020,
      1330,
      2006,
      2008
    ],
    "2509.09029v1": [
      841
    ],
    "2509.25099v1": [
      2209
    ],
    "2510.16630v1": [
      4912
    ],
    "2510.24585v1": [
      1353,
      1364
    ]
  }
}