{
  "32931": {
    "0704.1692": [
      208,
      1599
    ],
    "0704.2951": [
      282,
      1893
    ],
    "0706.1062": [
      9621
    ],
    "0901.0553": [
      3220
    ],
    "0902.3160": [
      2808,
      2814
    ],
    "1007.1809": [
      1474,
      1526,
      1537
    ],
    "1007.2265": [
      3041
    ],
    "1007.2938": [
      2395
    ],
    "1007.4936": [
      1485
    ],
    "1008.0160": [
      2320
    ],
    "1009.0580": [
      2627
    ],
    "1009.1294": [
      2219,
      2225,
      2294
    ],
    "1808.05885v1": [
      6622,
      11701
    ],
    "1904.01572v2": [
      3015
    ],
    "2206.02478v1": [
      32521
    ]
  }
}