{
  "19233": {
    "1703.07563v3": [
      2798,
      7257,
      7873,
      7914
    ],
    "1711.09348v1": [
      921,
      923,
      4206
    ],
    "1908.02321v2": [
      4361
    ],
    "1910.01209v2": [
      3209
    ],
    "2003.10777v1": [
      6751
    ],
    "2006.11338v3": [
      3685
    ],
    "2008.06985v2": [
      4306
    ],
    "2207.06740v1": [
      840,
      1897,
      1951
    ],
    "2307.03328v1": [
      9637
    ],
    "2310.14677v1": [
      4910
    ],
    "2311.10323v1": [
      800
    ],
    "2401.04208v2": [
      5989
    ],
    "2404.05048v3": [
      6098
    ],
    "2410.13243v1": [
      470
    ],
    "2410.22814v1": [
      988,
      1016,
      1057,
      1755,
      2215
    ],
    "2507.01391v1": [
      2041,
      4166,
      6750
    ],
    "2507.18117v1": [
      322,
      3167
    ]
  }
}