{
  "51878": {
    "0704.2533": [
      2129
    ],
    "0704.3724": [
      1053,
      6607
    ],
    "0705.0214": [
      1422
    ],
    "0705.0708": [
      1167,
      1169
    ],
    "0705.3188": [
      905
    ],
    "0705.3428": [
      22,
      24
    ],
    "0705.4364": [
      3148
    ],
    "0705.4462": [
      996
    ],
    "0706.0881": [
      1248
    ],
    "0706.4130": [
      6001
    ],
    "0707.0772": [
      1215,
      2533
    ],
    "0707.1584": [
      2725
    ],
    "0707.2146": [
      436
    ],
    "0707.2899": [
      2684
    ],
    "0707.3390": [
      2434
    ],
    "0707.3963": [
      4013
    ],
    "0707.4110": [
      1596
    ],
    "0707.4355": [
      2393,
      2531
    ],
    "0901.0699": [
      3036,
      3044,
      3050,
      3062,
      3065,
      3075,
      3077,
      3080,
      3548,
      3561,
      3578,
      3583
    ],
    "0901.0883": [
      1545
    ],
    "0901.0984": [
      1856,
      1861,
      1866,
      1868,
      1875,
      1878,
      1890
    ],
    "0901.1602": [
      2021
    ],
    "0901.3404": [
      2482,
      2514
    ],
    "0901.3658": [
      1437
    ],
    "0902.1025": [
      5900
    ],
    "1007.0906": [
      8911,
      8978
    ],
    "1007.1165": [
      1020
    ],
    "1007.1844": [
      2810,
      2813,
      2818
    ],
    "1007.3117": [
      1322
    ],
    "1007.4304": [
      721,
      726,
      737,
      743
    ],
    "1007.4574": [
      1007,
      2995
    ],
    "1007.5347": [
      1403
    ],
    "1008.0980": [
      1278
    ],
    "2209.12791v2": [
      1969,
      1971,
      6248
    ],
    "2410.07386v1": [
      22692
    ],
    "2505.06693v1": [
      6727
    ]
  },
  "44666": {
    "0707.3659": [
      448
    ],
    "1008.0039": [
      1761
    ]
  }
}