{
  "18879": {
    "0704.0463": [
      1129
    ],
    "0704.2455": [
      436
    ],
    "0705.1325": [
      44,
      65,
      151,
      265,
      1705,
      1723,
      1733,
      1736,
      1742,
      1758,
      1910,
      2023,
      2135,
      2504,
      2555,
      2638
    ],
    "0706.0344": [
      4092,
      6780
    ],
    "0706.1325": [
      1277,
      1288,
      1335,
      1746,
      1756
    ],
    "0706.1684": [
      208,
      442
    ],
    "0707.0489": [
      1212
    ],
    "0707.0873": [
      1185
    ],
    "0707.0883": [
      1787,
      5874
    ],
    "0707.1886": [
      569
    ],
    "0707.2103": [
      2971
    ],
    "0901.0532": [
      226,
      4657
    ],
    "0901.2034": [
      2096,
      2102
    ],
    "0901.4256": [
      3916
    ],
    "0902.2972": [
      525,
      1240
    ],
    "0902.2998": [
      336
    ],
    "1007.1132": [
      3557
    ],
    "1007.1612": [
      2070
    ],
    "1007.2169": [
      876
    ],
    "1007.4054": [
      1525
    ],
    "1008.0865": [
      2354,
      3184
    ],
    "1008.0904": [
      193,
      1752,
      4268
    ],
    "1008.1264": [
      389
    ],
    "1008.1983": [
      140,
      270
    ],
    "1008.2793": [
      393,
      3458,
      3476,
      3625,
      3811,
      3937,
      4740
    ],
    "1008.3467": [
      2259
    ],
    "1008.3539": [
      3460
    ],
    "1008.4582": [
      223
    ],
    "1008.5021": [
      95
    ],
    "1008.5150": [
      212
    ],
    "1009.0538": [
      269
    ],
    "2401.12198v1": [
      5821,
      5875
    ],
    "2509.10883v1": [
      21397,
      52387
    ],
    "2509.16104v1": [
      468
    ],
    "2509.21407v2": [
      1270
    ],
    "2509.22541v1": [
      8236
    ],
    "2510.07187v1": [
      8,
      65,
      293,
      314,
      322,
      349,
      370,
      461,
      506,
      653,
      661,
      682,
      1015,
      1204,
      1385,
      1413,
      1472,
      1483,
      1722,
      1794,
      1932,
      2038,
      2153,
      2455,
      2515,
      2586,
      2762,
      2936,
      3048,
      3060,
      3101,
      3151,
      3295,
      3317,
      3331,
      3347,
      3370,
      3420,
      3485,
      3505,
      3571,
      3605,
      3769,
      3801,
      3818,
      3837,
      3873,
      4008,
      4029,
      4041,
      4293,
      4982,
      5107
    ],
    "2511.05248v1": [
      25958,
      30636,
      31911,
      38370,
      38399,
      54312,
      54314,
      54315,
      54742,
      54744,
      54747
    ],
    "2511.08270v1": [
      8043
    ],
    "2511.08862v1": [
      4082
    ],
    "2511.10927v1": [
      66184,
      85685
    ]
  },
  "45173": {
    "0707.3531": [
      254
    ]
  }
}