{
  "38114": {
    "0704.3086": [
      26,
      4046
    ],
    "0902.1608": [
      106
    ],
    "1007.4576": [
      1536
    ],
    "1007.4756": [
      4482
    ],
    "1901.07971v2": [
      27
    ],
    "2112.02438v1": [
      1876
    ],
    "2511.09429v1": [
      48
    ]
  },
  "38115": {
    "0706.1683": [
      13
    ],
    "0706.1685": [
      12
    ]
  }
}