{
  "37767": {
    "2012.00005v1": [
      3838
    ],
    "2103.00230v2": [
      3726
    ]
  }
}