{
  "11411": {
    "0704.0146": [
      2990
    ],
    "0704.0790": [
      8455
    ],
    "0704.1843": [
      2162
    ],
    "0705.0559": [
      1460
    ],
    "0705.1437": [
      3968
    ],
    "0705.1730": [
      17654
    ],
    "0705.2077": [
      6279
    ],
    "0705.2519": [
      599
    ],
    "0705.2554": [
      2051
    ],
    "0705.3093": [
      3459
    ],
    "0705.3594": [
      2038,
      2090,
      2131
    ],
    "0705.3776": [
      847
    ],
    "0705.4257": [
      861
    ],
    "0706.0534": [
      5970
    ],
    "0706.0776": [
      1789
    ],
    "0706.3541": [
      4402
    ],
    "0706.3865": [
      1247
    ],
    "0706.3895": [
      1389,
      1834
    ],
    "0706.4198": [
      317,
      563,
      653,
      1185,
      1319,
      1612
    ],
    "0707.0772": [
      219
    ],
    "0707.2727": [
      402,
      465
    ],
    "0812.3971": [
      4472
    ],
    "0812.4408": [
      9291,
      9301
    ],
    "0901.0649": [
      1882,
      2192
    ],
    "0901.0958": [
      2255
    ],
    "0901.1317": [
      950
    ],
    "0901.1517": [
      2075,
      2279,
      2312
    ],
    "0901.2275": [
      875
    ],
    "0901.2406": [
      349
    ],
    "0901.3276": [
      4021
    ],
    "0901.3345": [
      4305
    ],
    "0901.3578": [
      1302
    ],
    "0901.4044": [
      1239,
      1242,
      1289,
      2191,
      2239,
      2311,
      2520,
      2546,
      2559,
      2631,
      2682,
      2692,
      2703,
      2900,
      3443,
      3511,
      3526,
      3547,
      3552,
      3564,
      3656,
      3669,
      3705,
      3763,
      3824,
      3830,
      4291,
      4416,
      4425,
      4449,
      4456,
      4481,
      4513,
      4546,
      4548,
      4550,
      4556,
      4861,
      4892,
      4906,
      4934,
      5002,
      5031,
      5047,
      5127,
      5188,
      5189,
      5323,
      5456,
      5554,
      5561
    ],
    "0902.1094": [
      6576
    ],
    "0902.2282": [
      3485
    ],
    "1007.2213": [
      190
    ],
    "1007.4281": [
      5030
    ],
    "1007.4572": [
      1711
    ],
    "1007.5124": [
      1172,
      1181
    ],
    "1008.3143": [
      1598
    ],
    "1008.3500": [
      2199,
      2223
    ],
    "1009.0574": [
      1505
    ],
    "1009.0966": [
      1730
    ],
    "2002.06211v2": [
      3770
    ],
    "2010.00699v3": [
      26418
    ],
    "2107.09875v2": [
      3094
    ],
    "2302.02017v2": [
      2136
    ],
    "2409.02493v1": [
      846,
      851,
      996,
      1002,
      1027,
      3661,
      3800,
      4076,
      4079,
      4102,
      4133,
      4141,
      4156
    ],
    "2508.08416v1": [
      9486
    ],
    "2509.05225v1": [
      800,
      2429
    ],
    "2509.07083v1": [
      5739
    ],
    "2509.08644v1": [
      774,
      784,
      834,
      1262,
      1831,
      1841,
      1896,
      1965,
      2109,
      2122,
      2140,
      2197,
      2231,
      2240
    ],
    "2509.20438v1": [
      934
    ],
    "2510.17958v1": [
      1963
    ],
    "2510.19719v1": [
      5837
    ],
    "2510.24585v1": [
      2120
    ]
  },
  "35881": {
    "0704.0245": [
      6031
    ],
    "0706.0976": [
      5229
    ],
    "0706.1778": [
      1043
    ],
    "0902.1906": [
      15,
      4597
    ],
    "0902.3128": [
      817
    ],
    "1007.2742": [
      2857
    ]
  },
  "45252": {
    "2409.02493v1": [
      3763
    ]
  }
}