{
  "12572": {
    "0704.2160": [
      1084
    ],
    "0705.2589": [
      2294
    ],
    "0706.2214": [
      219
    ],
    "0707.1915": [
      456
    ],
    "0707.3560": [
      1335
    ],
    "0707.3562": [
      394
    ],
    "0707.4028": [
      3083
    ],
    "0901.1062": [
      3821
    ],
    "0902.2056": [
      202
    ],
    "1007.5378": [
      727
    ],
    "1008.0807": [
      2,
      29,
      45,
      62,
      163,
      177,
      182,
      219,
      247,
      294,
      368,
      406,
      488,
      504,
      563,
      571,
      579,
      601,
      630,
      665,
      771,
      881,
      1109,
      1238,
      1632,
      1991,
      2020,
      2028,
      2086,
      2127,
      2309,
      2332,
      2400,
      2408,
      2484,
      2495,
      2504,
      2509,
      2518,
      2524,
      2535,
      2626,
      2646,
      2684,
      2803,
      2811,
      3263,
      3533,
      3898,
      4156,
      4246,
      4491,
      4624,
      4803,
      4834,
      4875,
      4904,
      4926,
      4946,
      4958,
      4994,
      5090,
      5103,
      5113
    ],
    "1008.1321": [
      599,
      649,
      1583,
      1691
    ],
    "1008.1695": [
      1657,
      3527
    ],
    "1008.3983": [
      2602
    ],
    "1008.4904": [
      597,
      2746,
      3048
    ],
    "1905.09600v1": [
      3765
    ],
    "1908.02339v1": [
      5609
    ],
    "2006.07747v2": [
      5382,
      5415
    ],
    "2007.03654v1": [
      1855
    ],
    "2206.01877v1": [
      3203,
      3219
    ],
    "2206.02478v1": [
      9359,
      9396,
      12454,
      19016,
      19030,
      19080,
      19086,
      19244,
      19260,
      19345,
      19556,
      20222,
      20293,
      20308,
      20350,
      20379
    ],
    "2412.07451v1": [
      100,
      933
    ],
    "2508.13467v2": [
      6270
    ],
    "2509.13171v1": [
      3269
    ],
    "2509.20407v1": [
      1763
    ],
    "2511.04589v1": [
      6443
    ]
  },
  "18812": {
    "0704.2207": [
      3920
    ],
    "0704.2816": [
      3053
    ],
    "0704.3571": [
      5077
    ],
    "0704.3659": [
      3369
    ],
    "0705.0301": [
      2648
    ],
    "0705.0489": [
      3410
    ],
    "0705.0921": [
      3648,
      3656,
      3668
    ],
    "0705.1014": [
      3648
    ],
    "0705.1496": [
      8105
    ],
    "0705.2008": [
      14396,
      14621,
      14626,
      14631,
      14652
    ],
    "0705.3035": [
      1223
    ],
    "0705.4317": [
      2426
    ],
    "0706.0020": [
      745
    ],
    "0706.0595": [
      2893
    ],
    "0706.0918": [
      5159
    ],
    "0706.1571": [
      36229
    ],
    "0706.2953": [
      2416,
      2422
    ],
    "0706.2982": [
      695
    ],
    "0706.3112": [
      2595
    ],
    "0707.0650": [
      4841
    ],
    "0707.0687": [
      440,
      970
    ],
    "0707.1652": [
      3990
    ],
    "0707.1708": [
      688
    ],
    "0707.3718": [
      10686
    ],
    "0707.3952": [
      3933
    ],
    "0707.3954": [
      4922
    ],
    "0707.4637": [
      17853
    ],
    "0812.3874": [
      2932
    ],
    "0812.4320": [
      3515
    ],
    "0901.1145": [
      10515
    ],
    "0901.1326": [
      3065
    ],
    "0901.2065": [
      7666
    ],
    "0901.3400": [
      2239
    ],
    "0901.4676": [
      2994
    ],
    "0902.0464": [
      3738
    ],
    "0902.1949": [
      4957
    ],
    "1007.1585": [
      2486
    ],
    "1007.2100": [
      4838
    ],
    "1007.2190": [
      5798
    ],
    "1007.3750": [
      3892
    ],
    "1007.3810": [
      4050,
      4080
    ],
    "1007.4049": [
      3196
    ],
    "1008.0886": [
      3834
    ],
    "1008.3070": [
      3172,
      3228,
      3232
    ],
    "1008.3430": [
      714
    ],
    "1008.3774": [
      2119
    ],
    "1008.5091": [
      3979
    ],
    "1008.5243": [
      3654
    ],
    "1008.5324": [
      4816
    ],
    "1912.02581v1": [
      5697
    ],
    "2104.07909v1": [
      3711
    ],
    "2110.11454v1": [
      2862
    ],
    "2309.01880v2": [
      2478
    ],
    "2501.16402v1": [
      1965
    ],
    "2508.10169v1": [
      4419
    ]
  },
  "50933": {
    "2510.01589v1": [
      3261
    ]
  },
  "50932": {
    "2510.01589v1": [
      3303
    ]
  }
}