{
  "7820": {
    "0704.1361": [
      180,
      183,
      493,
      504,
      521,
      615,
      754,
      869,
      1345,
      1632,
      1748
    ],
    "0704.1925": [
      951,
      975
    ],
    "0704.2220": [
      1290
    ],
    "0705.3133": [
      992
    ],
    "0705.4199": [
      2277
    ],
    "0705.4230": [
      1893,
      1927,
      1959
    ],
    "0706.1860": [
      51,
      314,
      1184,
      1334,
      1390
    ],
    "0706.2677": [
      1288,
      1444,
      1446,
      1854,
      1868,
      1869,
      2268
    ],
    "0706.3008": [
      1905,
      1915
    ],
    "0706.3356": [
      39384
    ],
    "0707.0392": [
      15,
      25,
      31,
      231,
      271,
      485,
      489,
      556,
      609,
      748,
      2432,
      2531,
      2536,
      2541,
      2546,
      2574,
      2607,
      2625,
      2647,
      2650,
      2658,
      2661,
      2679,
      2684,
      2989,
      3025,
      3028,
      3031,
      3034,
      3037,
      3040
    ],
    "0707.0463": [
      1016,
      2578
    ],
    "0707.0742": [
      2589
    ],
    "0707.4059": [
      133
    ],
    "0707.4106": [
      2191
    ],
    "0812.4969": [
      6797
    ],
    "0901.0272": [
      711
    ],
    "0901.1981": [
      767
    ],
    "0901.3953": [
      723,
      998
    ],
    "0901.4648": [
      801
    ],
    "0902.0074": [
      1802
    ],
    "0902.1128": [
      2980,
      3009,
      6939,
      6968
    ],
    "0902.2158": [
      3863
    ],
    "1007.1189": [
      44,
      303,
      1022,
      1156,
      1326,
      1414,
      1417,
      2852,
      3087
    ],
    "1007.2107": [
      1414,
      1452,
      3031
    ],
    "1007.2384": [
      788,
      823
    ],
    "1007.2828": [
      45
    ],
    "1007.5080": [
      6429
    ],
    "1008.0823": [
      3077,
      5365,
      5487
    ],
    "1008.0971": [
      2169
    ],
    "1008.1869": [
      438,
      1507,
      1958,
      5322,
      5351,
      7081,
      8323,
      8929,
      8939,
      9149
    ],
    "1008.3295": [
      3481
    ],
    "1008.5161": [
      1668
    ],
    "1009.0275": [
      268,
      1886
    ],
    "1009.0534": [
      95,
      1850,
      2543,
      3282
    ],
    "1009.1224": [
      1606
    ],
    "1908.02339v1": [
      7794
    ],
    "2006.14682v1": [
      4531
    ],
    "2010.14922v1": [
      4546
    ],
    "2012.08601v1": [
      3902,
      3908
    ],
    "2107.14712v1": [
      892
    ],
    "2110.05829v1": [
      3389
    ],
    "2205.15629v1": [
      1088
    ],
    "2208.09057v1": [
      1627,
      2285
    ],
    "2209.13482v2": [
      3143
    ],
    "2211.14092v1": [
      504,
      2044,
      2284,
      3643,
      3728,
      4688
    ],
    "2212.03740v2": [
      4251,
      4256,
      5500
    ],
    "2301.03731v1": [
      769,
      819,
      832,
      855,
      928,
      3204,
      3228,
      3471
    ],
    "2302.13898v1": [
      3897
    ],
    "2308.05541v1": [
      259,
      355,
      926,
      998,
      1027,
      1176,
      1194,
      1233,
      1265,
      1512,
      1800,
      1833,
      1863,
      1876,
      1921,
      2291,
      2430,
      2595,
      2710,
      2735,
      2782,
      2789,
      3033,
      3173,
      3176,
      3253,
      3302,
      3324,
      3402,
      3777,
      3792,
      4721
    ],
    "2401.10115v1": [
      2445,
      2453,
      2529,
      2740,
      3728,
      4464
    ],
    "2402.19069v1": [
      2639,
      2956,
      6841
    ],
    "2403.13970v2": [
      13622,
      13673
    ],
    "2406.01318v1": [
      3563
    ],
    "2409.03574v1": [
      13
    ],
    "2409.06055v1": [
      4291
    ],
    "2410.17304v2": [
      504,
      539,
      560,
      643,
      649,
      731,
      763,
      787,
      877,
      902,
      956,
      1033,
      1206,
      1294,
      1307,
      2032,
      2113,
      2303,
      2320,
      2473,
      2757
    ],
    "2411.11905v1": [
      2759
    ],
    "2411.15938v1": [
      7195
    ],
    "2502.09186v2": [
      8108
    ],
    "2503.21032v1": [
      454,
      1338,
      1443,
      1453,
      1528,
      2105,
      2108,
      2120,
      2144,
      2258,
      2270,
      2624,
      2667,
      2676,
      2723,
      2727,
      2732,
      3107,
      3316
    ],
    "2504.04177v1": [
      1735
    ],
    "2505.20461v1": [
      689,
      782,
      1255,
      1309,
      1343,
      1345,
      1366,
      1401,
      1516,
      1556,
      1652,
      1661,
      1903,
      2345,
      3477,
      3970
    ],
    "2507.02174v1": [
      25,
      459,
      1226,
      1364,
      7165
    ],
    "2507.10191v1": [
      927
    ],
    "2508.18410v1": [
      8093,
      8354
    ],
    "2508.19986v1": [
      927
    ],
    "2509.03182v1": [
      3472
    ],
    "2509.15746v1": [
      5282
    ],
    "2510.00111v1": [
      6,
      184,
      641,
      836,
      885,
      904,
      967,
      985,
      1038,
      1164,
      1178,
      1202,
      1235,
      1245,
      1281,
      1328,
      1336,
      1342,
      1470,
      1488,
      1507,
      1569,
      1613,
      1630,
      1636,
      1794,
      1960,
      2080,
      2198,
      2288,
      2310,
      2394,
      2402,
      2778,
      2793,
      2900,
      3213,
      3371,
      3384,
      3419,
      3463,
      3563,
      3601,
      3660,
      3830,
      4149,
      4152,
      4327,
      4349,
      4586,
      4747,
      4771,
      4773,
      4792,
      4806,
      4821,
      4865,
      4929,
      4972,
      4975,
      4982,
      5138,
      5158,
      5293,
      5380,
      5564,
      5567,
      5604,
      5629,
      5656,
      5679,
      5685,
      5917,
      5923,
      6222,
      6226,
      6244,
      6518,
      6521,
      6898,
      7038,
      7450,
      7556,
      7847,
      7955,
      7956,
      7957,
      7958,
      7959,
      7960,
      7961,
      7962,
      7963,
      7964,
      7965,
      7967,
      7968,
      7969,
      7970,
      7971,
      7972,
      7973,
      7974,
      7975,
      7976,
      7977
    ],
    "2510.02026v1": [
      452
    ],
    "2510.07747v1": [
      1358
    ],
    "2511.00253v1": [
      75269,
      75375,
      75950
    ],
    "2511.01167v2": [
      3444,
      4095
    ],
    "2511.10927v1": [
      15767,
      15975,
      43632,
      44305,
      50582,
      55454
    ],
    "2511.13398v1": [
      25
    ]
  },
  "10095": {
    "2509.03283v2": [
      14276,
      14277
    ],