{
  "53517": {
    "0705.2177": [
      712,
      777,
      778,
      784,
      1415,
      1417,
      1418,
      1420
    ],
    "0707.0877": [
      515,
      517
    ],
    "1007.3528": [
      4528
    ],
    "1807.05178v1": [
      949,
      1818,
      1869,
      2110,
      2536
    ],
    "1904.06202v2": [
      403,
      516
    ],
    "1908.06666v1": [
      1127,
      1420
    ],
    "1912.09283v1": [
      453,
      480,
      490,
      523,
      627,
      713,
      1035,
      1053,
      1082,
      1134,
      1328,
      1347,
      1477,
      1571,
      1982,
      2641,
      2771,
      2917,
      2930,
      2998,
      3094
    ],
    "2006.04263v2": [
      2676
    ],
    "2008.02334v1": [
      2622,
      2640,
      2656,
      2672,
      2778,
      2807,
      3070,
      3082,
      3086,
      3134,
      3197,
      3223,
      4391
    ],
    "2212.07304v1": [
      1676,
      2009,
      2081,
      2494,
      2517,
      2536
    ]
  }
}