{
  "22985": {
    "0704.2430": [
      6485
    ],
    "0704.2483": [
      3223,
      4029,
      5186,
      5257,
      5281
    ],
    "0705.0880": [
      3579,
      4827
    ],
    "0705.1248": [
      10113,
      26612
    ],
    "0705.2156": [
      3516,
      4071
    ],
    "0706.0666": [
      4680,
      8204
    ],
    "0706.1874": [
      2708
    ],
    "0706.2455": [
      2854
    ],
    "0707.2063": [
      1949
    ],
    "0901.3104": [
      2510
    ],
    "0902.1055": [
      1348
    ],
    "0902.1637": [
      982
    ],
    "1007.2884": [
      124,
      1506,
      1854
    ],
    "1007.3803": [
      1702,
      2335,
      3098,
      3105,
      4750
    ],
    "1008.1010": [
      3499
    ],
    "1008.1971": [
      5216
    ],
    "1008.3377": [
      3463,
      3467
    ],
    "1008.3736": [
      5924,
      6072
    ],
    "1008.4347": [
      481
    ],
    "1009.0138": [
      10445
    ],
    "1009.0704": [
      1042
    ],
    "2102.04328v1": [
      1749
    ],
    "2408.16041v2": [
      11063
    ],
    "2502.12983v1": [
      1628
    ]
  },
  "22986": {
    "0704.2784": [
      308
    ],
    "0705.0767": [
      93
    ],
    "0705.2494": [
      138
    ],
    "0705.4423": [
      189
    ],
    "0706.4263": [
      1607,
      1611,
      1697
    ],
    "0812.3943": [
      64
    ],
    "0901.1358": [
      101
    ],
    "1008.0425": [
      623
    ],
    "1008.3434": [
      27198,
      27228
    ],
    "1008.3711": [
      325
    ],
    "2002.10606v1": [
      3467
    ],
    "2103.13745v1": [
      1205
    ],
    "2208.11637v1": [
      543
    ],
    "2510.21070v1": [
      515
    ]
  }
}