{
  "20569": {
    "0704.1225": [
      1434
    ],
    "0707.0324": [
      1532,
      2702,
      2997
    ],
    "0707.0567": [
      3359,
      3372
    ],
    "0707.0834": [
      4579,
      4587
    ],
    "0707.0854": [
      1147,
      4151
    ],
    "0707.0891": [
      1980,
      3875
    ],
    "0707.4028": [
      2854
    ],
    "1007.2247": [
      3574
    ],
    "1007.4756": [
      4475
    ],
    "1008.3643": [
      2140
    ],
    "1009.1211": [
      2173,
      2323
    ],
    "2011.10244v1": [
      2610
    ],
    "2108.01435v2": [
      14498,
      14513,
      19437,
      29809
    ],
    "2303.10810v1": [
      2094
    ],
    "2303.11810v1": [
      5502
    ]
  }
}