{
  "36049": {
    "0706.3433": [
      2082,
      2121
    ],
    "0707.4041": [
      10
    ],
    "0901.0356": [
      11957
    ],
    "0901.2022": [
      23,
      43
    ],
    "0902.1706": [
      8,
      247,
      660,
      932,
      1245,
      1509,
      1576
    ],
    "1007.0864": [
      2368
    ],
    "1007.5137": [
      580,
      2921
    ],
    "1008.4996": [
      12,
      268,
      669,
      963,
      1179,
      1484,
      1734,
      1995,
      2252,
      2695
    ],
    "2303.07799v1": [
      1684
    ],
    "2510.25230v2": [
      14
    ],
    "2511.14589v1": [
      5528
    ]
  }
}