{
  "19419": {
    "0704.0044": [
      1745,
      13713
    ],
    "0704.0095": [
      9935,
      10093
    ],
    "0704.1829": [
      836
    ],
    "0704.2963": [
      7847
    ],
    "0705.0614": [
      1347,
      3199,
      7631,
      7644,
      7657,
      7673
    ],
    "0705.1003": [
      3197
    ],
    "0705.3690": [
      1226
    ],
    "0706.0578": [
      3818,
      3826,
      3864,
      3872
    ],
    "0706.0995": [
      2945
    ],
    "0812.4012": [
      1857
    ],
    "1007.1210": [
      3543,
      3830
    ],
    "1007.5101": [
      66,
      109,
      184,
      235,
      1170
    ],
    "1707.00542v1": [
      1077
    ],
    "2101.08604v2": [
      1609
    ],
    "2201.02377v1": [
      523
    ]
  },
  "51769": {
    "0704.0189": [
      2422,
      2460,
      2676
    ],
    "0704.0449": [
      2132
    ],
    "0704.0746": [
      459,
      476,
      1101
    ],
    "0704.0799": [
      1032
    ],
    "0704.1605": [
      1238
    ],
    "0704.2278": [
      472
    ],
    "0704.2468": [
      411
    ],
    "0704.2577": [
      1409
    ],
    "0704.3006": [
      414
    ],
    "0704.3213": [
      2978
    ],
    "0704.3643": [
      1376
    ],
    "0704.3957": [
      456
    ],
    "0705.0922": [
      3761
    ],
    "0705.1045": [
      2664
    ],
    "0705.1124": [
      3617
    ],
    "0705.2579": [
      840
    ],
    "0705.2630": [
      1441
    ],
    "0705.2799": [
      6604,
      6614,
      6615,
      7368
    ],
    "0705.3007": [
      801,
      948
    ],
    "0705.3822": [
      9904
    ],
    "0705.3895": [
      3011
    ],
    "0705.4179": [
      2403
    ],
    "0706.0096": [
      1187,
      1282
    ],
    "0706.0163": [
      579
    ],
    "0706.0199": [
      296
    ],
    "0706.1381": [
      4434
    ],
    "0706.1393": [
      1085
    ],
    "0706.2248": [
      4208
    ],
    "0706.2502": [
      2303
    ],
    "0706.2662": [
      2107
    ],
    "0706.4388": [
      2281
    ],
    "0706.4414": [
      1049
    ],
    "0707.2522": [
      1647
    ],
    "0707.2827": [
      692
    ],
    "0812.4016": [
      1870
    ],
    "0812.4311": [
      1559
    ],
    "0812.4828": [
      302
    ],
    "0901.0057": [
      1061,
      1084
    ],
    "0901.0089": [
      1576
    ],
    "0901.0355": [
      1250
    ],
    "0901.1024": [
      4732
    ],
    "0901.2380": [
      1881
    ],
    "0901.4446": [
      189
    ],
    "0901.4470": [
      2692
    ],
    "0901.4881": [
      1252
    ],
    "0902.0849": [
      3045
    ],
    "0902.1646": [
      5040,
      5042,
      5054,
      5063,
      5067
    ],
    "0902.1715": [
      1370
    ],
    "0902.2085": [
      610
    ],
    "0902.2418": [
      185
    ],
    "0902.2707": [
      57,
      387,
      393,
      408,
      446,
      476,
      479
    ],
    "1007.1972": [
      1306
    ],
    "1007.3019": [
      1310
    ],
    "1007.4123": [
      3066
    ],
    "1007.5190": [
      473,
      1163,
      1164,
      1166
    ],
    "1008.1144": [
      537
    ],
    "1008.1557": [
      601,
      661,
      1523
    ],
    "1008.2259": [
      785,
      789,
      803,
      1004
    ],
    "1008.2746": [
      240,
      1334,
      1338,
      1339,
      1602,
      2968,
      2969,
      2983,
      3048
    ],
    "1008.4331": [
      3649
    ],
    "1008.4476": [
      1401
    ],
    "2006.07747v2": [
      2812
    ],
    "2309.14384v1": [
      1192
    ],
    "2508.06699v2": [
      2914
    ],
    "2508.14529v1": [
      2866
    ],
    "2509.10136v1": [
      8999
    ],
    "2510.12594v1": [
      2556
    ],
    "2510.16365v1": [
      723
    ],
    "2511.01384v1": [
      3766
    ],
    "2511.08447v1": [
      5445
    ],
    "2511.08473v1": [
      6178
    ]
  },
  "17651": {
    "0705.0191": [
      357,
      375
    ],
    "0705.2655": [
      1421
    ],
    "0706.0151": [
      695
    ],
    "0706.1087": [
      1813
    ],
    "0706.1954": [
      444
    ],
    "0706.1988": [
      17844
    ],
    "0706.4048": [
      1166
    ],
    "0707.1117": [
      2362
    ],
    "0901.1270": [
      2719
    ],
    "0901.3389": [
      1156
    ],
    "0902.0300": [
      165
    ],
    "0902.1862": [
      484
    ],
    "0902.2373": [
      280
    ],
    "1007.0947": [
      239
    ],
    "1007.1455": [
      632
    ],
    "1007.1541": [
      17945,
      36091
    ],
    "1007.3240": [
      3369,
      4300
    ],
    "1007.4026": [
      167
    ],
    "1008.1589": [
      1445
    ],
    "1008.1701": [
      97
    ],
    "1008.2121": [
      381
    ],
    "1008.4628": [
      433
    ],
    "1009.0249": [
      65,
      4497
    ],
    "1009.0729": [
      99,
      163,
      178,
      4703,
      5041
    ],
    "1009.1031": [
      435
    ],
    "2412.19816v1": [
      386
    ],
    "2506.10556v1": [
      70,
      125
    ],
    "2506.20236v2": [
      1448
    ],
    "2508.16558v1": [
      2232
    ],
    "2509.10883v1": [
      6799,
      7080
    ],
    "2511.09482v2": [
      1813
    ]
  },
  "23901": {
    "0705.1233": [
      836
    ],
    "0705.2350": [
      4791
    ],
    "0706.1066": [
      35
    ],
    "0706.1087": [
      658
    ],
    "0706.1201": [
      1500
    ],
    "0706.1266": [
      1975
    ],
    "0706.1369": [
      334
    ],
    "0707.0356": [
      521
    ],
    "0707.0359": [
      513
    ],
    "0707.4037": [
      5599
    ],
    "1007.3977": [
      48
    ],
    "1008.2450": [
      142,
      3470,
      4029
    ],
    "2508.20238v1": [
      2395
    ]
  },
  "44248": {
    "1008.2680": [
      1889
    ]
  },
  "44247": {
    "2004.09658v1": [
      40
    ]
  }
}