{
  "13207": {
    "0704.0038": [
      1845
    ],
    "0704.1201": [
      1654,
      2439,
      2462
    ],
    "0704.2139": [
      1224
    ],
    "0705.0153": [
      890
    ],
    "0705.3675": [
      153
    ],
    "0705.4677": [
      585,
      595,
      632
    ],
    "0706.1181": [
      1228
    ],
    "0706.2241": [
      4698,
      4707
    ],
    "0706.2278": [
      13
    ],
    "0706.2481": [
      2400
    ],
    "0706.3740": [
      1016,
      1527,
      1622
    ],
    "0706.3833": [
      1859
    ],
    "0707.1816": [
      1529,
      1690
    ],
    "0707.3542": [
      2298
    ],
    "0707.3825": [
      2937
    ],
    "0707.4511": [
      1906
    ],
    "0708.0331": [
      524
    ],
    "0812.4213": [
      16,
      409,
      982,
      1055,
      1659,
      2528,
      3193,
      3879,
      4695,
      5160,
      5326
    ],
    "0812.4346": [
      4,
      2819
    ],
    "0901.0665": [
      13696
    ],
    "0901.3151": [
      3180
    ],
    "0901.3606": [
      177,
      207,
      4253,
      4272
    ],
    "0902.0062": [
      611
    ],
    "0902.0532": [
      2858
    ],
    "0902.1099": [
      3973,
      4018,
      4024
    ],
    "0902.1739": [
      3297,
      3308
    ],
    "1007.2293": [
      133
    ],
    "1007.3268": [
      1354
    ],
    "1007.5176": [
      1820,
      1847,
      1901
    ],
    "1008.1680": [
      1437
    ],
    "1008.2083": [
      3382,
      3620
    ],
    "1008.3072": [
      16,
      456
    ],
    "1008.4210": [
      1891,
      3415
    ],
    "1008.4469": [
      551
    ],
    "1009.0621": [
      1962
    ],
    "2203.04546v3": [
      1157
    ],
    "2210.14399v1": [
      6328,
      6341,
      6355
    ],
    "2508.03932v1": [
      4956,
      4961,
      4965,
      4968,
      5235,
      5243,
      5262,
      5266
    ],
    "2508.09257v2": [
      4196,
      6543,
      6766,
      6796
    ],
    "2508.09845v1": [
      2606,
      2654,
      3083,
      3089,
      3094,
      3101,
      3106,
      3207,
      3316
    ],
    "2509.08118v1": [
      4658
    ],
    "2509.08189v1": [
      1752
    ],
    "2509.08880v1": [
      6825
    ],
    "2509.09492v1": [
      5102,
      5257
    ],
    "2509.10002v1": [
      4545
    ],
    "2509.13009v1": [
      6913
    ],
    "2509.15334v2": [
      5369,
      5389,
      5394,
      5398,
      5608,
      5612,
      5647,
      5650
    ],
    "2509.15727v2": [
      9633,
      9860
    ],
    "2509.21467v1": [
      17192
    ],
    "2509.23262v1": [
      1644
    ],
    "2509.25947v1": [
      4362,
      4364
    ],
    "2510.01079v1": [
      7968
    ],
    "2510.08069v1": [
      4313,
      4463
    ],
    "2510.13736v1": [
      4064
    ],
    "2510.14173v2": [
      3475
    ],
    "2510.17367v1": [
      3905
    ],
    "2510.20913v1": [
      10436
    ],
    "2510.21577v1": [
      5969
    ],
    "2511.02150v1": [
      4448
    ],
    "2511.08270v1": [
      8840
    ]
  },
  "20347": {
    "0704.0173": [
      987
    ],
    "0704.1494": [
      1718,
      1725,
      1733,
      1808,
      1837
    ],
    "0704.1499": [
      1577,
      1583,
      1683,
      1691,
      1698
    ],
    "0704.2170": [
      3078
    ],
    "0706.1986": [
      1561,
      1577,
      1586,
      1595,
      1935
    ],
    "0706.3248": [
      1694
    ],
    "0707.1381": [
      13,
      1098,
      1108
    ],
    "0707.2409": [
      3630,
      3679
    ],
    "0707.2840": [
      1491
    ],
    "0707.2895": [
      5916
    ],
    "0707.3382": [
      5552
    ],
    "0812.4111": [
      1393
    ],
    "0812.4854": [
      2846
    ],
    "0901.0268": [
      2010
    ],
    "0901.0418": [
      1364
    ],
    "0901.0738": [
      1098,
      1104
    ],
    "0901.1029": [
      982
    ],
    "0901.1124": [
      1035
    ],
    "0901.2149": [
      2805,
      2896,
      2927,
      2963,
      3059
    ],
    "0901.2728": [
      2497
    ],
    "0901.3394": [
      1082,
      1088,
      1184
    ],
    "0901.3976": [
      3465
    ],
    "0901.4556": [
      2387
    ],
    "0901.4582": [
      1837
    ],
    "0902.0265": [
      1684
    ],
    "0902.0288": [
      2012,
      2062
    ],
    "0902.0435": [
      4961
    ],
    "0902.0663": [
      1718,
      1734,
      1750
    ],
    "0902.0952": [
      4062
    ],
    "0902.1085": [
      2029,
      2035
    ],
    "0902.2190": [
      1057
    ],
    "0902.2423": [
      1481,
      1507
    ],
    "0902.2503": [
      1717
    ],
    "1007.4076": [
      2676
    ],
    "1007.5252": [
      959,
      969
    ],
    "1008.0228": [
      1133,
      1188,
      1197,
      1304,
      1312
    ],
    "1008.0250": [
      1051,
      1075
    ],
    "1008.0666": [
      984
    ],
    "1008.0749": [
      2419,
      2437,
      2446,
      2453,
      2474
    ],
    "1008.0864": [
      2307
    ],
    "1008.1033": [
      2041
    ],
    "1008.1035": [
      1513
    ],
    "1008.1765": [
      2765
    ],
    "1008.2586": [
      1088
    ],
    "1008.3695": [
      2410
    ],
    "1008.4999": [
      1016,
      1047
    ],
    "1009.0538": [
      1728
    ],
    "1009.0726": [
      1774
    ],
    "1009.1408": [
      1339
    ],
    "1802.08285v1": [
      2416
    ],
    "2101.04723v1": [
      2664
    ],
    "2103.11213v1": [
      6588
    ],
    "2109.01913v1": [
      2131,
      3586
    ],
    "2210.09154v1": [
      2531
    ],
    "2303.14101v1": [
      1775
    ],
    "2307.12411v2": [
      4891
    ],
    "2404.14359v2": [
      3837
    ],
    "2511.03392v1": [
      5565
    ]
  },
  "22751": {
    "0705.1595": [
      448
    ],
    "0705.4639": [
      134
    ],
    "0707.1216": [
      15
    ],
    "0902.0191": [
      1805
    ],
    "0902.1033": [
      9
    ],
    "1007.2104": [
      207,
      307,
      327,
      360,
      410,
      480,
      1050,
      1063,
      1076,
      1090,
      1850
    ],
    "1007.4377": [
      7628
    ],
    "2409.00452v1": [
      3126
    ]
  },
  "32113": {
    "0706.1155": [
      361
    ],
    "2107.05872v1": [
      3564
    ],
    "2503.17311v1": [
      554
    ],
    "2510.01975v1": [
      3797,
      4007
    ]
  },
  "20845": {
    "0706.1260": [
      1363
    ],
    "0706.1882": [
      220,
      775,
      1003,
      1295,
      1462
    ],
    "0707.0856": [
      1821
    ],
    "0707.2044": [
      13,
      2684,
      2693,
      2703,
      2714,
      2734,
      2784,
      2801,
      2842,
      2867,
      2877,
      2884,
      2919
    ],
    "0707.3869": [
      329,
      903
    ],
    "0707.4079": [
      298,
      2375
    ],
    "0902.1572": [
      844,
      900,
      995
    ],
    "0902.2255": [
      1202
    ],
    "1007.3537": [
      3803
    ],
    "1008.2782": [
      1648
    ],
    "1008.3551": [
      4305
    ],
    "2108.01435v2": [
      30777
    ]
  },
  "22048": {
    "0706.3619": [
      10,
      75,
      183,
      277,
      404
    ],
    "0706.4135": [
      19
    ],
    "0707.0352": [
      1083
    ],
    "0707.0926": [
      4145
    ],
    "0707.1288": [
      12
    ],
    "0707.1304": [
      6
    ],
    "0707.1306": [
      4,
      17,
      2476
    ],
    "0707.1494": [
      908
    ],
    "0707.1534": [
      11
    ],
    "0707.1548": [
      9
    ],
    "0707.2007": [
      528
    ],
    "0707.2346": [
      318
    ],
    "0707.2472": [
      445
    ],
    "0707.2728": [
      819
    ],
    "0901.2739": [
      1892
    ],
    "0901.3751": [
      10,
      220,
      7891
    ],
    "1007.1077": [
      4,
      6139
    ],
    "1007.3275": [
      5046
    ],
    "1008.2151": [
      2600
    ],
    "1009.0108": [
      4693
    ],
    "1009.0117": [
      3174
    ],
    "1009.0957": [
      2314
    ],
    "2012.09620v3": [
      4600
    ]
  },
  "39721": {
    "0707.4637": [
      16664
    ],