{
  "23931": {
    "0704.0245": [
      843,
      2672,
      2744,
      3947,
      5734,
      6030
    ],
    "0705.2112": [
      334
    ],
    "0705.3402": [
      3908
    ],
    "0706.0976": [
      4848,
      5228
    ],
    "0706.1778": [
      1039,
      1042
    ],
    "0706.1842": [
      485,
      1136
    ],
    "0707.1035": [
      6406
    ],
    "0812.3968": [
      438
    ],
    "0902.1906": [
      4036,
      4596,
      4602
    ],
    "0902.3128": [
      813,
      816
    ],
    "1007.2252": [
      1052
    ],
    "1007.2742": [
      2856,
      2861,
      2867
    ],
    "1008.3101": [
      7607
    ],
    "1008.3378": [
      520
    ]
  },
  "33577": {
    "0704.1156": [
      3317
    ],
    "0704.3181": [
      6206
    ],
    "0705.2346": [
      1323
    ],
    "0706.3855": [
      384
    ],
    "0902.2517": [
      4131
    ],
    "0902.3072": [
      2072
    ],
    "1007.3366": [
      1174
    ],
    "1008.0096": [
      3965,
      4552
    ],
    "1008.4959": [
      10003
    ],
    "1009.0290": [
      3532
    ],
    "1802.06100v1": [
      339,
      2350
    ],
    "1903.10725v2": [
      5552
    ],
    "1906.11830v1": [
      1578
    ],
    "1912.03608v1": [
      3341
    ],
    "2105.05939v1": [
      1331
    ],
    "2105.13390v1": [
      3106
    ],
    "2412.06463v3": [
      2565
    ]
  }
}