{
  "52904": {
    "0704.3034": [
      1454,
      1894
    ],
    "0705.0702": [
      5655
    ],
    "0705.0809": [
      4983,
      5073
    ],
    "0705.1323": [
      5753
    ],
    "0705.1659": [
      4423
    ],
    "0705.1778": [
      3644
    ],
    "0705.2946": [
      5806
    ],
    "0705.3165": [
      1829,
      1834
    ],
    "0706.3230": [
      3410
    ],
    "0706.3332": [
      3328,
      3390
    ],
    "0706.4331": [
      4553
    ],
    "0707.0024": [
      8917,
      9107
    ],
    "0707.1882": [
      1218
    ],
    "0707.2537": [
      7161
    ],
    "0707.2827": [
      4447
    ],
    "0812.3909": [
      2439
    ],
    "0812.4481": [
      2526
    ],
    "0812.4519": [
      1213
    ],
    "0901.0149": [
      1477
    ],
    "0901.0642": [
      1212
    ],
    "0901.2368": [
      3910,
      3916,
      3947,
      4027
    ],
    "0901.3276": [
      4688
    ],
    "1007.2495": [
      4875
    ],
    "1007.4320": [
      2848
    ],
    "1007.5300": [
      48,
      6336
    ],
    "1008.2144": [
      4674
    ],
    "1008.4190": [
      2896
    ],
    "2204.09332v1": [
      2482
    ],
    "2212.09079v1": [
      7217
    ],
    "2301.02452v1": [
      4063
    ],
    "2306.17732v1": [
      5187
    ],
    "2509.08125v1": [
      4114
    ],
    "2509.09996v1": [
      5116,
      8730,
      8737,
      8885
    ],
    "2509.15941v1": [
      2231
    ],
    "2509.21505v1": [
      5668
    ],
    "2509.24954v1": [
      3341
    ]
  }
}