{
  "42047": {
    "0704.3533": [
      16
    ],
    "0707.1790": [
      1312
    ],
    "2402.14325v1": [
      50
    ],
    "2412.14659v1": [
      48
    ],
    "2508.04989v1": [
      5161
    ],
    "2508.20438v1": [
      4075
    ],
    "2510.14682v1": [
      3505
    ]
  }
}