{
  "22338": {
    "0704.1206": [
      1184
    ],
    "0704.2328": [
      5626
    ],
    "0705.1081": [
      1182
    ],
    "0705.1951": [
      20466
    ],
    "0708.0039": [
      4185
    ],
    "0901.1259": [
      3350
    ],
    "0901.3128": [
      683,
      1204,
      1213,
      1220
    ],
    "1008.1378": [
      4425
    ],
    "1008.3449": [
      1217,
      1218,
      1258,
      1398,
      1401,
      1406
    ],
    "1008.3573": [
      626,
      656,
      950
    ],
    "2109.00323v1": [
      581
    ],
    "2407.08539v1": [
      22879
    ],
    "2409.08118v1": [
      5979
    ]
  }
}