{
  "22989": {
    "0704.0150": [
      415,
      582,
      3296,
      3533
    ],
    "0901.0859": [
      41,
      89,
      128,
      156,
      267,
      299,
      590,
      875,
      1012,
      1119,
      1283,
      1295
    ],
    "1007.2798": [
      353
    ]
  },
  "17626": {
    "0704.2046": [
      408
    ],
    "0704.3618": [
      9700
    ],
    "0706.4093": [
      4313
    ],
    "0707.3173": [
      6335
    ],
    "0707.4267": [
      877
    ],
    "0901.0131": [
      3815
    ],
    "0901.4358": [
      7826
    ],
    "1007.4935": [
      2804
    ],
    "1008.0418": [
      6104
    ],
    "1008.0892": [
      545
    ],
    "1008.1900": [
      3162,
      3290
    ],
    "1008.3751": [
      143
    ],
    "1009.0380": [
      905
    ],
    "1009.1336": [
      4111
    ],
    "1803.01353v1": [
      1457
    ],
    "2008.13180v1": [
      3068
    ],
    "2105.13227v1": [
      7877,
      10034
    ],
    "2307.10478v4": [
      1780
    ],
    "2310.14311v2": [
      1550,
      1832,
      2051,
      2332,
      2649,
      2979,
      3441,
      3766,
      4065
    ],
    "2507.07616v2": [
      3987
    ],
    "2509.04054v1": [
      604,
      615,
      1484,
      1516
    ],
    "2509.08687v1": [
      1711,
      1832,
      2349,
      2377,
      2540,
      2567,
      2584
    ]
  }
}