{
  "14603": {
    "0704.0924": [
      5157
    ],
    "0704.1696": [
      3097
    ],
    "0704.1709": [
      3
    ],
    "0704.2201": [
      927,
      954
    ],
    "0704.2931": [
      1239,
      4728,
      5286,
      7823,
      10783
    ],
    "0704.3356": [
      324,
      344,
      373
    ],
    "0704.3501": [
      888,
      892,
      897,
      901,
      910,
      915,
      921,
      1387,
      1391,
      1403,
      1421
    ],
    "0705.0616": [
      378
    ],
    "0705.0880": [
      1441
    ],
    "0705.1248": [
      1148,
      17694,
      18283,
      25271,
      30980,
      31346,
      31940
    ],
    "0705.1281": [
      124
    ],
    "0705.1951": [
      1682,
      9079
    ],
    "0705.2704": [
      737,
      1005,
      1481
    ],
    "0706.0666": [
      1949,
      2130,
      5997,
      22089
    ],
    "0706.1486": [
      3092
    ],
    "0706.1780": [
      883,
      1059
    ],
    "0706.1878": [
      342
    ],
    "0706.2293": [
      1634
    ],
    "0706.2455": [
      1048
    ],
    "0706.4038": [
      231
    ],
    "0707.0727": [
      3148
    ],
    "0707.0779": [
      73
    ],
    "0707.0782": [
      2429
    ],
    "0707.0836": [
      1642
    ],
    "0707.1683": [
      711
    ],
    "0707.2898": [
      1425
    ],
    "0707.3014": [
      1236
    ],
    "0707.3552": [
      1082,
      1145,
      1184,
      1204,
      1212,
      1239,
      1252,
      1264,
      1294,
      1307,
      1318,
      1328,
      1588,
      1601
    ],
    "0707.3574": [
      332,
      651
    ],
    "0901.3481": [
      1312,
      1375
    ],
    "0901.3726": [
      216
    ],
    "0902.0204": [
      145
    ],
    "0902.0685": [
      1163
    ],
    "0902.1642": [
      4402
    ],
    "0902.1829": [
      3431
    ],
    "0902.2073": [
      6301
    ],
    "0902.3115": [
      2959
    ],
    "1007.0819": [
      909,
      919
    ],
    "1007.2103": [
      72,
      1304
    ],
    "1007.5447": [
      74,
      1279
    ],
    "1008.0183": [
      546
    ],
    "1008.2185": [
      164,
      745,
      1256,
      1261,
      4285,
      6199
    ],
    "1009.0286": [
      2362
    ],
    "1009.1117": [
      2183
    ],
    "2005.13453v2": [
      3344
    ],
    "2208.11637v1": [
      15525,
      42931
    ],
    "2511.14809v1": [
      4391
    ]
  },
  "47185": {
    "0704.0949": [
      1149
    ],
    "0901.4878": [
      3831
    ],
    "1008.3232": [
      2896
    ],
    "2511.09604v1": [
      3112
    ]
  },
  "14803": {
    "0704.1709": [
      152,
      158,
      445,
      1258,
      1267
    ],
    "0704.2524": [
      529
    ],
    "0704.3501": [
      906,
      1570
    ],
    "0704.3579": [
      1625
    ],
    "0704.3820": [
      91,
      255
    ],
    "0705.0616": [
      549
    ],
    "0705.0765": [
      357
    ],
    "0705.1248": [
      15166,
      15172,
      16351,
      16705,
      18176,
      18840,
      29484,
      29491,
      29518,
      29533,
      30222,
      30238,
      30469,
      30575,
      30577,
      30605,
      30816,
      31000,
      31570,
      31575,
      31904,
      32131
    ],
    "0705.1601": [
      2581
    ],
    "0705.2581": [
      1364,
      1434,
      2389
    ],
    "0705.2698": [
      3015,
      3318
    ],
    "0705.2704": [
      99,
      999
    ],
    "0705.4116": [
      156
    ],
    "0705.4630": [
      881,
      1131,
      1292,
      1307,
      1697
    ],
    "0706.0640": [
      5538
    ],
    "0706.2797": [
      716
    ],
    "0706.3620": [
      51
    ],
    "0706.3627": [
      3923,
      3997,
      4001
    ],
    "0706.4007": [
      523,
      943,
      947,
      1001
    ],
    "0706.4061": [
      598
    ],
    "0707.1304": [
      358,
      892,
      973
    ],
    "0707.1813": [
      934
    ],
    "0707.1815": [
      714,
      806
    ],
    "0707.2500": [
      2846,
      2957,
      3100
    ],
    "0707.3860": [
      1402
    ],
    "0901.2524": [
      2311
    ],
    "0901.3104": [
      4385
    ],
    "0901.3209": [
      1140
    ],
    "0901.3481": [
      850,
      1224,
      1244,
      1431
    ],
    "0901.3688": [
      6959
    ],
    "0901.4197": [
      1771
    ],
    "0901.4232": [
      6233
    ],
    "0902.0584": [
      123,
      576,
      598,
      1180
    ],
    "0902.0797": [
      567
    ],
    "0902.2902": [
      2675
    ],
    "1007.5447": [
      92,
      243,
      247,
      641,
      717,
      721,
      727,
      731,
      822,
      833
    ],
    "1008.1609": [
      3058
    ],
    "1008.2185": [
      1747
    ],
    "1008.2248": [
      3677
    ],
    "2208.11637v1": [
      9503,
      11323,
      13699,
      13956,
      14331,
      14822
    ]
  }
}