{
  "29604": {
    "0704.3068": [
      5329,
      7712
    ],
    "2203.14268v1": [
      1210,
      1211,
      1323,
      1359,
      1470,
      1741
    ],
    "2406.00875v1": [
      4450
    ]
  },
  "15282": {
    "0706.1217": [
      2292
    ],
    "0812.4322": [
      4,
      49,
      82,
      89,
      111,
      131,
      175,
      178,
      209,
      220,
      228,
      259,
      270,
      278,
      376,
      424,
      494,
      500,
      503,
      520,
      529,
      533,
      537,
      559,
      589,
      795,
      863,
      947,
      1399,
      2311,
      2314,
      2392,
      2398,
      2508,
      2516,
      2539,
      2554,
      2563,
      2672,
      2681,
      2687,
      2689,
      2722,
      2730,
      2880,
      2883,
      2892,
      2993,
      3007,
      3057,
      3060,
      3069,
      3217,
      3248,
      3587,
      3594,
      3866,
      4160,
      4192,
      4290
    ],
    "0901.2641": [
      1275
    ],
    "1008.0331": [
      1287
    ],
    "2511.14581v1": [
      5874
    ]
  }
}