{
  "52443": {
    "0704.2030": [
      96206
    ],
    "0707.0412": [
      468
    ],
    "0707.1700": [
      2027,
      2044,
      2051,
      2062,
      2135,
      2154
    ],
    "0707.1889": [
      8415
    ],
    "0901.4598": [
      5884
    ],
    "0902.2292": [
      3150
    ],
    "1907.04273v2": [
      533
    ],
    "2001.07019v1": [
      368,
      378
    ],
    "2110.03736v1": [
      644,
      5355
    ],
    "2110.07559v16": [
      28786,
      28941
    ],
    "2303.17869v1": [
      323
    ]
  },
  "15896": {
    "0704.2572": [
      1055,
      1065,
      1492,
      1510,
      1945,
      1959,
      2136
    ],
    "0705.4325": [
      8523,
      10186,
      10232,
      10325
    ],
    "0706.1570": [
      5703
    ],
    "0707.0487": [
      2472
    ],
    "0707.2427": [
      368,
      966,
      1008,
      1050,
      3018,
      3027,
      3084
    ],
    "0707.2447": [
      752
    ],
    "0707.3628": [
      633,
      640,
      656
    ],
    "0707.4300": [
      926,
      941,
      960,
      980,
      986,
      1014,
      1038,
      2504,
      3057,
      3067,
      3091
    ],
    "0812.4483": [
      3042,
      5378
    ],
    "0901.1330": [
      842
    ],
    "0901.4082": [
      5724
    ],
    "0902.0799": [
      1309,
      1320,
      1399,
      1887,
      2269
    ],
    "0902.1011": [
      6594
    ],
    "0902.1951": [
      4845,
      4850,
      6467
    ],
    "1007.2680": [
      896
    ],
    "1007.5228": [
      3282
    ],
    "1008.2419": [
      1193
    ],
    "1008.3995": [
      5143
    ],
    "1008.4308": [
      3020
    ],
    "1009.0468": [
      31,
      84,
      248,
      424
    ]
  }
}