{
  "53060": {
    "0704.0195": [
      3982
    ],
    "0901.3072": [
      546
    ],
    "1007.1275": [
      2610
    ],
    "1007.2083": [
      1332,
      2386
    ],
    "1007.4532": [
      3663
    ],
    "1008.1596": [
      31
    ],
    "1008.2144": [
      1223,
      1225,
      4380
    ],
    "2105.05397v1": [
      3335
    ],
    "2206.08483v2": [
      2390
    ],
    "2206.13080v2": [
      2235,
      2239,
      2243,
      2247,
      2251,
      2275
    ],
    "2211.15653v1": [
      13965
    ],
    "2410.07386v1": [
      21869
    ],
    "2505.06167v1": [
      2740
    ],
    "2508.17847v2": [
      5355
    ],
    "2511.12356v1": [
      493
    ]
  }
}