{
  "27494": {
    "0704.2712": [
      3311
    ],
    "0705.1040": [
      2205
    ],
    "0705.1119": [
      2747
    ],
    "0706.1311": [
      3148
    ],
    "0706.3309": [
      4394
    ],
    "0706.3462": [
      4534
    ],
    "0707.0889": [
      3801
    ],
    "0707.1468": [
      164
    ],
    "0707.3583": [
      9063
    ],
    "0708.0042": [
      965,
      973
    ],
    "0901.2352": [
      5485,
      11847
    ],
    "0902.0147": [
      1160,
      1166
    ],
    "0902.2071": [
      508
    ],
    "0902.3140": [
      1059
    ],
    "0902.3258": [
      5215
    ],
    "1007.1319": [
      1321
    ],
    "1007.2226": [
      1553
    ],
    "1007.2846": [
      3928
    ],
    "1007.3167": [
      430,
      614,
      1582,
      1663,
      1913,
      2571,
      2880
    ],
    "1007.3855": [
      1331,
      1474,
      1506,
      1693,
      1704,
      2553,
      3095
    ],
    "1007.3898": [
      2630
    ],
    "1007.3964": [
      429
    ],
    "1007.4344": [
      1261
    ],
    "1007.5230": [
      2124
    ],
    "1008.0590": [
      2978
    ],
    "1008.4317": [
      680
    ],
    "1009.0235": [
      813,
      830
    ],
    "2008.13739v1": [
      2902
    ],
    "2404.00317v1": [
      7765
    ],
    "2509.24487v1": [
      3590
    ],
    "2511.03587v1": [
      2702
    ],
    "2511.10097v1": [
      1263
    ]
  }
}