{
  "52561": {
    "0704.1524": [
      4468
    ],
    "0704.2064": [
      468
    ],
    "0704.2462": [
      2527
    ],
    "0704.3362": [
      377
    ],
    "0704.3621": [
      97
    ],
    "0705.0348": [
      620
    ],
    "0705.1018": [
      1382,
      1406
    ],
    "0705.2878": [
      1499
    ],
    "0706.1252": [
      3245
    ],
    "0706.1565": [
      1297
    ],
    "0706.2036": [
      1523
    ],
    "0706.2228": [
      573,
      2146
    ],
    "0706.4128": [
      2501,
      2505
    ],
    "0707.2558": [
      2771
    ],
    "0708.0082": [
      1427
    ],
    "0812.4084": [
      2741
    ],
    "0812.4683": [
      576
    ],
    "0901.4267": [
      1838
    ],
    "0902.0656": [
      100
    ],
    "0902.2384": [
      1350
    ],
    "0902.3134": [
      2622
    ],
    "1007.0946": [
      458
    ],
    "1007.4192": [
      961
    ],
    "1008.0260": [
      690
    ],
    "1008.1229": [
      6508
    ],
    "1008.1756": [
      2942
    ],
    "1008.2093": [
      2219
    ],
    "1008.5317": [
      10007
    ],
    "2406.15365v1": [
      1247
    ],
    "2510.24444v1": [
      3963
    ]
  },
  "47184": {
    "1009.0108": [
      4867
    ]
  }
}