{
  "15471": {
    "0704.3700": [
      1595
    ],
    "0704.3943": [
      5119,
      5136
    ],
    "0705.1930": [
      4110
    ],
    "0705.2595": [
      677
    ],
    "0706.1600": [
      1512,
      1527,
      1656
    ],
    "0706.2561": [
      969
    ],
    "0706.3150": [
      1157
    ],
    "0706.3955": [
      796
    ],
    "0707.0302": [
      421
    ],
    "0707.0373": [
      869
    ],
    "0707.0374": [
      1168,
      1715
    ],
    "0707.0404": [
      1074
    ],
    "0707.0905": [
      42,
      46,
      513,
      522,
      528,
      544,
      888
    ],
    "0707.1026": [
      312,
      315,
      728,
      733,
      741,
      795,
      804,
      828,
      884,
      893,
      953
    ],
    "0707.2413": [
      348
    ],
    "0812.4469": [
      2395
    ],
    "0901.0488": [
      952
    ],
    "0901.0507": [
      834
    ],
    "0901.2055": [
      1936
    ],
    "0901.2226": [
      1576,
      1592
    ],
    "0901.4532": [
      725
    ],
    "0902.0293": [
      5834,
      36758
    ],
    "0902.2176": [
      1701
    ],
    "0902.2292": [
      2610
    ],
    "0902.3205": [
      152
    ],
    "1007.1988": [
      6250
    ],
    "1007.4241": [
      11821,
      11831,
      12021,
      18415
    ],
    "1008.0344": [
      745
    ],
    "1008.1869": [
      1133
    ],
    "1008.3342": [
      1081
    ],
    "1008.5068": [
      982
    ],
    "1009.1036": [
      319
    ],
    "1708.02474v1": [
      659
    ],
    "2502.18025v2": [
      7973
    ],
    "2508.10169v1": [
      4011
    ],
    "2508.13467v2": [
      1892
    ],
    "2511.14809v1": [
      1782
    ]
  }
}