{
  "23912": {
    "0705.1698": [
      557
    ],
    "0705.2377": [
      4566
    ],
    "0705.2625": [
      10
    ],
    "0705.3015": [
      8
    ],
    "0705.3257": [
      2381
    ],
    "0705.3712": [
      3918
    ],
    "0706.0957": [
      7
    ],
    "0706.2439": [
      6599,
      6643,
      6670
    ],
    "0706.3188": [
      7772
    ],
    "0706.4368": [
      246
    ],
    "0707.1165": [
      472
    ],
    "0707.2106": [
      1632
    ],
    "0707.2984": [
      159
    ],
    "0901.0119": [
      3742
    ],
    "0901.1612": [
      3253
    ],
    "0901.2156": [
      385,
      2657
    ],
    "0901.3768": [
      9
    ],
    "1007.2932": [
      4192
    ],
    "1007.3431": [
      6
    ],
    "1008.3349": [
      1017,
      8634
    ],
    "1009.0802": [
      2359
    ],
    "1901.08308v2": [
      24
    ],
    "1908.06761v2": [
      17
    ],
    "2207.04728v2": [
      5918
    ],
    "2211.15412v4": [
      22824
    ],
    "2508.07859v1": [
      2413
    ],
    "2508.12952v2": [
      5162
    ],
    "2509.20535v1": [
      6147
    ],
    "2511.10927v1": [
      68607,
      69750,
      72822,
      78693,
      94339,
      94588,
      94893,
      95049,
      95320,
      95617,
      113876
    ]
  }
}