{
  "29016": {
    "0704.0721": [
      340
    ],
    "0705.3507": [
      1730
    ],
    "0706.0623": [
      853
    ],
    "0706.3922": [
      4407
    ],
    "0707.0085": [
      2363
    ],
    "0707.4229": [
      1214
    ],
    "0707.4232": [
      759
    ],
    "0901.3758": [
      8485
    ],
    "1808.01839v1": [
      184,
      902,
      1495
    ],
    "2203.03976v1": [
      3007
    ],
    "2207.05977v3": [
      1936
    ],
    "2307.07109v1": [
      1566
    ]
  }
}