{
  "52639": {
    "0704.2695": [
      42
    ],
    "0704.3957": [
      2706
    ],
    "0706.0915": [
      2112
    ],
    "0706.4072": [
      373
    ],
    "0706.4203": [
      3414
    ],
    "0707.3888": [
      360
    ],
    "0901.2099": [
      1130,
      1585
    ],
    "1007.0787": [
      1118
    ],
    "1008.0509": [
      1727
    ],
    "1008.3364": [
      87
    ],
    "1008.3577": [
      4042,
      4067,
      4086
    ],
    "1008.4000": [
      3138
    ],
    "1009.0493": [
      425
    ],
    "1009.0810": [
      1487
    ],
    "1711.05385v1": [
      3239
    ],
    "2310.09050v1": [
      5833
    ]
  }
}