{
  "33127": {
    "0704.1696": [
      3510,
      3520
    ],
    "0707.0069": [
      44,
      80
    ],
    "0901.3448": [
      29
    ],
    "0902.2147": [
      1554
    ],
    "1007.1884": [
      1493
    ],
    "1007.5431": [
      4153
    ],
    "1008.4230": [
      2039
    ],
    "1008.4239": [
      1066,
      2496
    ],
    "1008.5316": [
      3851
    ],
    "1009.0213": [
      2021
    ],
    "1009.1077": [
      1618
    ],
    "2105.05405v1": [
      750
    ],
    "2509.15384v1": [
      4461
    ],
    "2510.14875v1": [
      3002
    ]
  }
}