{
  "52103": {
    "0704.1700": [
      1406
    ],
    "0704.3958": [
      2926
    ],
    "0705.2272": [
      1384,
      1420
    ],
    "0705.2273": [
      1384,
      1420
    ],
    "0705.2278": [
      1546,
      1548
    ],
    "0707.0136": [
      352,
      387
    ],
    "0707.2603": [
      2789,
      3203
    ],
    "0707.2910": [
      1123
    ],
    "0707.2929": [
      6133
    ],
    "0708.0187": [
      4296
    ],
    "1007.4084": [
      5716
    ],
    "1007.4241": [
      13693,
      15555,
      15807,
      15808
    ],
    "1009.0678": [
      115,
      592,
      613
    ],
    "2408.16041v2": [
      5618,
      5620,
      5660,
      5663,
      5696
    ],
    "2508.14208v1": [
      1602,
      1808,
      1913
    ],
    "2510.12410v1": [
      1429
    ]
  }
}