{
  "52563": {
    "0704.0392": [
      2877
    ],
    "0704.2209": [
      3458
    ],
    "0705.0389": [
      305
    ],
    "0705.1101": [
      44,
      174,
      940,
      1160,
      1192,
      1197
    ],
    "0705.1545": [
      722
    ],
    "0705.3811": [
      2305
    ],
    "0706.0366": [
      613,
      619,
      663,
      668,
      759,
      1426
    ],
    "0706.1486": [
      2152,
      2169,
      2170,
      2315,
      2511
    ],
    "0706.1988": [
      25754
    ],
    "0706.3505": [
      286,
      302,
      308,
      321
    ],
    "0706.3789": [
      151,
      153
    ],
    "0706.4204": [
      2749
    ],
    "0707.0113": [
      1517
    ],
    "0707.1167": [
      209,
      241
    ],
    "0707.1215": [
      1352,
      1371
    ],
    "0707.1648": [
      1945,
      1997,
      2138,
      2334,
      3946,
      4032,
      4211,
      4215
    ],
    "0707.2568": [
      2943
    ],
    "0707.3899": [
      7335
    ],
    "0812.4500": [
      2181,
      2198,
      2201
    ],
    "0812.4655": [
      2062,
      2063
    ],
    "0812.4946": [
      2510
    ],
    "0901.0302": [
      2304
    ],
    "0901.1240": [
      1561
    ],
    "0901.2208": [
      9256,
      9320,
      9342,
      9960
    ],
    "0901.2507": [
      8026,
      8151,
      8816
    ],
    "0901.3700": [
      1436,
      1500,
      1540
    ],
    "0901.4330": [
      1708,
      1718
    ],
    "0902.2912": [
      765,
      850,
      1853,
      2790,
      2803,
      3596
    ],
    "0902.2933": [
      741,
      1110
    ],
    "1007.2560": [
      5305,
      5306,
      5462
    ],
    "1007.3190": [
      2064,
      2603
    ],
    "1008.0847": [
      1524
    ],
    "1008.2472": [
      1373
    ],
    "1008.2570": [
      3020
    ],
    "1009.0157": [
      1465
    ],
    "1009.0570": [
      1799
    ],
    "1711.08236v1": [
      6854
    ],
    "1804.03463v1": [
      325,
      713
    ],
    "2107.11657v1": [
      1479
    ],
    "2110.07559v16": [
      6306,
      6353,
      6396
    ],
    "2204.00674v1": [
      365
    ],
    "2205.13747v3": [
      436,
      566,
      568
    ],
    "2211.14643v2": [
      4159
    ],
    "2403.10788v1": [
      2080,
      2141
    ],
    "2407.18344v1": [
      2848
    ],
    "2502.03483v2": [
      6627
    ],
    "2502.09450v1": [
      300,
      348
    ],
    "2508.19046v1": [
      4506
    ]
  }
}