{
  "15719": {
    "0705.1865": [
      1487
    ],
    "0705.3544": [
      3048
    ],
    "0705.4416": [
      1933
    ],
    "0707.0050": [
      14
    ],
    "0707.2072": [
      20,
      1426,
      1447
    ],
    "0707.2961": [
      1242
    ],
    "0707.3385": [
      9424
    ],
    "0707.3811": [
      5394
    ],
    "0812.4238": [
      4824
    ],
    "0812.4296": [
      2332
    ],
    "0901.0894": [
      1184
    ],
    "0901.1995": [
      3795
    ],
    "0901.3145": [
      22821
    ],
    "0901.4826": [
      9274
    ],
    "0902.0541": [
      1404
    ],
    "1007.0947": [
      1898,
      4331
    ],
    "1007.1548": [
      33
    ],
    "1007.1583": [
      264
    ],
    "1007.1925": [
      4395
    ],
    "1007.3216": [
      2090
    ],
    "1008.2392": [
      1569
    ],
    "1008.2801": [
      101,
      118,
      199,
      229,
      268,
      346,
      615,
      627,
      682,
      803,
      813,
      846,
      908,
      958,
      972,
      986,
      1024,
      1048,
      1086,
      1092,
      1132
    ],
    "1008.3775": [
      47
    ],
    "1008.4463": [
      194
    ],
    "1906.07790v3": [
      1287
    ],
    "2112.04543v1": [
      7179
    ],
    "2301.00494v2": [
      10,
      1872,
      1883,
      2441
    ],
    "2508.08699v1": [
      7496,
      8174,
      9766
    ],
    "2508.18016v2": [
      3578
    ],
    "2509.13158v1": [
      827
    ],
    "2509.13412v1": [
      5686
    ]
  },
  "46761": {
    "2511.13471v1": [
      1110
    ]
  }
}