{
  "27921": {
    "0705.1110": [
      40
    ],
    "0706.2717": [
      254,
      272,
      351,
      578
    ],
    "0706.4035": [
      3699
    ],
    "0707.1719": [
      2141,
      2151
    ],
    "0707.1917": [
      2007
    ],
    "0901.3183": [
      755
    ],
    "0901.3812": [
      268,
      379,
      529
    ],
    "1007.0951": [
      1055
    ],
    "1008.1357": [
      693
    ],
    "1008.2748": [
      6648,
      6698
    ],
    "1008.2836": [
      289,
      720,
      1189,
      1435
    ],
    "1008.3438": [
      7541
    ],
    "1008.3544": [
      199
    ],
    "1008.3551": [
      1857
    ],
    "1008.3561": [
      4487
    ],
    "1008.4772": [
      707
    ],
    "2509.25099v1": [
      5395
    ],
    "2511.06047v1": [
      13
    ]
  }
}