{
  "17059": {
    "0704.0255": [
      288,
      2390,
      2796,
      2860,
      2929,
      4389,
      4677,
      4745,
      4767
    ],
    "0704.2573": [
      4413
    ],
    "0705.0343": [
      4328
    ],
    "0705.1311": [
      2440
    ],
    "0706.0893": [
      2747
    ],
    "0706.1596": [
      1645
    ],
    "0707.1482": [
      2168
    ],
    "0707.2153": [
      10945
    ],
    "0707.3445": [
      6597,
      6874
    ],
    "0812.3950": [
      4445
    ],
    "0901.0605": [
      3796
    ],
    "0901.0708": [
      1747
    ],
    "0901.2570": [
      8356
    ],
    "0902.0371": [
      1210,
      3752,
      4031,
      4444
    ],
    "0902.0991": [
      5738
    ],
    "0902.1748": [
      3369
    ],
    "1007.1665": [
      6849
    ],
    "1007.2414": [
      2736,
      5265,
      5304,
      5332,
      7749,
      7828,
      7844,
      7953
    ],
    "1007.2961": [
      9875
    ],
    "1008.0349": [
      1385
    ],
    "1008.0406": [
      4324
    ],
    "1008.0516": [
      3599
    ],
    "1008.4822": [
      2920
    ],
    "1009.0754": [
      2454
    ],
    "1009.0963": [
      1783
    ],
    "2307.12411v2": [
      7161
    ],
    "2511.08766v1": [
      7000
    ]
  }
}