{
  "19453": {
    "0705.3895": [
      1045
    ],
    "0812.4446": [
      520
    ],
    "2002.06211v2": [
      1519,
      1525,
      10399,
      10405
    ],
    "2109.09762v2": [
      11733,
      11739,
      15218,
      15300,
      17285
    ],
    "2112.02153v2": [
      6681,
      6687
    ],
    "2202.05283v2": [
      2950
    ],
    "2310.04506v2": [
      1001,
      9626
    ],
    "2508.05296v1": [
      7951
    ],
    "2509.07104v1": [
      3071,
      3260,
      3329
    ],
    "2510.09756v1": [
      2718,
      2885,
      3022,
      3209
    ],
    "2510.12203v1": [
      8274,
      12670,
      14523
    ],
    "2511.08668v1": [
      921,
      923,
      985,
      989
    ]
  },
  "39260": {
    "0707.2551": [
      4139,
      4366
    ]
  }
}