{
  "6356": {
    "0704.2750": [
      1751
    ],
    "0704.3886": [
      3055
    ],
    "0705.1740": [
      5893
    ],
    "0706.0427": [
      819
    ],
    "1008.2437": [
      530
    ],
    "1704.00912v1": [
      72,
      151,
      491,
      532,
      553,
      554,
      562,
      1006,
      1069,
      1412,
      1499,
      1948,
      2139,
      2163,
      2182,
      2210,
      2218,
      2340,
      2367,
      2530,
      2633,
      2765,
      2782,
      2931,
      2984,
      3083,
      3106,
      3162,
      3405,
      3459,
      3841,
      3930
    ],
    "1711.10988v1": [
      1569
    ],
    "1808.05885v1": [
      10211
    ],
    "1811.12680v2": [
      609
    ],
    "1812.11215v1": [
      293,
      480,
      825,
      1317,
      1813,
      1823,
      6077,
      6085,
      16770,
      16790,
      16850,
      16882,
      16889,
      16894,
      16951,
      16974,
      17087,
      17202,
      17218,
      17219,
      17697,
      17736,
      17844,
      17858,
      17869,
      17906,
      17936,
      17960,
      17976,
      17981,
      18228,
      18255,
      18647,
      18662,
      18733,
      19163,
      19176,
      19546,
      19611,
      19624,
      19734,
      19752,
      19797,
      21686,
      23049
    ],
    "1901.00205v1": [
      9,
      16,
      108,
      115,
      324,
      329,
      389,
      412,
      422,
      445,
      520,
      699,
      711,
      718,
      938,
      977
    ],
    "1902.04935v2": [
      1523
    ],
    "1908.01932v2": [
      3972,
      4023,
      4369
    ],
    "1908.02339v1": [
      1169,
      1305,
      1999,
      2266,
      2280,
      3315,
      3317,
      4002,
      4255,
      4471,
      4627,
      5074,
      5596,
      5715,
      5732,
      5806,
      5872,
      6167,
      6239,
      6632,
      7195,
      7203,
      7355,
      8124
    ],
    "1908.06446v1": [
      2544
    ],
    "1909.01014v1": [
      212,
      359,
      728,
      3282,
      3306,
      4076
    ],
    "1909.02783v1": [
      1329
    ],
    "1909.06786v1": [
      5192
    ],
    "2006.14682v1": [
      3314,
      4271
    ],
    "2101.03401v1": [
      4,
      17,
      73,
      116,
      142,
      161,
      177,
      361,
      608,
      811,
      827,
      907,
      1061,
      1079,
      1096,
      1172,
      1202,
      1370,
      1462,
      1490,
      1542,
      1727,
      1896,
      2015,
      2298,
      2504,
      2589,
      2647,
      2707,
      2727,
      2744
    ],
    "2104.11961v1": [
      1947
    ],
    "2105.06087v1": [
      5055
    ],
    "2106.03570v2": [
      2228,
      2272,
      2287,
      2340,
      2357
    ],
    "2106.08764v1": [
      1626,
      4492
    ],
    "2106.15843v1": [
      1227,
      1338,
      1359,
      5700
    ],
    "2107.12341v1": [
      269,
      580,
      3357,
      3750,
      3758,
      3763,
      3780,
      3893,
      5512
    ],
    "2109.00800v1": [
      191
    ],
    "2109.02694v1": [
      4050,
      4059
    ],
    "2111.05622v1": [
      629,
      5739,
      6035,
      6070,
      6229,
      6232,
      6247,
      6258
    ],
    "2111.11336v1": [
      4006
    ],
    "2203.02847v1": [
      3566,
      4295
    ],
    "2203.03171v2": [
      5448
    ],
    "2204.01377v1": [
      3578
    ],
    "2205.00246v2": [
      791
    ],
    "2208.09057v1": [
      620,
      2104,
      2429
    ],
    "2208.13455v1": [
      168,
      6004,
      6839,
      7718
    ],
    "2208.13650v1": [
      228,
      5861,
      6147
    ],
    "2209.14545v1": [
      33382
    ],
    "2211.14092v1": [
      2174
    ],
    "2301.05583v1": [
      2534
    ],
    "2302.10946v1": [
      3381,
      3806
    ],
    "2302.13898v1": [
      426,
      3314,
      3430
    ],
    "2303.04043v1": [
      96,
      301,
      309,
      314,
      443,
      636,
      1096,
      1285,
      1743,
      1747,
      1763,
      1999,
      2247
    ],
    "2303.07579v1": [
      3565,
      3755,
      5785,
      5813,
      5966,
      6324,
      6591
    ],
    "2304.02289v2": [
      104,
      433,
      519,
      577,
      1613,
      1627,
      1817
    ],
    "2306.06537v1": [
      5062,
      5220,
      5331,
      10708,
      10721,
      10737
    ],
    "2306.09645v1": [
      2537,
      2558,
      2639,
      2846,
      4838,
      7304
    ],
    "2307.01747v2": [
      4201
    ],
    "2310.02834v5": [
      1849,
      3993
    ],
    "2311.04376v2": [
      6,
      128,
      246,
      321,
      430,
      500,
      777,
      1060,
      1121,
      1160,
      1181,
      1217,
      1258,
      1263,
      1267,
      1278,
      1331,
      1337,
      1360,
      1452,
      1459,
      1470,
      1515,
      1550,
      1559,
      1570,
      1607,
      1643,
      1710,
      1712,
      1734,
      1830,
      1943,
      1957,
      1964,
      1988,
      2024,
      2036,
      2055,
      2083,
      2250,
      2305,
      2312,
      2407,
      2477,
      2591,
      2596,
      2615,
      2680,
      2722,
      2740,
      2890,
      3008,
      3118,
      3144,
      3247,
      3250,
      3286,
      3426,
      3524,
      3816,
      3946,
      3962,
      4131,
      4135,
      4194,
      4209,
      4264,
      4335,
      4406,
      4425,
      4492,
      4553,
      4582,
      4706,
      4763,
      4784,
      4973,
      5058,
      5069,
      5072,
      5316,
      5323,
      5361,
      5367,
      5379,
      5387,
      5426,
      5517,
      5579,
      5625,
      5648,
      5676,
      5726,
      5732,
      5773,
      5825,
      5885,
      5933,
      5953,
      5970,
      6021,
      6038,
      6051,
      6074,
      6177,
      6235,
      6313,
      6451,
      6462,
      6477,
      6516,
      6629,
      6660,
      6775,
      6815,
      6961,
      7003,
      7028,
      7038,
      7084,
      7087,
      7098,
      7222,
      7294,
      7308,
      7339,
      7361,
      7364,
      7373,
      7387,
      7403,
      7434,
      7485,
      7526,
      7598,
      7641,
      7717,
      7976,
      8026,
      8055,
      8127,
      8238,
      8256,
      8529,
      8587,
      8594,
      8622,
      8635,
      8654,
      8702,
      8758,
      8958,
      9122,
      9319,
      9490,
      9689,
      9735,
      9751,
      9775,
      9808,
      9829,
      9846,
      9867,
      9876,
      9892,
      9901,
      9918,
      9936,
      10079,
      10279,
      10454,
      10624,
      10720,
      10757,
      10816,
      10898,
      10914,
      10929,
      10986,
      11006,
      11047,
      11201,
      11388,
      11544
    ],
    "2312.06746v2": [
      4578
    ],
    "2401.02969v1": [
      2750
    ],
    "2402.18691v1": [
      5145,
      5159,
      5426
    ],
    "2402.19069v1": [
      5826
    ],
    "2403.03131v1": [
      5234,
      5940
    ],
    "2403.13970v2": [
      13702,
      13705,
      13808,
      13824,
      13895,
      13945,
      13963,
      14012,
      14014,
      14026,
      14064,
      14191
    ],
    "2404.12348v2": [
      5236,
      6346
    ],
    "2407.02166v1": [
      7554,
      7906,
      8025,
      8042,
      8047,
      9025
    ],
    "2408.08334v1": [
      490,
      704,
      1190,
      1775
    ],
    "2409.10616v1": [
      1920,
      2464,
      2501
    ],
    "2411.15938v1": [
      328,
      6021
    ],
    "2412.04219v1": [
      4519
    ],
    "2502.09186v2": [
      3518
    ],
    "2502.13052v1": [
      6754,
      6875
    ],
    "2502.16309v4": [
      2463,
      2504
    ],
    "2504.04177v1": [
      3049
    ],