{
  "18229": {
    "0704.1452": [
      5629
    ],
    "0704.2239": [
      1560,
      6078
    ],
    "0704.2777": [
      1963
    ],
    "0704.2839": [
      2665
    ],
    "0704.3443": [
      18,
      208,
      321,
      360,
      460,
      541,
      560,
      1153,
      1689,
      1712,
      1745,
      1829
    ],
    "0705.3042": [
      1076
    ],
    "0705.3226": [
      1065
    ],
    "0705.3448": [
      1862
    ],
    "0705.4040": [
      2001
    ],
    "0705.4056": [
      3742
    ],
    "0706.0189": [
      1594
    ],
    "0706.0502": [
      3613
    ],
    "0706.1486": [
      625
    ],
    "0706.2360": [
      1872
    ],
    "0706.2850": [
      885
    ],
    "0706.2932": [
      3795,
      3882
    ],
    "0706.3233": [
      1491
    ],
    "0706.3637": [
      1006
    ],
    "0706.3937": [
      1024
    ],
    "0707.1710": [
      629
    ],
    "0707.1725": [
      621
    ],
    "0707.2028": [
      2443
    ],
    "0707.3227": [
      3457
    ],
    "0707.3903": [
      457
    ],
    "0812.3955": [
      20146
    ],
    "0812.5020": [
      479,
      885
    ],
    "0812.5025": [
      736
    ],
    "0901.0196": [
      473
    ],
    "0901.0346": [
      687
    ],
    "0901.0733": [
      7301
    ],
    "0901.1162": [
      2830
    ],
    "0901.2122": [
      1562
    ],
    "0901.3234": [
      707
    ],
    "0901.3283": [
      6056
    ],
    "0902.0399": [
      14550
    ],
    "0902.0514": [
      1309
    ],
    "0902.0782": [
      1699
    ],
    "0902.1011": [
      4899
    ],
    "0902.1174": [
      458,
      523
    ],
    "0902.2137": [
      2251
    ],
    "0902.2231": [
      1207
    ],
    "0902.3115": [
      2632
    ],
    "0902.3251": [
      6017
    ],
    "1007.1673": [
      827
    ],
    "1007.2144": [
      1715
    ],
    "1007.2928": [
      1205
    ],
    "1007.4084": [
      3582
    ],
    "1007.4355": [
      5173,
      6830
    ],
    "1007.4700": [
      1785
    ],
    "1008.1138": [
      778
    ],
    "1008.1237": [
      3676
    ],
    "1008.1755": [
      735
    ],
    "1008.1780": [
      723,
      767,
      783
    ],
    "1008.3784": [
      1164
    ],
    "1008.4540": [
      408
    ],
    "1008.5327": [
      802
    ],
    "1009.0189": [
      163
    ],
    "1009.1018": [
      705
    ],
    "1802.05360v1": [
      600
    ],
    "1901.06717v1": [
      1132
    ],
    "1906.04065v2": [
      1335
    ],
    "1908.09155v1": [
      1309
    ],
    "1909.02149v1": [
      1818
    ],
    "2008.06603v1": [
      2929
    ],
    "2102.06300v1": [
      1595
    ],
    "2107.09719v1": [
      742
    ],
    "2108.08528v1": [
      3136
    ],
    "2204.08928v1": [
      961
    ],
    "2208.02441v1": [
      809
    ],
    "2211.02186v2": [
      825
    ],
    "2212.09407v1": [
      898
    ],
    "2306.04773v2": [
      2225
    ],
    "2309.11577v1": [
      4647
    ],
    "2311.17309v1": [
      487
    ],
    "2407.08539v1": [
      15410
    ],
    "2410.14139v1": [
      1183
    ],
    "2509.26540v1": [
      2226
    ],
    "2510.03026v2": [
      869,
      5692
    ],
    "2510.13339v1": [
      1936
    ],
    "2510.20791v1": [
      1570
    ],
    "2511.06085v1": [
      2249
    ],
    "2511.10275v1": [
      564
    ]
  },
  "39083": {
    "0704.3239": [
      18
    ],
    "0707.0217": [
      1484
    ],
    "0901.2373": [
      1504,
      1930,
      1952,
      2056
    ],
    "0901.2581": [
      2688
    ],
    "0901.4072": [
      2593,
      2663
    ],
    "1007.3381": [
      1591
    ],
    "1007.3710": [
      955
    ],
    "1008.3166": [
      2650
    ],
    "1009.0418": [
      8092,
      8729,
      8740
    ],
    "1009.0439": [
      2966
    ]
  },
  "45046": {
    "0704.3443": [
      1692
    ]
  },
  "35813": {
    "0705.4382": [
      3973
    ],
    "0707.0754": [
      1587
    ],
    "0707.3896": [
      3186
    ],
    "0812.4046": [
      1517
    ],
    "0901.1672": [
      556,
      3897
    ],
    "0901.2011": [
      2779
    ],
    "0902.2695": [
      2167,
      6624
    ],
    "1007.2115": [
      5022
    ],
    "1007.2513": [
      3802
    ],
    "1007.2796": [
      1565
    ],
    "1007.3424": [
      4896
    ],
    "1008.3033": [
      1355
    ]
  },
  "29261": {
    "0706.3324": [
      964,
      1617
    ],
    "0707.1697": [
      1279
    ],
    "0902.0160": [
      3676
    ],
    "1007.1998": [
      852
    ],
    "1008.4271": [
      997
    ],
    "2108.09066v1": [
      937
    ]
  },
  "39082": {
    "2201.07485v1": [
      584,
      1098
    ]
  }
}