{
  "52306": {
    "0704.0675": [
      43
    ],
    "0704.3754": [
      96
    ],
    "0705.1114": [
      2449,
      2459,
      2464,
      2480
    ],
    "0705.1632": [
      33
    ],
    "0705.1742": [
      46
    ],
    "0706.1214": [
      294
    ],
    "0706.2656": [
      110
    ],
    "0706.2865": [
      33
    ],
    "0706.4091": [
      308
    ],
    "0707.0301": [
      4679
    ],
    "0707.1662": [
      69
    ],
    "0707.2096": [
      693,
      694
    ],
    "0707.2100": [
      49
    ],
    "0707.3634": [
      292
    ],
    "0707.4315": [
      1170,
      1175
    ],
    "0708.0007": [
      276
    ],
    "0812.3913": [
      251
    ],
    "0812.3915": [
      277
    ],
    "0812.4682": [
      8201,
      8202
    ],
    "0901.1979": [
      1184
    ],
    "0901.2223": [
      967
    ],
    "0901.4739": [
      245
    ],
    "0901.4774": [
      34
    ],
    "0901.4775": [
      203
    ],
    "0902.0609": [
      240
    ],
    "0902.2787": [
      287
    ],
    "1007.1980": [
      15
    ],
    "1007.3936": [
      38
    ],
    "1007.5162": [
      2776
    ],
    "1008.2239": [
      2475
    ],
    "1008.3874": [
      18
    ],
    "1008.3946": [
      1667
    ],
    "1008.5021": [
      221
    ],
    "1009.0773": [
      173
    ],
    "1704.03803v1": [
      30
    ],
    "1705.01956v3": [
      31
    ],
    "1705.07650v1": [
      4706
    ],
    "1801.01510v2": [
      23
    ],
    "1801.08412v1": [
      860
    ],
    "1805.01466v1": [
      45
    ],
    "1901.11028v2": [
      255
    ],
    "1902.02810v2": [
      33
    ],
    "1909.11525v2": [
      35
    ],
    "2007.00660v1": [
      1482
    ],
    "2012.06669v1": [
      26,
      2494,
      2768,
      2795,
      2818,
      2865,
      2885,
      2909
    ],
    "2101.00040v2": [
      28
    ],
    "2102.09654v2": [
      21
    ],
    "2104.08217v1": [
      28
    ],
    "2107.14130v2": [
      28
    ],
    "2108.01491v2": [
      22
    ],
    "2108.13940v2": [
      43
    ],
    "2110.07025v2": [
      12
    ],
    "2111.06887v1": [
      16
    ],
    "2111.12196v2": [
      23
    ],
    "2204.10261v3": [
      7907
    ],
    "2207.04301v2": [
      33
    ],
    "2307.07109v1": [
      15
    ],
    "2403.12395v1": [
      1841
    ],
    "2408.11550v1": [
      988,
      1026,
      1032
    ],
    "2411.10874v1": [
      5245,
      5249,
      5263,
      5268,
      5272
    ],
    "2501.13663v2": [
      18
    ],
    "2504.18461v1": [
      35,
      388
    ],
    "2507.20719v1": [
      15
    ],
    "2508.06654v1": [
      119
    ],
    "2508.08699v1": [
      48
    ],
    "2509.08525v1": [
      5076
    ],
    "2509.12488v1": [
      423
    ],
    "2510.05017v1": [
      38
    ],
    "2510.09600v3": [
      119
    ],
    "2510.18820v1": [
      51
    ],
    "2510.19162v1": [
      149
    ],
    "2511.06481v1": [
      101
    ],
    "2511.07393v1": [
      53
    ]
  }
}