{
  "36905": {
    "0704.1898": [
      3632
    ],
    "0705.2853": [
      647
    ],
    "0706.1184": [
      3471
    ],
    "0812.5048": [
      4438
    ],
    "1008.3640": [
      5454
    ],
    "2305.05434v2": [
      3,
      133,
      178,
      465,
      473,
      495,
      668,
      692,
      829,
      898,
      979,
      1069,
      1171,
      1204,
      1241,
      1764,
      2031
    ],
    "2405.00887v2": [
      2893
    ]
  },
  "30916": {
    "0706.2517": [
      11,
      445,
      457
    ],
    "0706.2646": [
      1353
    ],
    "0707.1184": [
      1282
    ],
    "0707.3737": [
      7
    ],
    "0901.1039": [
      11
    ],
    "0902.2993": [
      3087
    ]
  }
}