{
  "17732": {
    "0704.2289": [
      14,
      24
    ],
    "0705.0506": [
      2421
    ],
    "0707.0989": [
      8,
      145,
      382,
      647,
      860,
      1042
    ],
    "0707.0991": [
      9,
      171,
      510,
      876,
      1064,
      1189,
      1400,
      1606,
      1714,
      1815,
      1972,
      2230,
      2429,
      2666,
      2914,
      3159,
      3422,
      3795,
      3830
    ],
    "0707.1161": [
      7254
    ],
    "0707.1786": [
      8,
      199,
      622,
      807,
      1213,
      1601,
      1859,
      2090,
      2333,
      2500,
      2819,
      3155
    ],
    "0812.4893": [
      2990
    ],
    "0901.2091": [
      11
    ],
    "0902.0216": [
      3607
    ],
    "0902.0306": [
      5609
    ],
    "0902.1156": [
      9,
      191,
      601,
      989,
      1248,
      1561,
      1720,
      1964,
      2188,
      2445,
      2679,
      3012,
      3283,
      3552,
      3915,
      3936,
      3951,
      3969,
      4180
    ],
    "0902.1736": [
      3563
    ],
    "1008.2375": [
      393,
      2114
    ],
    "1008.2447": [
      6501
    ],
    "1008.4441": [
      5179
    ],
    "1008.4814": [
      5226
    ],
    "1008.5287": [
      3066
    ],
    "2406.01318v1": [
      3672
    ]
  },
  "37281": {
    "0705.0745": [
      4552
    ],
    "0705.2346": [
      11947
    ],
    "0707.4265": [
      157
    ],
    "0901.1096": [
      3536
    ],
    "0901.2054": [
      4190
    ],
    "1007.5414": [
      7291
    ],
    "2511.14285v1": [
      1709
    ]
  }
}