{
  "25809": {
    "0704.1572": [
      3137,
      3144
    ],
    "0705.1568": [
      2170
    ],
    "0705.3272": [
      6065
    ],
    "0705.3409": [
      1593
    ],
    "0706.3210": [
      3533
    ],
    "0706.4253": [
      1510
    ],
    "0707.0126": [
      1468
    ],
    "0707.0652": [
      1299
    ],
    "0707.2091": [
      1506
    ],
    "0707.2367": [
      3980
    ],
    "0707.3969": [
      1448
    ],
    "0812.4205": [
      2829
    ],
    "0901.1139": [
      2394
    ],
    "0901.2637": [
      1367
    ],
    "0901.3204": [
      10,
      3001,
      3006
    ],
    "0901.3924": [
      4501
    ],
    "1008.0035": [
      2339
    ],
    "1008.1934": [
      4334
    ],
    "1008.4538": [
      4263
    ],
    "1008.5356": [
      3067
    ],
    "1910.13841v1": [
      2195
    ],
    "2511.14655v1": [
      5278
    ]
  },
  "26430": {
    "0704.2238": [
      274
    ],
    "0705.2087": [
      20
    ],
    "0705.3288": [
      132
    ],
    "0705.3530": [
      2433
    ],
    "0706.1879": [
      4216
    ],
    "0707.0326": [
      4,
      34
    ],
    "0707.0613": [
      41
    ],
    "0707.1366": [
      661
    ],
    "0707.3328": [
      150
    ],
    "0707.4103": [
      200
    ],
    "0901.0415": [
      215
    ],
    "0901.2417": [
      776
    ],
    "1007.3342": [
      27
    ],
    "1007.3775": [
      103
    ],
    "1008.2614": [
      21
    ]
  }
}