{
  "22330": {
    "0704.2354": [
      15
    ],
    "0706.1806": [
      4156
    ],
    "0706.1814": [
      223,
      1349
    ],
    "0706.1827": [
      1649
    ],
    "0706.1935": [
      603
    ],
    "0707.1902": [
      3677
    ],
    "0707.2507": [
      24,
      1956
    ],
    "0707.4380": [
      510,
      530
    ],
    "0901.2507": [
      3596
    ],
    "1007.3553": [
      4519
    ],
    "1008.1525": [
      2544
    ],
    "2010.14591v4": [
      4879
    ],
    "2206.15136v1": [
      3678
    ],
    "2402.18691v1": [
      2770,
      2891
    ],
    "2508.14464v1": [
      957
    ]
  }
}