{
  "18028": {
    "0704.0653": [
      1422
    ],
    "0704.0912": [
      3342
    ],
    "0705.0849": [
      1044,
      1058
    ],
    "0705.3155": [
      1354
    ],
    "0705.3263": [
      1559
    ],
    "0705.3704": [
      2347,
      2360
    ],
    "0705.4544": [
      2966
    ],
    "0706.2277": [
      1578
    ],
    "0706.4005": [
      1235,
      1266
    ],
    "0707.0661": [
      1961,
      2016,
      2034,
      2984,
      3432
    ],
    "0707.1596": [
      22787
    ],
    "0707.2218": [
      1719,
      1728,
      1741
    ],
    "0812.4212": [
      1196
    ],
    "0901.1240": [
      3758
    ],
    "0901.1526": [
      1457
    ],
    "0901.1707": [
      1021
    ],
    "0901.1870": [
      1405
    ],
    "0901.2403": [
      3354
    ],
    "0901.2582": [
      870
    ],
    "0901.3084": [
      3855
    ],
    "0901.3105": [
      1470
    ],
    "0901.3654": [
      25,
      928
    ],
    "0901.3846": [
      2977,
      3000
    ],
    "0901.4717": [
      17
    ],
    "0902.2143": [
      1164,
      1179,
      1236
    ],
    "0902.2905": [
      1404
    ],
    "0902.3066": [
      1159
    ],
    "1007.3352": [
      6611
    ],
    "1008.1505": [
      6132,
      6318,
      6589
    ],
    "1008.1967": [
      2992
    ],
    "1008.4769": [
      2463
    ],
    "1009.1396": [
      2823
    ],
    "1705.05833v2": [
      3342
    ],
    "1805.01265v1": [
      3916
    ],
    "1908.11785v3": [
      8445
    ],
    "1909.00834v2": [
      5608
    ],
    "1912.03030v1": [
      1883,
      1894
    ],
    "2006.08179v9": [
      2067
    ],
    "2108.01435v2": [
      24154,
      29784
    ],
    "2206.00634v1": [
      10673
    ],
    "2310.04212v1": [
      6851
    ],
    "2509.25305v1": [
      10822
    ]
  },
  "12341": {
    "0704.0929": [
      2860
    ],
    "0704.1132": [
      7909
    ],
    "0704.2887": [
      3942
    ],
    "0704.3708": [
      735,
      3044
    ],
    "0705.1248": [
      33860
    ],
    "0705.1520": [
      4745
    ],
    "0705.1996": [
      2072,
      2369
    ],
    "0705.2462": [
      2592
    ],
    "0705.3003": [
      121
    ],
    "0705.3054": [
      1672
    ],
    "0705.3850": [
      3967,
      4097,
      4101,
      4123
    ],
    "0705.3965": [
      7737
    ],
    "0705.4141": [
      3056
    ],
    "0705.4269": [
      1213
    ],
    "0705.4562": [
      2839
    ],
    "0706.0217": [
      2075
    ],
    "0706.1347": [
      427
    ],
    "0706.1380": [
      752
    ],
    "0706.1538": [
      968
    ],
    "0706.1571": [
      3310
    ],
    "0706.1706": [
      1145
    ],
    "0706.1988": [
      10808
    ],
    "0706.2185": [
      313
    ],
    "0706.2677": [
      169
    ],
    "0706.2848": [
      60
    ],
    "0706.3025": [
      1265,
      1600
    ],
    "0706.3138": [
      484
    ],
    "0706.3161": [
      3035
    ],
    "0706.3751": [
      8960
    ],
    "0707.0942": [
      3992
    ],
    "0707.3279": [
      1235
    ],
    "0707.3793": [
      837
    ],
    "0707.4592": [
      83
    ],
    "0707.4657": [
      2842,
      7509
    ],
    "0708.0060": [
      1458
    ],
    "0812.4647": [
      364
    ],
    "0812.5012": [
      130
    ],
    "0901.0079": [
      1053
    ],
    "0901.0408": [
      351
    ],
    "0901.0844": [
      1002
    ],
    "0901.0942": [
      1084
    ],
    "0901.0971": [
      4999
    ],
    "0901.1278": [
      605
    ],
    "0901.1863": [
      2103
    ],
    "0901.2074": [
      765
    ],
    "0901.2525": [
      879
    ],
    "0901.3391": [
      553
    ],
    "0901.3578": [
      2605
    ],
    "0901.3731": [
      505
    ],
    "0901.4311": [
      3499
    ],
    "0901.4790": [
      5406
    ],
    "0902.1189": [
      1067
    ],
    "0902.1972": [
      7148
    ],
    "0902.2034": [
      1135,
      1623
    ],
    "1007.1864": [
      300
    ],
    "1007.2493": [
      1692
    ],
    "1007.3051": [
      1438
    ],
    "1007.3175": [
      4781
    ],
    "1007.4001": [
      2185,
      7320,
      8577,
      16746,
      21893,
      23150
    ],
    "1007.4003": [
      2697
    ],
    "1007.4601": [
      14676,
      17619,
      17913
    ],
    "1008.0433": [
      177,
      1269,
      2139
    ],
    "1008.1203": [
      204
    ],
    "1008.1524": [
      963
    ],
    "1008.2017": [
      10684
    ],
    "1008.2524": [
      15554
    ],
    "1008.2667": [
      528
    ],
    "1008.3555": [
      1435
    ],
    "1008.4716": [
      968
    ],
    "1008.4909": [
      4386
    ],
    "1009.0175": [
      1710
    ],
    "1009.1125": [
      902,
      923,
      4229,
      4239,
      5225,
      5244,
      5437,
      5459,
      6171,
      6174,
      6180,
      6454,
      6719,
      6781,
      6934
    ],
    "1009.1211": [
      411
    ],
    "1801.01509v3": [
      7477
    ],
    "2105.10088v1": [
      1533
    ],
    "2307.11226v1": [
      650
    ],
    "2308.11035v1": [
      4037
    ],
    "2311.14360v1": [
      496,
      711,
      2400,
      4072
    ],
    "2506.10162v1": [
      533
    ],
    "2509.04558v1": [
      461
    ],
    "2509.07104v1": [
      9379
    ],
    "2511.08270v1": [
      1115,
      6436
    ],
    "2511.13471v1": [
      934
    ]
  },
  "51489": {
    "0704.1888": [
      5295
    ],
    "0705.1091": [
      3141
    ],
    "0705.1958": [
      593
    ],
    "0706.0266": [
      667,
      668
    ],
    "0706.0656": [
      4714
    ],
    "0706.0662": [
      4791,
      5201,
      5245
    ],
    "0706.2038": [
      202,
      499,
      756
    ],
    "0707.4487": [
      220,
      232,
      1962
    ],
    "0707.4552": [
      57
    ],
    "0901.0323": [
      1885
    ],
    "0901.3364": [
      3832
    ],
    "1007.3335": [
      717,
      865
    ],
    "1007.3730": [
      3820,
      3826
    ],
    "1007.5007": [
      989
    ],
    "1008.0062": [
      2618
    ],
    "1009.1444": [
      1228,
      4602,
      4630,
      4661
    ]
  },
  "35208": {
    "0902.1906": [
      401
    ],
    "1007.3523": [
      7629
    ],
    "1008.4213": [
      700
    ]
  }
}