{
  "51617": {
    "0704.1738": [
      1246,
      1660
    ],
    "0706.1706": [
      1214
    ],
    "0706.2271": [
      1489
    ],
    "0707.0755": [
      377,
      444,
      472,
      718,
      732,
      766,
      808,
      815,
      863,
      1570
    ],
    "0707.0799": [
      2355,
      2376,
      2730,
      2734,
      2739,
      4899,
      4923,
      4932,
      4967,
      4981,
      4983,
      4985,
      4986,
      5037,
      5049,
      5118,
      5120,
      5122,
      5124,
      5180,
      5187,
      5193,
      5209
    ],
    "0707.4051": [
      415,
      492,
      493,
      644,
      667,
      671,
      676,
      686,
      695,
      702,
      725,
      736,
      762,
      766,
      816,
      847,
      864,
      883,
      931,
      1139,
      1146,
      1201,
      1212,
      1343,
      1422,
      1532,
      1572,
      1620,
      1622,
      1665,
      1764,
      1812,
      1824,
      1851,
      1858,
      1972,
      1974,
      2097,
      2104,
      2107,
      2120,
      2121,
      2129
    ],
    "0812.4777": [
      4514
    ],
    "0901.0764": [
      2027
    ],
    "0901.1840": [
      521
    ],
    "0901.3202": [
      6080
    ],
    "0901.4082": [
      4128
    ],
    "0901.4537": [
      1820,
      2627
    ],
    "0901.4944": [
      4185
    ],
    "0902.0075": [
      1276,
      1377
    ],
    "0902.0850": [
      2835
    ],
    "0902.0915": [
      803
    ],
    "0902.2545": [
      3362
    ],
    "1007.3226": [
      1513
    ],
    "1008.5186": [
      1076,
      1334
    ],
    "1009.1276": [
      628
    ],
    "2002.01150v1": [
      472
    ],
    "2004.10140v1": [
      1419,
      1448
    ],
    "2103.12208v1": [
      568,
      1294,
      4116,
      4206
    ],
    "2106.03570v2": [
      533,
      574,
      988,
      1038,
      1128
    ],
    "2107.14712v1": [
      1015
    ],
    "2201.03148v1": [
      399,
      496,
      1112,
      1123,
      1135,
      1145,
      1171,
      1180,
      1201,
      1939,
      2269,
      3142,
      3176
    ],
    "2203.10797v1": [
      1869,
      2483,
      2540,
      3804,
      3816,
      4224,
      4228
    ],
    "2208.13455v1": [
      4322
    ],
    "2211.13283v1": [
      6284,
      6289,
      6293,
      6303
    ],
    "2306.05496v1": [
      510
    ],
    "2307.03287v3": [
      9448,
      9513,
      19348
    ],
    "2507.12495v1": [
      2656,
      2769
    ],
    "2510.19477v1": [
      1297,
      1306,
      1392
    ],
    "2510.25475v1": [
      1046,
      1053
    ]
  }
}