{
  "25147": {
    "0704.2324": [
      127
    ],
    "0704.2333": [
      318,
      523,
      2027
    ],
    "0704.2712": [
      5467
    ],
    "0706.1127": [
      732,
      773
    ],
    "0707.2894": [
      3568
    ],
    "0707.3378": [
      5081
    ],
    "0902.0056": [
      507
    ],
    "1007.1908": [
      557
    ],
    "1008.1546": [
      2591
    ],
    "2307.12411v2": [
      7024
    ]
  },
  "40932": {
    "1009.1416": [
      3914
    ],
    "2509.15131v1": [
      1669
    ]
  }
}