{
  "14511": {
    "0704.1269": [
      3799
    ],
    "0704.2472": [
      2200
    ],
    "0704.2613": [
      2637
    ],
    "0704.2806": [
      258
    ],
    "0704.3068": [
      4579
    ],
    "0704.3291": [
      793
    ],
    "0704.3868": [
      2293
    ],
    "0704.3950": [
      984
    ],
    "0705.0010": [
      25015
    ],
    "0705.0705": [
      11375
    ],
    "0705.0979": [
      2580
    ],
    "0705.2146": [
      3085
    ],
    "0705.2257": [
      314
    ],
    "0705.2771": [
      6348
    ],
    "0705.3433": [
      428
    ],
    "0705.3659": [
      291
    ],
    "0705.4396": [
      2276
    ],
    "0706.0510": [
      316
    ],
    "0706.1095": [
      6009
    ],
    "0706.1224": [
      1737
    ],
    "0707.0267": [
      695
    ],
    "0707.1639": [
      2214
    ],
    "0707.3818": [
      2288
    ],
    "0707.4599": [
      4210
    ],
    "0708.0032": [
      2787
    ],
    "0812.4639": [
      1585
    ],
    "0812.4871": [
      1856
    ],
    "0901.0501": [
      2333
    ],
    "0901.0665": [
      9147
    ],
    "0901.1088": [
      200
    ],
    "0901.1228": [
      730,
      921,
      1142,
      1212,
      1225
    ],
    "0901.2078": [
      1391
    ],
    "0901.2507": [
      9967
    ],
    "0901.2823": [
      3843
    ],
    "0901.3986": [
      6903
    ],
    "0901.3989": [
      1924
    ],
    "0901.4286": [
      3777,
      12285,
      13534,
      13595
    ],
    "0901.4314": [
      3141
    ],
    "0901.4400": [
      2070,
      2101
    ],
    "0902.0132": [
      4298
    ],
    "0902.0581": [
      755
    ],
    "0902.1506": [
      3139
    ],
    "0902.1569": [
      3001
    ],
    "0902.1632": [
      4385
    ],
    "0902.2109": [
      31411
    ],
    "0902.2969": [
      15356
    ],
    "1007.1293": [
      351
    ],
    "1007.1595": [
      4328
    ],
    "1007.3837": [
      6085
    ],
    "1007.4560": [
      3873
    ],
    "1007.5405": [
      1773
    ],
    "1008.0093": [
      1176,
      1179
    ],
    "1008.0238": [
      780
    ],
    "1008.1511": [
      1175
    ],
    "1008.1810": [
      6004
    ],
    "1008.2667": [
      1554
    ],
    "1008.2779": [
      555
    ],
    "1008.4338": [
      500
    ],
    "1008.5159": [
      1162
    ],
    "1009.0882": [
      6889
    ],
    "2104.01035v2": [
      6114
    ],
    "2104.04727v1": [
      2452
    ],
    "2104.07759v1": [
      3370
    ],
    "2511.02362v1": [
      1577
    ],
    "2511.02643v1": [
      690
    ]
  },
  "38786": {
    "0705.3871": [
      1761
    ],
    "0706.4406": [
      964
    ],
    "2507.19921v1": [
      4759
    ]
  }
}