{
  "14470": {
    "0704.0392": [
      2680
    ],
    "0704.0943": [
      420
    ],
    "0704.1760": [
      283,
      331,
      345,
      349,
      612
    ],
    "0704.1968": [
      249
    ],
    "0704.2543": [
      1392
    ],
    "0704.3643": [
      1556,
      2837,
      3624,
      3645
    ],
    "0705.0773": [
      151
    ],
    "0705.1930": [
      10983
    ],
    "0705.2908": [
      557
    ],
    "0705.3895": [
      930
    ],
    "0706.0288": [
      174,
      6483
    ],
    "0706.1243": [
      13406
    ],
    "0706.1246": [
      12985
    ],
    "0706.1332": [
      13940,
      15206
    ],
    "0706.2364": [
      521
    ],
    "0706.2829": [
      2189
    ],
    "0706.3902": [
      71
    ],
    "0707.0576": [
      1236
    ],
    "0707.1279": [
      7355
    ],
    "0901.0537": [
      254
    ],
    "0901.1380": [
      5173
    ],
    "0901.3194": [
      259
    ],
    "0901.4545": [
      1417
    ],
    "0902.0358": [
      2269
    ],
    "0902.0559": [
      1196
    ],
    "0902.3241": [
      297
    ],
    "1007.1425": [
      339
    ],
    "1007.1444": [
      2464
    ],
    "1007.2070": [
      3791
    ],
    "1007.2225": [
      8044
    ],
    "1007.2642": [
      816
    ],
    "1007.3841": [
      660,
      5578,
      5614,
      6236
    ],
    "1008.0062": [
      2819
    ],
    "1008.0425": [
      559
    ],
    "1008.1127": [
      458
    ],
    "1008.1586": [
      441
    ],
    "1008.2691": [
      3019
    ],
    "1008.2810": [
      1034
    ],
    "1008.4581": [
      3194
    ],
    "1008.4893": [
      2305
    ],
    "1009.0219": [
      2362
    ],
    "1009.0884": [
      409
    ],
    "1009.0945": [
      368
    ],
    "1009.1177": [
      5669
    ],
    "1009.1416": [
      2492
    ],
    "1708.06364v1": [
      2469
    ],
    "1811.06526v3": [
      3433,
      3662,
      3718
    ],
    "1912.05446v1": [
      438
    ],
    "2111.12637v1": [
      3033,
      3073,
      5848,
      5896
    ],
    "2206.02968v1": [
      6165
    ],
    "2505.06426v1": [
      736
    ],
    "2508.14188v1": [
      6382
    ],
    "2508.16855v1": [
      8901
    ],
    "2509.03283v2": [
      4522
    ],
    "2509.20956v1": [
      447
    ],
    "2511.05248v1": [
      778,
      35317,
      35360
    ]
  },
  "11886": {
    "0704.0638": [
      421
    ],
    "0704.0760": [
      425
    ],
    "0704.2200": [
      2416,
      2463,
      2490
    ],
    "0704.2774": [
      3602
    ],
    "0705.0700": [
      1517,
      1530,
      1630
    ],
    "0705.1594": [
      429
    ],
    "0705.1797": [
      3028,
      3357,
      3507,
      3665
    ],
    "0705.2247": [
      424
    ],
    "0705.2920": [
      7
    ],
    "0706.2832": [
      423
    ],
    "0706.3264": [
      434
    ],
    "0706.3790": [
      429
    ],
    "0706.3868": [
      422
    ],
    "0706.4448": [
      421
    ],
    "0707.0085": [
      425
    ],
    "0707.0589": [
      422
    ],
    "0707.2022": [
      330
    ],
    "0707.2294": [
      428
    ],
    "0707.2362": [
      424
    ],
    "0707.2374": [
      424
    ],
    "0707.2524": [
      428
    ],
    "0707.2567": [
      429
    ],
    "0707.3811": [
      5749
    ],
    "0708.0297": [
      112,
      1146
    ],
    "0812.4036": [
      407
    ],
    "0812.4271": [
      404
    ],
    "0812.4332": [
      1253
    ],
    "0812.4458": [
      409
    ],
    "0812.4469": [
      410
    ],
    "0901.2169": [
      404
    ],
    "0901.3773": [
      412
    ],
    "0901.3803": [
      402
    ],
    "0901.4142": [
      412
    ],
    "0902.1506": [
      732
    ],
    "0902.2186": [
      390
    ],
    "0902.2816": [
      409
    ],
    "1007.3207": [
      1217
    ],
    "1007.4423": [
      358
    ],
    "1007.5048": [
      355
    ],
    "1008.3268": [
      73,
      99,
      144,
      248,
      287,
      310,
      327,
      438,
      476,
      505,
      560,
      602,
      695,
      749,
      760,
      781,
      806,
      816,
      825,
      849,
      2175,
      2202,
      2426,
      2537,
      2560,
      2581,
      2586,
      2601,
      2766,
      2771
    ],
    "1008.3438": [
      10220
    ],
    "1008.3891": [
      356
    ],
    "1008.4404": [
      361
    ],
    "1008.5077": [
      357
    ],
    "1009.0266": [
      356
    ],
    "1009.0802": [
      14,
      96,
      396,
      522,
      596,
      608,
      683,
      692,
      760,
      795,
      800,
      832,
      840,
      867,
      889,
      908,
      918,
      923,
      933,
      945,
      1054,
      1094,
      1192,
      1199,
      1218,
      1225,
      1470,
      1477,
      1488,
      1494,
      1516,
      1540,
      1589,
      1683,
      1722,
      1730,
      1797,
      1804,
      1819,
      1828,
      1839,
      1873,
      1902,
      1909,
      1972,
      1981,
      2381
    ],
    "1009.1031": [
      192
    ],
    "1906.12178v1": [
      2540
    ],
    "2510.14524v1": [
      2135
    ]
  },
  "19103": {
    "0706.4037": [
      1049
    ],
    "0707.0883": [
      662,
      1987
    ],
    "0707.1822": [
      497,
      2052
    ],
    "0812.4968": [
      2317
    ],
    "0901.0582": [
      96
    ],
    "0902.2005": [
      216
    ],
    "0902.2494": [
      109
    ],
    "0902.3176": [
      3786
    ],
    "1007.2417": [
      65,
      2728
    ],
    "1007.2954": [
      2254
    ],
    "1007.4981": [
      1835
    ],
    "1008.0331": [
      4192
    ],
    "1008.0365": [
      240
    ],
    "1008.2709": [
      824
    ],
    "1008.2870": [
      2105
    ],
    "1802.08285v1": [
      1347
    ],
    "2203.02406v1": [
      17393,
      17694
    ],
    "2412.19816v1": [
      129
    ],
    "2508.02777v2": [
      2240
    ],
    "2509.01669v1": [
      2729
    ],
    "2509.07067v1": [
      3891
    ],
    "2509.18496v1": [
      65
    ],
    "2509.20956v1": [
      249
    ],
    "2510.01405v2": [
      2029
    ],
    "2510.07163v2": [
      544
    ],
    "2510.13141v1": [
      397
    ],
    "2510.26449v1": [
      230
    ],
    "2511.06820v1": [
      581
    ]
  }
}