{
  "35096": {
    "0705.1261": [
      2327
    ],
    "0705.2336": [
      1427
    ],
    "0707.1596": [
      21983
    ],
    "1711.03155v3": [
      2972
    ],
    "1712.08436v1": [
      5107
    ],
    "1806.01218v1": [
      2799
    ],
    "1901.04088v1": [
      3797
    ],
    "1910.12559v2": [
      1426,
      2930,
      2941,
      2953,
      2999,
      3120,
      3130
    ],
    "2010.07419v1": [
      31
    ],
    "2101.01209v2": [
      105
    ],
    "2305.07333v1": [
      5104,
      5252
    ],
    "2307.07865v1": [
      1259
    ],
    "2509.12351v1": [
      8305,
      8351
    ],
    "2511.11121v1": [
      3594
    ]
  }
}