{
  "13316": {
    "0704.1067": [
      312
    ],
    "0704.2017": [
      31,
      132,
      179,
      328,
      342,
      1041
    ],
    "0704.3408": [
      150,
      570,
      1743,
      1751,
      1782,
      2543,
      3554,
      3604,
      3618,
      3634
    ],
    "0705.0428": [
      653
    ],
    "0705.0430": [
      1215
    ],
    "0705.0909": [
      67,
      1003,
      1019,
      1083,
      2503
    ],
    "0705.0936": [
      492,
      504,
      516,
      608,
      818,
      844,
      1391,
      1572
    ],
    "0705.3303": [
      962,
      2339
    ],
    "0706.3136": [
      470
    ],
    "0707.3293": [
      1498
    ],
    "0707.3455": [
      3740,
      3763
    ],
    "0901.2900": [
      517,
      520,
      588,
      592,
      629,
      751,
      807,
      939,
      969,
      1622,
      1661
    ],
    "0901.2996": [
      180
    ],
    "0901.3415": [
      1306
    ],
    "1007.3476": [
      2056
    ],
    "1007.5300": [
      3648
    ],
    "1008.1361": [
      466,
      1770,
      1903,
      1987,
      2244,
      2331,
      2412,
      2498,
      2608,
      2754,
      2767,
      2785,
      2856,
      2997,
      3041,
      3070,
      3101,
      3498,
      3590
    ],
    "1008.1363": [
      615
    ],
    "1008.2297": [
      2252,
      2999,
      3229
    ],
    "1008.2742": [
      859
    ],
    "1008.3196": [
      943,
      2962,
      2975,
      3020,
      3070,
      3087,
      3634
    ],
    "1008.3582": [
      2196
    ],
    "1008.3727": [
      6700
    ],
    "1009.0776": [
      2538
    ],
    "1705.07467v1": [
      3636
    ],
    "2104.07759v1": [
      2910
    ],
    "2107.00585v1": [
      3753
    ],
    "2301.00903v1": [
      20
    ],
    "2303.14209v3": [
      7514,
      7862,
      7960
    ],
    "2402.03364v1": [
      199
    ]
  },
  "20147": {
    "0704.1401": [
      733,
      838
    ],
    "0704.3502": [
      5621
    ],
    "0704.3737": [
      3284
    ],
    "0705.0368": [
      4934
    ],
    "0705.3332": [
      228
    ],
    "0706.3568": [
      54
    ],
    "0707.2153": [
      10440
    ],
    "0707.2409": [
      3684
    ],
    "0707.2840": [
      79
    ],
    "0707.4412": [
      81
    ],
    "0707.4586": [
      21
    ],
    "0708.0029": [
      4476
    ],
    "0901.1633": [
      2432
    ],
    "1007.1827": [
      3323,
      3327
    ],
    "1007.2140": [
      1231
    ],
    "1007.2569": [
      1792
    ],
    "1008.0477": [
      85
    ],
    "1711.09348v1": [
      4201
    ],
    "2002.09442v1": [
      3463
    ],
    "2010.00864v1": [
      4794
    ],
    "2104.06073v1": [
      4634
    ],
    "2502.15555v1": [
      918
    ],
    "2507.00954v1": [
      4646
    ],
    "2508.15102v1": [
      2340,
      5809
    ]
  },
  "36915": {
    "0706.1868": [
      14135,
      15760
    ],
    "0706.3409": [
      33
    ],
    "0901.3840": [
      3684
    ]
  }
}