{
  "18564": {
    "0704.0310": [
      352
    ],
    "0704.2085": [
      414
    ],
    "0706.0836": [
      307
    ],
    "0706.3314": [
      410
    ],
    "0706.3777": [
      5737
    ],
    "0902.1000": [
      9133
    ],
    "1007.2059": [
      312
    ],
    "1007.3953": [
      2485
    ],
    "1008.4358": [
      1044,
      1350
    ],
    "1008.4466": [
      373
    ],
    "1008.5335": [
      671
    ],
    "1009.0279": [
      52
    ],
    "2002.02133v1": [
      2361
    ],
    "2107.03437v1": [
      4289,
      4296
    ],
    "2111.05622v1": [
      331,
      519,
      3586,
      5824
    ],
    "2201.12989v1": [
      4021
    ],
    "2302.13898v1": [
      347,
      3488
    ],
    "2311.04376v2": [
      240,
      951,
      1261,
      1444,
      2328,
      2394,
      2497,
      2540,
      3527,
      6995
    ],
    "2502.02890v1": [
      1698
    ],
    "2508.03161v1": [
      911
    ]
  }
}