{
  "31323": {
    "0704.2889": [
      4607
    ],
    "0704.3544": [
      1656
    ],
    "0705.2858": [
      1127
    ],
    "0706.2319": [
      644
    ],
    "0706.2789": [
      1405,
      3309
    ],
    "0901.0506": [
      753
    ],
    "1007.1541": [
      4191,
      22317
    ],
    "1803.07593v1": [
      13790
    ],
    "2101.10691v1": [
      5187
    ],
    "2410.02311v1": [
      4774,
      6778
    ]
  }
}