{
  "53443": {
    "0704.0620": [
      394,
      428
    ],
    "0704.0665": [
      1474
    ],
    "0704.3424": [
      4798
    ],
    "0705.0798": [
      1475
    ],
    "0705.1928": [
      3368
    ],
    "0705.3085": [
      2942,
      4001,
      4720,
      9575,
      10634,
      11353
    ],
    "0705.3231": [
      822
    ],
    "0705.3283": [
      1935,
      1965,
      1973
    ],
    "0705.3431": [
      2999
    ],
    "0705.4619": [
      3252
    ],
    "0706.2082": [
      854
    ],
    "0706.2214": [
      4593,
      4598
    ],
    "0706.3571": [
      1660
    ],
    "0706.3623": [
      4374,
      4379
    ],
    "0707.0806": [
      8934
    ],
    "0707.1766": [
      1250
    ],
    "0707.1927": [
      1496
    ],
    "0707.2085": [
      1099,
      7161,
      7506
    ],
    "0707.2114": [
      1066
    ],
    "0707.2279": [
      122
    ],
    "0707.2317": [
      592,
      593,
      599
    ],
    "0708.0108": [
      8057
    ],
    "0812.3886": [
      1663
    ],
    "0812.3950": [
      4439
    ],
    "0812.4584": [
      2124
    ],
    "0812.4918": [
      842
    ],
    "0901.1829": [
      1064
    ],
    "0901.2221": [
      3076
    ],
    "0901.3629": [
      9108,
      9111,
      10889,
      11009,
      12332,
      12333,
      12567
    ],
    "0901.3736": [
      1009,
      1025,
      1162,
      1178,
      1190,
      2185
    ],
    "0902.0730": [
      663
    ],
    "0902.2896": [
      1335
    ],
    "1007.2832": [
      1265
    ],
    "1007.3132": [
      10214
    ],
    "1007.4034": [
      1137,
      1148,
      2090
    ],
    "1007.4679": [
      3848,
      3849
    ],
    "1008.0369": [
      786
    ],
    "1008.1806": [
      392
    ],
    "1008.2415": [
      588
    ],
    "1008.2529": [
      1206
    ],
    "1008.2955": [
      3947,
      4009,
      4133
    ],
    "1008.3497": [
      1095,
      1097
    ],
    "1009.0728": [
      2272
    ],
    "1703.07377v1": [
      1977
    ],
    "1910.02797v1": [
      3098
    ],
    "2006.06103v2": [
      1191,
      2133,
      2168,
      2175
    ],
    "2101.10937v1": [
      1312,
      1314,
      1318
    ],
    "2201.02721v3": [
      382,
      507,
      521
    ],
    "2301.08710v1": [
      3093
    ],
    "2303.01708v1": [
      187
    ],
    "2409.01997v1": [
      838
    ],
    "2510.12572v1": [
      4984
    ]
  }
}