{
  "23565": {
    "0705.0001": [
      3143
    ],
    "0705.2766": [
      1138,
      1222,
      1404,
      2243,
      2542
    ],
    "0705.4110": [
      3662
    ],
    "0707.2278": [
      1922,
      2391
    ],
    "0902.2813": [
      1657,
      1665
    ],
    "1007.4742": [
      2655
    ],
    "1007.4884": [
      2467
    ],
    "1704.04310v3": [
      1756
    ],
    "2301.07219v5": [
      1749
    ],
    "2511.02476v1": [
      2141
    ]
  },
  "13361": {
    "0705.3023": [
      3886
    ],
    "0705.3652": [
      3426
    ],
    "0706.3855": [
      4515
    ],
    "0707.0421": [
      566,
      623,
      637,
      772,
      784,
      854,
      860,
      870,
      884,
      905,
      923,
      936,
      957,
      960,
      963,
      968,
      1008,
      1063,
      1072,
      1076,
      1084,
      1106,
      1109,
      1146,
      1170,
      1206,
      1211,
      1321,
      1421,
      1441,
      1443,
      1468,
      1480,
      1483,
      1546,
      1597,
      1605,
      1749,
      1758,
      1769,
      1993,
      2002,
      2009,
      2013,
      2021,
      2030,
      2033,
      2043,
      2055,
      2067,
      2098,
      2101,
      2103,
      2114,
      2123,
      2142,
      2149,
      2159,
      2170,
      2190,
      2557,
      2572,
      3069,
      3076,
      3087,
      3344,
      3370,
      3402,
      3552
    ],
    "0707.1044": [
      3117
    ],
    "0707.1672": [
      1817
    ],
    "0812.4257": [
      875
    ],
    "0901.1214": [
      3231
    ],
    "0901.4968": [
      1205,
      3765,
      3774
    ],
    "0902.0089": [
      642
    ],
    "1007.0864": [
      193,
      487
    ],
    "1007.3343": [
      5611
    ],
    "1008.0011": [
      3177
    ],
    "1008.0937": [
      1639
    ],
    "1009.1216": [
      4786
    ],
    "1705.07239v1": [
      8927
    ],
    "2108.01435v2": [
      28502,
      28546
    ],
    "2111.12196v2": [
      4934
    ],
    "2502.12983v1": [
      2044
    ],
    "2511.08270v1": [
      3542,
      6780,
      8555
    ]
  }
}