{
  "20384": {
    "0704.0675": [
      41
    ],
    "0704.0806": [
      87
    ],
    "0704.2418": [
      40
    ],
    "0704.2420": [
      35
    ],
    "0704.3597": [
      157
    ],
    "0704.3832": [
      344
    ],
    "0704.3991": [
      253
    ],
    "0705.1742": [
      44
    ],
    "0705.3245": [
      225
    ],
    "0705.3377": [
      75
    ],
    "0706.0520": [
      21
    ],
    "0706.0727": [
      21
    ],
    "0706.1214": [
      292
    ],
    "0706.2656": [
      108
    ],
    "0706.2865": [
      31
    ],
    "0706.3126": [
      300
    ],
    "0706.4091": [
      306
    ],
    "0707.0503": [
      149
    ],
    "0707.1144": [
      7640
    ],
    "0707.1316": [
      283
    ],
    "0707.1328": [
      40
    ],
    "0707.1345": [
      28
    ],
    "0707.1662": [
      67
    ],
    "0707.2100": [
      47
    ],
    "0707.2651": [
      114
    ],
    "0707.3634": [
      290
    ],
    "0708.0007": [
      274
    ],
    "0812.3913": [
      249
    ],
    "0812.3915": [
      275
    ],
    "0812.4279": [
      5453
    ],
    "0901.1877": [
      16
    ],
    "0901.3882": [
      4142
    ],
    "0901.4558": [
      25
    ],
    "0901.4774": [
      32
    ],
    "0901.4775": [
      201
    ],
    "0902.1989": [
      19
    ],
    "0902.2137": [
      3760,
      17291
    ],
    "0902.2787": [
      285
    ],
    "1007.1522": [
      16
    ],
    "1007.1980": [
      17
    ],
    "1007.2885": [
      4973,
      5475
    ],
    "1007.3505": [
      283
    ],
    "1007.3936": [
      36
    ],
    "1007.3994": [
      27
    ],
    "1007.4266": [
      4927
    ],
    "1007.4808": [
      100
    ],
    "1007.5256": [
      161
    ],
    "1008.1131": [
      30646,
      30648,
      33111,
      33121
    ],
    "1008.1386": [
      3398,
      3613
    ],
    "1008.1459": [
      4738,
      5452
    ],
    "1008.2748": [
      4140,
      4655
    ],
    "1008.2774": [
      28
    ],
    "1008.3561": [
      21839
    ],
    "1008.3874": [
      16
    ],
    "1008.3900": [
      99
    ],
    "1008.3915": [
      56
    ],
    "1008.5021": [
      219
    ],
    "1008.5150": [
      24
    ],
    "1009.0056": [
      3222
    ],
    "1009.0773": [
      175
    ],
    "1009.0777": [
      179
    ],
    "1009.0847": [
      190
    ],
    "1009.0866": [
      221
    ],
    "1712.02269v2": [
      14
    ],
    "1810.04135v2": [
      19
    ],
    "1811.12421v2": [
      46
    ],
    "1901.03439v2": [
      40
    ],
    "1909.11525v2": [
      33
    ],
    "2006.08940v2": [
      12
    ],
    "2105.01145v2": [
      22
    ],
    "2105.01146v3": [
      18
    ],
    "2106.13362v2": [
      36
    ],
    "2109.03255v2": [
      27
    ],
    "2109.09762v2": [
      43
    ],
    "2301.02273v2": [
      12
    ],
    "2301.08773v1": [
      23
    ],
    "2308.13048v4": [
      30
    ],
    "2310.20495v2": [
      10
    ],
    "2405.02418v2": [
      9
    ],
    "2408.04703v2": [
      25
    ],
    "2503.17278v1": [
      33
    ],
    "2508.06654v1": [
      117
    ],
    "2509.07354v1": [
      28
    ],
    "2510.05017v1": [
      36
    ]
  },
  "24573": {
    "0704.3764": [
      1852
    ],
    "0705.1826": [
      2368
    ],
    "0706.0382": [
      12811
    ],
    "0706.0469": [
      4152
    ],
    "0707.1607": [
      2493,
      2651,
      2664,
      2677,
      2690,
      4122
    ],
    "0707.3101": [
      1800
    ],
    "0902.2720": [
      1137
    ],
    "2407.07665v2": [
      4077,
      4220
    ]
  }
}