{
  "23361": {
    "0704.0304": [
      3348
    ],
    "0704.2587": [
      2495,
      2505
    ],
    "0704.3876": [
      2927
    ],
    "0705.2132": [
      6
    ],
    "0706.0581": [
      546,
      928,
      1776
    ],
    "0706.0599": [
      216
    ],
    "0706.2006": [
      1406
    ],
    "0706.2740": [
      2065,
      2089
    ],
    "0706.3390": [
      591
    ],
    "0706.3507": [
      7
    ],
    "0706.3508": [
      8
    ],
    "0707.0117": [
      8
    ],
    "0707.4322": [
      848
    ],
    "0707.4587": [
      3083
    ],
    "0901.0747": [
      1969,
      1981
    ],
    "0901.1479": [
      4725
    ],
    "0901.1504": [
      6906
    ],
    "0901.2095": [
      1145
    ],
    "0901.2679": [
      3596
    ],
    "0901.4306": [
      392
    ],
    "0901.4412": [
      6169
    ],
    "0901.4734": [
      7556
    ],
    "0902.0203": [
      683
    ],
    "0902.0326": [
      1212,
      1233
    ],
    "0902.1662": [
      571,
      5869
    ],
    "1007.1118": [
      10770
    ],
    "1007.1129": [
      4128,
      4141,
      4530
    ],
    "1007.1250": [
      1666
    ],
    "1007.1998": [
      5869,
      6094
    ],
    "1007.3221": [
      8
    ],
    "1007.3232": [
      6
    ],
    "1007.3595": [
      2717
    ],
    "1007.3747": [
      2485
    ],
    "1008.0563": [
      7,
      230,
      674,
      1089,
      1422,
      1722,
      1991,
      2307,
      2631
    ],
    "1008.1480": [
      6,
      4643
    ],
    "1008.1566": [
      2700
    ],
    "1008.2217": [
      5524,
      5538
    ],
    "1008.2293": [
      6106
    ],
    "1008.2499": [
      13
    ],
    "1008.3309": [
      4884
    ],
    "1008.4933": [
      598
    ],
    "1008.5163": [
      5479,
      5849
    ],
    "1009.0499": [
      2055
    ],
    "1009.0769": [
      7
    ],
    "1009.0861": [
      2412
    ],
    "1705.05597v1": [
      1543,
      1585
    ],
    "1705.07893v1": [
      1413
    ],
    "1801.06661v1": [
      779,
      1254,
      1619,
      4312,
      4330,
      4385,
      4695,
      4814,
      5007,
      5069,
      5080
    ],
    "1801.06663v1": [
      414,
      442,
      458,
      531,
      3274,
      3296,
      3988,
      4094
    ],
    "1811.12680v2": [
      2539
    ],
    "1906.12178v1": [
      2800,
      3319
    ],
    "2107.11223v2": [
      7712
    ],
    "2109.04366v2": [
      7511
    ],
    "2305.01565v1": [
      12,
      48,
      62,
      351,
      405,
      3142,
      3158,
      3173,
      3195,
      3220
    ],
    "2311.16615v1": [
      38,
      627,
      645,
      923,
      2368,
      2663
    ],
    "2510.25125v1": [
      2664
    ]
  }
}