{
  "11164": {
    "1903.05192v2": [
      840
    ],
    "2002.07198v1": [
      1721,
      1813,
      1948,
      2135,
      2172,
      2264
    ],
    "2005.12757v1": [
      4540,
      4737
    ],
    "2009.07711v1": [
      3815
    ],
    "2101.09984v3": [
      669,
      1761
    ],
    "2102.08455v1": [
      1720,
      3655
    ],
    "2203.14591v2": [
      2189,
      4792
    ],
    "2203.17175v1": [
      1186,
      1355,
      2299
    ],
    "2210.07159v3": [
      1243,
      7087
    ],
    "2210.12019v1": [
      3079,
      5556
    ],
    "2210.13775v1": [
      1360,
      1929,
      2450,
      3421,
      3907,
      5207,
      5271,
      5335,
      5393,
      5451,
      5509,
      5567
    ],
    "2301.09932v1": [
      1772
    ],
    "2305.08009v2": [
      5731
    ],
    "2308.11035v1": [
      1429,
      1434
    ],
    "2405.03876v1": [
      3503,
      3517,
      3524,
      3584
    ],
    "2406.00109v2": [
      4763
    ],
    "2502.08883v1": [
      1864
    ],
    "2502.15881v3": [
      2991
    ],
    "2503.10540v1": [
      2463,
      6389
    ],
    "2503.13824v1": [
      810
    ],
    "2504.00391v2": [
      1056,
      2418
    ],
    "2504.06545v1": [
      3011
    ],
    "2504.20672v1": [
      943
    ],
    "2505.17814v1": [
      3088
    ],
    "2505.23892v1": [
      8452,
      12276
    ],
    "2507.01162v1": [
      7941
    ],
    "2507.13783v1": [
      4486,
      4513
    ],
    "2507.15352v2": [
      2560
    ],
    "2508.00348v2": [
      1271,
      4106,
      4154
    ],
    "2508.01156v3": [
      708,
      2352
    ],
    "2508.02576v1": [
      1552
    ],
    "2508.03814v1": [
      7087
    ],
    "2508.03932v1": [
      2024,
      2248
    ],
    "2508.04375v3": [
      5702
    ],
    "2508.08416v1": [
      8724,
      8879
    ],
    "2508.09255v1": [
      1034
    ],
    "2508.10994v1": [
      1900,
      1953,
      2497,
      3981
    ],
    "2508.11088v2": [
      3961
    ],
    "2508.11844v1": [
      1308,
      2488
    ],
    "2508.14367v2": [
      5653
    ],
    "2508.14971v2": [
      3040,
      7788
    ],
    "2508.18016v2": [
      856
    ],
    "2508.18459v1": [
      6488
    ],
    "2508.19297v1": [
      730,
      921
    ],
    "2508.20170v1": [
      2236
    ],
    "2508.20172v1": [
      2864
    ],
    "2509.01545v1": [
      1872
    ],
    "2509.01937v1": [
      2952,
      4202
    ],
    "2509.02507v1": [
      1459,
      1470
    ],
    "2509.03216v1": [
      3275
    ],
    "2509.03461v1": [
      6163,
      6368,
      8265,
      9279
    ],
    "2509.03732v1": [
      1123,
      3389
    ],
    "2509.04573v2": [
      3052
    ],
    "2509.06727v2": [
      3225
    ],
    "2509.06729v1": [
      2767
    ],
    "2509.07080v2": [
      2142
    ],
    "2509.08298v1": [
      1599,
      2859
    ],
    "2509.09504v1": [
      2099
    ],
    "2509.12315v1": [
      5307
    ],
    "2509.12328v2": [
      1871
    ],
    "2509.14224v1": [
      6350
    ],
    "2509.16331v1": [
      5977
    ],
    "2509.16840v1": [
      1895
    ],
    "2509.18503v1": [
      1990
    ],
    "2509.18635v1": [
      4614
    ],
    "2509.19442v1": [
      4599
    ],
    "2509.25943v1": [
      4430
    ],
    "2510.00169v1": [
      189,
      2523,
      4024
    ],
    "2510.00330v1": [
      7243
    ],
    "2510.02255v1": [
      4363
    ],
    "2510.03916v1": [
      2448,
      4081
    ],
    "2510.11575v1": [
      2017,
      5920
    ],
    "2510.12572v1": [
      5002
    ],
    "2510.14022v1": [
      4708
    ],
    "2510.14801v2": [
      1939
    ],
    "2510.14809v1": [
      2989
    ],
    "2510.17367v1": [
      1351
    ],
    "2510.19635v1": [
      2947,
      4448
    ],
    "2510.20791v1": [
      4475
    ],
    "2510.20811v1": [
      4203,
      4254
    ],
    "2510.21626v1": [
      2278
    ],
    "2510.24877v1": [
      4468,
      6776
    ],
    "2510.25653v1": [
      1270,
      1549
    ],
    "2510.26333v1": [
      1261,
      1721,
      2755
    ],
    "2511.01717v1": [
      2734
    ],
    "2511.02068v1": [
      3380
    ],
    "2511.02643v1": [
      4316
    ],
    "2511.03926v2": [
      5053
    ],
    "2511.05415v1": [
      6941
    ],
    "2511.08698v1": [
      4469
    ],
    "2511.10534v1": [
      4628
    ],
    "2511.10744v1": [
      1360,
      1482,
      2093
    ],
    "2511.10880v1": [
      4000
    ],
    "2511.14634v1": [
      2531
    ]
  }
}