{
  "27994": {
    "0705.0063": [
      1788
    ],
    "0901.2987": [
      1949
    ],
    "0902.1568": [
      4008
    ],
    "0902.1746": [
      3877
    ],
    "1007.2260": [
      6377
    ],
    "1009.0134": [
      5225
    ],
    "1707.03021v5": [
      935
    ],
    "1904.05363v3": [
      2279
    ]
  }
}