{
  "18062": {
    "0704.0420": [
      2237
    ],
    "0704.0899": [
      9313
    ],
    "0704.1132": [
      9234
    ],
    "0704.1581": [
      170
    ],
    "0704.2416": [
      596
    ],
    "0704.3560": [
      793
    ],
    "0705.0757": [
      898
    ],
    "0705.0918": [
      2560
    ],
    "0705.2834": [
      268
    ],
    "0705.4145": [
      1037
    ],
    "0706.0939": [
      188
    ],
    "0707.2550": [
      636
    ],
    "0707.3795": [
      701
    ],
    "0812.4457": [
      1925
    ],
    "0812.4733": [
      253
    ],
    "0901.3677": [
      2463
    ],
    "0901.3958": [
      3827
    ],
    "0902.0009": [
      237
    ],
    "0902.1529": [
      128,
      5314
    ],
    "0902.2006": [
      1264
    ],
    "0902.2695": [
      163
    ],
    "0902.2759": [
      322
    ],
    "1007.2252": [
      160
    ],
    "1007.2790": [
      86
    ],
    "1007.2881": [
      4565
    ],
    "1007.3590": [
      1056
    ],
    "1007.5381": [
      3336
    ],
    "1008.2188": [
      4492
    ],
    "1008.2997": [
      637
    ],
    "1008.4251": [
      846
    ],
    "1009.0966": [
      1410
    ],
    "2509.12334v1": [
      1955
    ],
    "2509.15307v2": [
      4587
    ],
    "2510.11772v2": [
      962
    ],
    "2511.00253v1": [
      145965
    ],
    "2511.08165v1": [
      513
    ],
    "2511.10751v2": [
      275
    ]
  },
  "10404": {
    "0704.0809": [
      3446
    ],
    "0704.1169": [
      439
    ],
    "0704.1929": [
      187
    ],
    "0704.3072": [
      702,
      796
    ],
    "0704.3202": [
      723
    ],
    "0704.3236": [
      2377
    ],
    "0705.0201": [
      3735
    ],
    "0705.0332": [
      142
    ],
    "0705.1681": [
      623
    ],
    "0705.1955": [
      2336
    ],
    "0705.2426": [
      1150
    ],
    "0705.2458": [
      1007
    ],
    "0705.2656": [
      132
    ],
    "0705.4103": [
      576
    ],
    "0706.0727": [
      177
    ],
    "0706.1342": [
      131
    ],
    "0706.1988": [
      31559
    ],
    "0706.2259": [
      1238
    ],
    "0706.2337": [
      485
    ],
    "0706.2507": [
      96
    ],
    "0706.2768": [
      2848
    ],
    "0706.2986": [
      3577,
      8684
    ],
    "0706.3744": [
      4068
    ],
    "0707.1248": [
      1006
    ],
    "0707.1709": [
      1372
    ],
    "0707.1822": [
      516,
      1382,
      4367
    ],
    "0707.2394": [
      801
    ],
    "0707.2407": [
      90
    ],
    "0707.2547": [
      162
    ],
    "0707.3385": [
      270,
      3550
    ],
    "0708.0146": [
      1095
    ],
    "0708.0191": [
      462
    ],
    "0708.0226": [
      1221
    ],
    "0812.4457": [
      186,
      6926,
      7744
    ],
    "0901.0579": [
      225
    ],
    "0901.0954": [
      915
    ],
    "0901.1090": [
      991
    ],
    "0901.1351": [
      794
    ],
    "0901.1543": [
      5368
    ],
    "0901.1578": [
      252
    ],
    "0901.1778": [
      705
    ],
    "0901.2018": [
      3599
    ],
    "0901.2046": [
      1003
    ],
    "0901.2587": [
      389
    ],
    "0901.3072": [
      365
    ],
    "0901.3359": [
      713
    ],
    "0901.3564": [
      347
    ],
    "0901.4476": [
      109
    ],
    "0901.4672": [
      2139
    ],
    "0902.0335": [
      1114
    ],
    "0902.0398": [
      148
    ],
    "0902.1564": [
      106
    ],
    "0902.1619": [
      2000
    ],
    "0902.2063": [
      586
    ],
    "0902.2231": [
      132
    ],
    "0902.2548": [
      204
    ],
    "0902.2630": [
      398
    ],
    "0902.2784": [
      7621
    ],
    "0902.2907": [
      1619
    ],
    "0902.3011": [
      1412
    ],
    "1007.0782": [
      107
    ],
    "1007.1586": [
      2926
    ],
    "1007.1612": [
      387
    ],
    "1007.1816": [
      171
    ],
    "1007.1995": [
      1131
    ],
    "1007.2183": [
      647
    ],
    "1007.2226": [
      1192
    ],
    "1007.2851": [
      135
    ],
    "1007.3468": [
      3597
    ],
    "1007.3519": [
      2436,
      16167
    ],
    "1007.3523": [
      5403
    ],
    "1007.3743": [
      732,
      1071
    ],
    "1007.3748": [
      4311,
      4583
    ],
    "1007.4378": [
      210
    ],
    "1007.4569": [
      279
    ],
    "1007.5237": [
      1465
    ],
    "1008.0392": [
      907
    ],
    "1008.0523": [
      266,
      3087
    ],
    "1008.0754": [
      3509
    ],
    "1008.1089": [
      3658
    ],
    "1008.1188": [
      570
    ],
    "1008.2107": [
      5125
    ],
    "1008.2209": [
      1068,
      3430,
      3949
    ],
    "1008.2591": [
      539,
      2057
    ],
    "1008.4078": [
      120
    ],
    "1008.4147": [
      509
    ],
    "1008.4587": [
      125
    ],
    "1008.4775": [
      342
    ],
    "1008.5106": [
      30,
      176
    ],
    "1009.0008": [
      270
    ],
    "1009.0419": [
      2252
    ],
    "1009.0519": [
      958
    ],
    "1009.0876": [
      60
    ],
    "1009.1245": [
      270
    ],
    "1009.1402": [
      12319,
      20604
    ],
    "1009.1416": [
      5184
    ],
    "1804.10870v1": [
      1015
    ],
    "1901.02967v1": [
      341
    ],
    "1903.04589v1": [
      1480
    ],
    "1904.05363v3": [
      13343
    ],
    "1908.11785v3": [
      4068
    ],
    "2004.00079v1": [
      903
    ],
    "2011.07522v1": [
      2599
    ],
    "2012.06485v2": [
      174
    ],
    "2102.07784v2": [
      55
    ],
    "2106.15843v1": [
      308,
      2957
    ],
    "2107.01387v1": [
      2906
    ],
    "2108.01435v2": [
      4387
    ],
    "2201.10067v2": [
      409
    ],
    "2205.14117v1": [
      2314
    ],
    "2207.12292v1": [
      1286
    ],
    "2208.04628v3": [
      2589
    ],
    "2209.03611v1": [
      1726
    ],
    "2302.09313v1": [
      595
    ],
    "2303.04852v3": [
      458
    ],
    "2309.10349v1": [
      494
    ],
    "2310.14311v2": [
      4244
    ],
    "2407.04862v2": [
      110
    ],
    "2411.18326v1": [
      954
    ],
    "2501.09072v1": [
      4365
    ],
    "2502.15093v1": [
      4392
    ],
    "2506.08177v1": [
      2129,
      6744
    ],
    "2508.04873v1": [
      1817
    ],
    "2508.09939v1": [
      1580
    ],
    "2508.09970v2": [
      3072,
      5715
    ],
    "2508.14176v2": [
      6196
    ],
    "2508.18016v2": [
      39
    ],
    "2509.00214v1": [
      353
    ],
    "2509.03216v1": [
      3012
    ],
    "2509.04558v1": [
      443
    ],
    "2509.05015v1": [
      127,
      541
    ],
    "2509.05414v1": [
      736
    ],
    "2509.05457v1": [
      1296
    ],
    "2509.10136v1": [
      6906
    ],
    "2509.10883v1": [
      40875,
      70546
    ],
    "2509.14539v1": [
      549
    ],
    "2509.15746v1": [
      6309
    ],
    "2509.17011v1": [
      389
    ],
    "2509.17420v1": [
      620
    ],
    "2509.21467v1": [
      9417,
      14776
    ],
    "2510.02179v1": [
      469
    ],
    "2510.07747v1": [
      35,
      155
    ],
    "2510.08694v1": [
      263
    ],
    "2510.09802v1": [
      3717
    ],
    "2510.10092v2": [
      404
    ],
    "2510.18920v1": [
      323
    ],
    "2510.22093v1": [
      2773,
      6246
    ],
    "2510.23220v1": [
      3577,
      6504
    ],
    "2510.23709v1": [
      885
    ],
    "2511.00253v1": [
      17057,
      17162,
      24380,
      51439,
      124452,
      130118
    ],
    "2511.00591v1": [
      498
    ],
    "2511.04850v1": [
      2653
    ],
    "2511.06399v1": [
      266
    ],
    "2511.06657v1": [
      201
    ],
    "2511.07494v1": [
      5084
    ],
    "2511.08574v1": [
      535
    ],
    "2511.10927v1": [
      60260,
      66726
    ],
    "2511.13471v1": [
      1257
    ]
  }
}