{
  "32872": {
    "0902.0551": [
      3415
    ],
    "1008.2353": [
      5885,
      5922
    ],
    "2509.21517v2": [
      2560
    ],
    "2510.19477v1": [
      727
    ]
  }
}