{
  "52909": {
    "0704.1924": [
      1988
    ],
    "0707.2432": [
      733,
      2287
    ],
    "0708.0025": [
      887
    ],
    "0902.0447": [
      1530,
      1561,
      2859
    ],
    "1007.3275": [
      1184,
      1185,
      1190,
      1191,
      1195,
      1196
    ],
    "2112.13911v2": [
      1682
    ],
    "2511.04837v1": [
      721,
      831
    ],
    "2511.05761v2": [
      1374
    ]
  }
}