{
  "53585": {
    "0704.2612": [
      4706
    ],
    "0704.2914": [
      1260,
      1405
    ],
    "0705.1633": [
      278
    ],
    "0705.2774": [
      2145,
      2159,
      2379
    ],
    "0901.4333": [
      749
    ],
    "1007.2756": [
      699
    ],
    "1008.5224": [
      3715,
      3717
    ],
    "2508.14367v2": [
      6460,
      6497
    ],
    "2511.07706v1": [
      640
    ]
  },
  "27203": {
    "0705.2774": [
      1841,
      1992,
      2147
    ],
    "0706.1146": [
      186
    ],
    "0706.3587": [
      1516
    ],
    "0901.4333": [
      958
    ],
    "2103.13745v1": [
      26014
    ],
    "2508.14367v2": [
      6508
    ],
    "2509.05824v1": [
      2395,
      2397
    ],
    "2511.03184v1": [
      2112
    ],
    "2511.07706v1": [
      574
    ],
    "2511.08447v1": [
      2190,
      2211
    ],
    "2511.11247v1": [
      11366
    ]
  }
}