{
  "23972": {
    "0705.0820": [
      375,
      482,
      527
    ],
    "1703.05831v2": [
      1997
    ],
    "1708.03556v1": [
      3490,
      3504,
      3525,
      3619,
      3628
    ],
    "1708.08803v1": [
      2096
    ],
    "1710.05194v1": [
      908
    ],
    "2509.08944v1": [
      865
    ],
    "2510.01589v1": [
      5734
    ],
    "2510.17563v1": [
      962
    ],
    "2511.04787v1": [
      274
    ]
  },
  "24942": {
    "0705.0820": [
      487
    ],
    "1007.1330": [
      750
    ],
    "1008.0746": [
      2340
    ],
    "1008.3860": [
      1909
    ],
    "1009.0255": [
      1003,
      3207,
      3285,
      3306,
      3730
    ],
    "1009.0305": [
      5470
    ],
    "1811.06526v3": [
      4647
    ],
    "2405.01392v1": [
      5287
    ],
    "2509.05128v1": [
      2528
    ]
  }
}