{
  "38896": {
    "0704.1627": [
      6221
    ],
    "0705.0809": [
      4673
    ],
    "0902.0191": [
      219,
      630,
      1331,
      1594,
      1610,
      1616,
      1652,
      2670,
      2677,
      2723,
      2729,
      2849,
      2856,
      3273,
      3311,
      3324,
      3337,
      3348,
      4778,
      5649,
      5653,
      5680,
      5810,
      5899
    ],
    "2206.15136v1": [
      184,
      188,
      322,
      523,
      666,
      2501,
      2503,
      2609,
      2611,
      3226,
      3302,
      3317,
      3511
    ],
    "2504.21148v1": [
      2224
    ],
    "2509.06103v1": [
      961,
      964,
      1032,
      1522,
      2033,
      2110,
      2310,
      4339,
      4353,
      4384,
      5387
    ]
  }
}