{
  "28586": {
    "0706.3968": [
      267,
      449,
      3145
    ],
    "0707.0462": [
      2410
    ],
    "0707.2257": [
      2420,
      3457
    ],
    "0707.2951": [
      3387
    ],
    "0707.4355": [
      4401
    ],
    "0901.2531": [
      1080
    ],
    "0902.2368": [
      322,
      1245,
      1260,
      2133,
      2480,
      3832
    ],
    "1008.1812": [
      2765
    ],
    "1008.2683": [
      9911
    ],
    "1008.4059": [
      122,
      1723
    ],
    "1009.0769": [
      5131
    ],
    "1009.1312": [
      3019,
      3665,
      3672
    ],
    "1706.08404v2": [
      3277
    ],
    "1711.08262v2": [
      4414
    ],
    "1801.10423v2": [
      2195
    ],
    "1808.03600v1": [
      1933
    ],
    "1808.03603v1": [
      6171
    ],
    "1908.09724v2": [
      1984
    ],
    "1908.10756v1": [
      8298
    ],
    "1908.11138v1": [
      4415
    ],
    "1908.11198v2": [
      2340
    ],
    "2002.06787v1": [
      2257
    ],
    "2102.09639v1": [
      5021
    ],
    "2109.06743v2": [
      3965
    ],
    "2111.03118v1": [
      3256
    ],
    "2203.13879v1": [
      4339
    ],
    "2211.16672v1": [
      2907
    ],
    "2303.08693v4": [
      2101
    ],
    "2306.09061v1": [
      1779
    ],
    "2312.14736v2": [
      2095,
      3038
    ],
    "2406.14782v2": [
      2284,
      3601
    ],
    "2412.10188v2": [
      1995
    ],
    "2510.11802v1": [
      3850
    ]
  }
}