{
  "52020": {
    "0704.0799": [
      2404
    ],
    "0705.0614": [
      7084
    ],
    "0705.1730": [
      10887
    ],
    "0705.2010": [
      1822
    ],
    "0705.2313": [
      4369
    ],
    "0705.4032": [
      485
    ],
    "0706.0214": [
      1251
    ],
    "0706.4282": [
      2421
    ],
    "0707.1719": [
      3507
    ],
    "0707.4036": [
      331
    ],
    "0707.4495": [
      1132
    ],
    "0812.4352": [
      196,
      246,
      356,
      648,
      1006,
      1169,
      1448
    ],
    "0812.4968": [
      3284
    ],
    "0901.0259": [
      3946
    ],
    "0901.2018": [
      4233
    ],
    "0901.2075": [
      3477,
      3562
    ],
    "0901.2654": [
      1149
    ],
    "0901.3827": [
      417
    ],
    "0902.1875": [
      15403
    ],
    "1007.2501": [
      957
    ],
    "1007.4961": [
      483
    ],
    "1008.0243": [
      653
    ],
    "1008.1362": [
      1387
    ],
    "1008.1898": [
      886,
      1966,
      1967
    ],
    "1008.2452": [
      94
    ],
    "1008.3587": [
      6801
    ],
    "1803.01847v1": [
      744,
      1810,
      2179,
      2183,
      2201,
      2320,
      2475,
      2562,
      2975,
      3191
    ],
    "2107.13585v1": [
      133,
      398,
      628,
      648,
      659,
      661,
      673,
      752,
      755,
      801,
      802,
      804,
      826,
      834,
      1426,
      1452,
      1481,
      2635,
      2636,
      2638,
      2672,
      2676
    ],
    "2304.01553v1": [
      79
    ],
    "2508.06654v1": [
      1925,
      1926
    ],
    "2510.14587v1": [
      2094,
      2097
    ],
    "2510.17676v1": [
      1741,
      3273
    ],
    "2510.23732v2": [
      3000,
      3031,
      3035,
      3040
    ]
  },
  "45162": {
    "0705.1631": [
      643
    ]
  }
}