{
  "17918": {
    "0704.3174": [
      52,
      290,
      333,
      455,
      462,
      1252,
      1339,
      2025,
      2142,
      2180,
      2198,
      2205,
      2267
    ],
    "0705.4584": [
      1161
    ],
    "0708.0186": [
      1484
    ],
    "0708.0187": [
      648
    ],
    "0812.4135": [
      212,
      2130
    ],
    "0901.0449": [
      3037
    ],
    "0901.4004": [
      306,
      1325
    ],
    "1007.2000": [
      1700
    ],
    "1007.4192": [
      2445
    ],
    "1007.4523": [
      1420
    ],
    "1007.4748": [
      452,
      852,
      859
    ],
    "1007.5159": [
      109
    ],
    "1008.2387": [
      569
    ],
    "1008.3879": [
      327
    ],
    "1009.0299": [
      894,
      1300
    ],
    "2106.11780v1": [
      1067
    ],
    "2208.00892v2": [
      8992
    ],
    "2405.01392v1": [
      6284,
      6295,
      10218
    ],
    "2502.02469v1": [
      341,
      877
    ]
  },
  "39092": {
    "0706.1988": [
      12384
    ],
    "0812.4811": [
      6462
    ]
  }
}