{
  "17907": {
    "0704.0267": [
      9
    ],
    "0704.0428": [
      16
    ],
    "0704.0948": [
      22
    ],
    "0704.1855": [
      16
    ],
    "0704.2230": [
      15
    ],
    "0704.2233": [
      66
    ],
    "0704.3568": [
      28
    ],
    "0705.2234": [
      29,
      4793
    ],
    "0705.3847": [
      19
    ],
    "0705.4471": [
      14
    ],
    "0706.1255": [
      17
    ],
    "0706.2983": [
      43
    ],
    "0706.3547": [
      6,
      213,
      638,
      991,
      1290,
      1477,
      1735,
      2013,
      2284,
      2598,
      2797,
      3115,
      3410,
      3624,
      4000
    ],
    "0706.4290": [
      11
    ],
    "0707.2174": [
      29
    ],
    "0707.2562": [
      18
    ],
    "0707.3151": [
      3492
    ],
    "0707.3168": [
      13
    ],
    "0707.4134": [
      7,
      215,
      527,
      906,
      1258
    ],
    "0707.4169": [
      2740
    ],
    "0812.4983": [
      4400
    ],
    "0901.0003": [
      27
    ],
    "0901.0176": [
      54
    ],
    "0901.1677": [
      19
    ],
    "0901.2161": [
      28
    ],
    "0902.1698": [
      1584,
      3595
    ],
    "0902.1812": [
      3897
    ],
    "0902.2794": [
      5387
    ],
    "0902.3196": [
      16
    ],
    "1007.0947": [
      10
    ],
    "1007.0992": [
      34
    ],
    "1007.1977": [
      16
    ],
    "1007.2396": [
      5266
    ],
    "1007.2874": [
      26
    ],
    "1007.2963": [
      36
    ],
    "1007.3286": [
      17
    ],
    "1007.4197": [
      5990
    ],
    "1007.4554": [
      31
    ],
    "1007.4583": [
      2177,
      2201
    ],
    "1007.5100": [
      12
    ],
    "1008.0256": [
      5214,
      5222,
      5235,
      5248,
      5264
    ],
    "1008.0726": [
      23
    ],
    "1008.1322": [
      2144
    ],
    "1008.1592": [
      4802
    ],
    "1008.1621": [
      26
    ],
    "1008.2427": [
      4013
    ],
    "1008.3192": [
      36
    ],
    "1008.3663": [
      12
    ],
    "1008.4104": [
      7,
      174,
      459,
      830,
      1131,
      1499,
      1776,
      2151,
      2492,
      2814,
      3208,
      3588,
      3909,
      4358,
      4386
    ],
    "1008.5243": [
      33
    ],
    "1009.0960": [
      1783
    ],
    "1901.02286v1": [
      2350
    ],
    "2002.04056v1": [
      14
    ],
    "2009.10899v1": [
      17,
      1000,
      1544,
      2214
    ],
    "2101.05098v3": [
      2919
    ],
    "2104.02824v1": [
      16,
      2587
    ],
    "2104.09242v1": [
      2886
    ],
    "2111.03619v2": [
      2721
    ],
    "2111.06341v4": [
      25,
      88
    ],
    "2203.02406v1": [
      24689
    ],
    "2210.10653v1": [
      4397
    ],
    "2304.05709v1": [
      5393
    ],
    "2404.14559v1": [
      27
    ],
    "2410.09142v1": [
      3767
    ],
    "2508.01428v2": [
      3707
    ],
    "2509.01664v1": [
      6108
    ],
    "2510.22997v1": [
      6216
    ],
    "2510.27639v1": [
      20
    ],
    "2511.04337v1": [
      6918
    ],
    "2511.08824v1": [
      52,
      6174
    ]
  },
  "30286": {
    "0705.0142": [
      355,
      369
    ],
    "0707.0858": [
      307
    ],
    "0901.4365": [
      2112
    ],
    "1008.0447": [
      946
    ],
    "2304.01553v1": [
      504
    ]
  }
}