{
  "51583": {
    "0704.0316": [
      4608
    ],
    "0707.0739": [
      5554
    ],
    "0707.3694": [
      338
    ],
    "0708.0097": [
      2962
    ],
    "0901.2123": [
      4299
    ],
    "1007.2554": [
      1347
    ],
    "1009.0336": [
      1354
    ],
    "1009.0777": [
      1831,
      2196,
      2309,
      2312
    ],
    "2510.00111v1": [
      7472
    ],
    "2510.27635v1": [
      5897
    ]
  }
}