{
  "11775": {
    "0704.0676": [
      1640
    ],
    "0704.0850": [
      1155
    ],
    "0704.1915": [
      4464
    ],
    "0704.2046": [
      3110
    ],
    "0704.2249": [
      4968
    ],
    "0704.3229": [
      2301
    ],
    "0705.1186": [
      5449
    ],
    "0705.1585": [
      2540
    ],
    "0705.2388": [
      1395
    ],
    "0705.2716": [
      3287
    ],
    "0705.3062": [
      7574
    ],
    "0706.1049": [
      6378
    ],
    "0706.1656": [
      4104
    ],
    "0706.2224": [
      3306
    ],
    "0706.3406": [
      1288
    ],
    "0706.4286": [
      3923
    ],
    "0707.1279": [
      16568,
      18031,
      18274
    ],
    "0707.1620": [
      3367
    ],
    "0707.2187": [
      2000
    ],
    "0707.2219": [
      2929
    ],
    "0707.3975": [
      507
    ],
    "0901.1126": [
      1421
    ],
    "0901.1931": [
      2500,
      2677
    ],
    "0901.2075": [
      4246
    ],
    "0901.2566": [
      988
    ],
    "0901.2990": [
      2186
    ],
    "0901.3640": [
      15067
    ],
    "0901.4536": [
      2068
    ],
    "0901.4776": [
      5513
    ],
    "0902.2852": [
      4621
    ],
    "1007.2095": [
      3889,
      4003
    ],
    "1007.3018": [
      5439
    ],
    "1007.3099": [
      1419
    ],
    "1007.3212": [
      1845
    ],
    "1007.3942": [
      97
    ],
    "1007.4832": [
      5654
    ],
    "1008.0460": [
      4335
    ],
    "1008.1590": [
      1481
    ],
    "1008.2187": [
      1849
    ],
    "1008.2840": [
      2719
    ],
    "1008.4622": [
      8267
    ],
    "1008.4658": [
      1366
    ],
    "1009.0960": [
      1840
    ],
    "1811.06526v3": [
      4621,
      7845
    ],
    "1811.07687v3": [
      330
    ],
    "1812.00346v1": [
      3987
    ],
    "1901.02967v1": [
      302,
      1642
    ],
    "1903.02461v2": [
      1420
    ],
    "1905.12011v2": [
      3071
    ],
    "1908.05497v1": [
      614
    ],
    "2002.12686v1": [
      1737,
      2997
    ],
    "2003.03231v1": [
      5393
    ],
    "2012.00568v1": [
      2858
    ],
    "2101.07698v1": [
      1617
    ],
    "2102.05514v1": [
      1352,
      9824,
      11836,
      12888
    ],
    "2103.11213v1": [
      4511,
      6995,
      7159
    ],
    "2107.00585v1": [
      1193,
      1804,
      3769,
      4723,
      5027,
      5733
    ],
    "2107.09875v2": [
      404,
      2499
    ],
    "2111.05622v1": [
      3592,
      3627,
      3850
    ],
    "2111.06330v2": [
      960,
      990,
      1061,
      1301,
      1538,
      1644,
      1974,
      2112,
      2192,
      2208,
      2539,
      2718,
      2731
    ],
    "2203.15403v1": [
      3382
    ],
    "2203.16433v2": [
      1486,
      7387,
      11012
    ],
    "2204.12850v2": [
      237
    ],
    "2205.13786v3": [
      6505
    ],
    "2206.15136v1": [
      2681
    ],
    "2208.00892v2": [
      14306
    ],
    "2211.06775v1": [
      4525,
      4556,
      8941
    ],
    "2212.01647v1": [
      489,
      5093,
      5320
    ],
    "2212.07323v2": [
      1355
    ],
    "2301.02327v1": [
      4589
    ],
    "2302.00339v2": [
      6059
    ],
    "2304.05168v1": [
      1299
    ],
    "2308.04851v1": [
      4429
    ],
    "2309.11636v1": [
      5199
    ],
    "2311.04376v2": [
      894,
      7157,
      7192,
      9394
    ],
    "2404.14959v1": [
      5209
    ],
    "2405.02614v1": [
      437
    ],
    "2407.17419v2": [
      1840,
      1843
    ],
    "2408.13319v1": [
      531,
      6784
    ],
    "2410.08690v1": [
      510,
      3554
    ],
    "2502.02469v1": [
      4983,
      5499
    ],
    "2504.21148v1": [
      406
    ],
    "2505.09537v1": [
      2560
    ],
    "2508.12708v1": [
      5505
    ],
    "2508.18410v1": [
      9887
    ],
    "2509.18421v1": [
      11613
    ],
    "2509.21521v1": [
      3318
    ],
    "2509.25099v1": [
      7232
    ],
    "2510.26666v2": [
      1381
    ],
    "2511.15347v1": [
      6630
    ]
  }
}