{
  "53470": {
    "0704.3838": [
      310
    ],
    "0705.0877": [
      4935
    ],
    "0705.1730": [
      7613
    ],
    "0705.4351": [
      320
    ],
    "0706.0968": [
      950
    ],
    "0707.1561": [
      5671
    ],
    "0707.3280": [
      1957
    ],
    "0901.2221": [
      3153
    ],
    "0901.4295": [
      1173,
      1665,
      1894,
      1907
    ],
    "0902.0493": [
      505,
      11572
    ],
    "0902.1121": [
      2417,
      2435,
      2437,
      2441,
      2443,
      2721,
      2722,
      2724,
      2725,
      2772
    ],
    "0902.1803": [
      1754,
      6317
    ],
    "0902.2034": [
      1965,
      2011
    ],
    "0902.2873": [
      3284
    ],
    "1007.2008": [
      222,
      280,
      351,
      381,
      393,
      406,
      408,
      426,
      549,
      772,
      907,
      1071,
      1125,
      1163
    ],
    "1008.3609": [
      3,
      27,
      48,
      56,
      142,
      173,
      187,
      295,
      299,
      317,
      334,
      340,
      345,
      356,
      370,
      395,
      402,
      502,
      534,
      558,
      624,
      692,
      754,
      801,
      896,
      924,
      944,
      965,
      981,
      1016,
      1098,
      1112,
      1194,
      1511,
      1525,
      1558,
      1595,
      1614,
      1691
    ],
    "1705.07893v1": [
      88,
      92,
      399,
      416,
      450,
      485,
      566,
      577,
      758,
      1144,
      1246
    ],
    "1706.00094v1": [
      675,
      1253,
      1268,
      1700
    ],
    "1707.05346v1": [
      2526,
      2596
    ],
    "1707.08847v1": [
      12,
      194,
      228,
      251,
      260,
      562,
      569,
      577,
      794,
      1077,
      3118,
      3311,
      3494,
      3534,
      3777,
      3915
    ],
    "1708.03819v1": [
      36,
      164,
      201,
      438,
      679,
      1748,
      1838
    ],
    "1708.07322v1": [
      90,
      473,
      549,
      553,
      567,
      582,
      1179,
      1267,
      1597
    ],
    "1710.01725v1": [
      236,
      252,
      269,
      279,
      292,
      508,
      603,
      654,
      658,
      674,
      686,
      700,
      714,
      728,
      744,
      764,
      770,
      801,
      814,
      852,
      864,
      927,
      1065,
      1112,
      1138,
      1204,
      1221,
      1375,
      1399,
      1572,
      1606,
      1717,
      1810,
      1919,
      2101,
      2109,
      2227,
      2281,
      2349
    ],
    "1710.03004v1": [
      2474,
      2600
    ],
    "1710.04653v2": [
      191,
      2856,
      2880,
      2896,
      2910,
      3433,
      3553
    ],
    "1801.06661v1": [
      249,
      280,
      293,
      307,
      4929
    ],
    "1801.06663v1": [
      185
    ],
    "1801.09389v1": [
      10,
      86,
      139,
      215,
      481,
      626,
      663,
      689,
      962,
      1026,
      1072,
      1133,
      1150,
      1186,
      1207,
      1255,
      1276,
      1373,
      1427,
      1480,
      1490,
      1499,
      1689,
      1701,
      1872,
      2086,
      2256,
      2821,
      2856,
      2873,
      2901,
      2943,
      2960,
      2963,
      2978,
      2994,
      3020,
      3073,
      3116,
      3129,
      3148,
      3164,
      3189
    ],
    "1801.10153v1": [
      99,
      285,
      320,
      349,
      487,
      560,
      570,
      585,
      597,
      623,
      629,
      658,
      674,
      696,
      721,
      738,
      889,
      1070,
      1374,
      1517,
      1554,
      1577,
      1683,
      1723,
      1765,
      1783,
      1825,
      1844,
      1854,
      1887,
      2050
    ],
    "1802.00735v3": [
      630
    ],
    "1802.04154v1": [
      12054,
      12237
    ],
    "1803.03853v1": [
      2589,
      4220,
      4229,
      4307,
      4603,
      6391,
      6396,
      6582,
      6605,
      7699,
      7838,
      7992,
      8037,
      8345
    ],
    "1804.08929v1": [
      103,
      127,
      443,
      2545,
      2564,
      2593,
      2773,
      2971,
      3096,
      3183,
      3204,
      3216,
      3321
    ],
    "1807.01498v2": [
      5,
      53,
      64,
      97,
      196,
      271,
      338,
      357,
      392,
      480,
      532,
      546,
      602,
      606,
      644,
      783,
      787,
      926,
      1585,
      1604,
      1778,
      2299,
      2685,
      2992,
      3224,
      3247,
      3388,
      3647,
      3693,
      3734,
      3747,
      3780,
      3826,
      3850,
      3866,
      3884,
      3890,
      4033,
      4102,
      4126,
      4215,
      4287,
      4303,
      4335,
      4349
    ],
    "1808.05885v1": [
      6551,
      12387,
      13413
    ],
    "1811.02816v1": [
      776,
      806,
      810
    ],
    "1811.09586v1": [
      338,
      2661,
      2676,
      2997,
      3101,
      3134,
      3175
    ],
    "1811.12692v1": [
      3055,
      3114
    ],
    "1901.04961v2": [
      279,
      460,
      1285,
      1447,
      1461,
      3176,
      3338,
      3595,
      3712,
      4007
    ],
    "1902.00961v1": [
      3055
    ],
    "1903.12198v1": [
      926,
      2409
    ],
    "1907.07151v2": [
      494,
      513,
      534,
      4781,
      4924
    ],
    "1907.12813v1": [
      295
    ],
    "1908.06952v1": [
      2158,
      2179,
      2527,
      2590,
      2689
    ],
    "1908.06961v1": [
      2296
    ],
    "1908.08480v1": [
      17,
      45,
      66,
      95,
      111,
      136,
      143,
      179,
      284,
      295,
      301,
      319,
      413,
      472,
      480,
      484,
      507,
      519,
      723,
      735,
      898,
      921,
      933,
      949,
      956,
      969,
      979,
      1021,
      1057,
      1100,
      1112,
      1129,
      1150,
      1177,
      1195,
      1235,
      1318,
      1397,
      1408,
      1433,
      1454,
      1514,
      1530,
      1536,
      1606,
      1615,
      1629,
      1691,
      1730,
      1835,
      1847,
      1897,
      1945,
      1950,
      1956,
      1975,
      1984,
      2020,
      2031,
      2044,
      3069
    ],
    "1909.08615v1": [
      321,
      2011,
      2099,
      2164
    ],
    "1910.14037v1": [
      8,
      88,
      137,
      150,
      202,
      278,
      288,
      370,
      423,
      455,
      470,
      505,
      523,
      551,
      616,
      753,
      864,
      870,
      1194,
      1270,
      1630,
      1710,
      1821,
      1871,
      1876,
      2081,
      2106,
      2123,
      2236,
      2309,
      2453,
      2476,
      2493,
      2554,
      2567,
      2591,
      2627,
      2640,
      2666,
      2704,
      2738,
      2763,
      2791
    ],
    "1912.04482v1": [
      1541,
      6312
    ],
    "2002.02832v1": [
      3617
    ],
    "2007.00660v1": [
      2046
    ],
    "2007.12030v1": [
      411
    ],
    "2011.00208v1": [
      3986,
      4824,
      5073,
      5758,
      5832,
      6128,
      6149,
      6190,
      6703
    ],
    "2101.07037v1": [
      2060
    ],
    "2102.03536v1": [
      472,
      547,
      619
    ],
    "2103.16778v4": [
      5989,
      5993
    ],
    "2104.02186v1": [
      3215
    ],
    "2104.09242v1": [
      2990,
      3255,
      3755
    ],
    "2105.05118v1": [
      2409
    ],
    "2105.05819v1": [
      4152
    ],
    "2105.09620v1": [
      4862,
      4883,
      4939,
      5008,
      5116,
      5124,
      5147,
      5308
    ],
    "2106.12721v1": [
      88
    ],
    "2106.15843v1": [
      2090,
      6680
    ],
    "2107.03151v3": [
      5161,
      5272,
      5321,
      5553
    ],
    "2107.03181v1": [
      1372,
      5342
    ],
    "2107.04272v1": [
      4294,
      4297,
      5180
    ],
    "2108.13788v3": [
      386,
      3303,
      3332
    ],