{
  "21227": {
    "0704.0730": [
      1799
    ],
    "0704.2114": [
      7021
    ],
    "0704.2428": [
      52,
      2193
    ],
    "0704.2614": [
      1490
    ],
    "0704.2771": [
      3715
    ],
    "0705.0250": [
      6214
    ],
    "0705.0492": [
      1456
    ],
    "0705.4267": [
      2157
    ],
    "0706.0247": [
      1628
    ],
    "0706.1355": [
      4720
    ],
    "0706.2520": [
      3755
    ],
    "0706.4077": [
      1375
    ],
    "0707.0927": [
      1453
    ],
    "0707.1888": [
      1226
    ],
    "0707.2352": [
      2026,
      2042
    ],
    "0707.2985": [
      253
    ],
    "0707.3115": [
      253,
      263
    ],
    "0707.3217": [
      230
    ],
    "0707.3272": [
      268
    ],
    "0707.3303": [
      15
    ],
    "0812.5002": [
      1195,
      1229
    ],
    "0812.5003": [
      913,
      922
    ],
    "0901.0235": [
      12833,
      13159,
      13173
    ],
    "0901.1339": [
      1583,
      1616
    ],
    "0901.2132": [
      1488
    ],
    "0901.4615": [
      1686
    ],
    "0901.4846": [
      3431
    ],
    "0902.0582": [
      151
    ],
    "0902.1088": [
      2982,
      3466,
      3918
    ],
    "0902.1736": [
      3834
    ],
    "0902.2637": [
      965,
      1092,
      1387,
      2647
    ],
    "0902.2821": [
      4111,
      4196
    ],
    "0902.2992": [
      2650,
      2774,
      2862,
      3061,
      3093,
      3342,
      5217,
      5867,
      5872,
      5896,
      5963,
      5971,
      5978,
      5990,
      6007
    ],
    "1007.1745": [
      1933
    ],
    "1007.2689": [
      2139,
      3974,
      4054
    ],
    "1007.4055": [
      1977,
      2008
    ],
    "1008.0673": [
      2231
    ],
    "1008.2081": [
      12
    ],
    "1008.2504": [
      2614,
      2618
    ],
    "1008.5325": [
      1904
    ],
    "2506.17523v2": [
      4150
    ]
  },
  "49949": {
    "2511.10927v1": [
      34334
    ]
  }
}