{
  "23310": {
    "0705.1139": [
      4085
    ],
    "0705.2008": [
      14767
    ],
    "0706.0533": [
      2092
    ],
    "0706.1399": [
      12
    ],
    "0707.0323": [
      11
    ],
    "0707.0479": [
      1699
    ],
    "0707.1064": [
      9,
      20
    ],
    "0707.1332": [
      17,
      2836,
      2844,
      2858,
      2865,
      2871
    ],
    "0707.3300": [
      1680,
      1686
    ],
    "0707.3811": [
      6649
    ],
    "0901.2159": [
      1614,
      1735
    ],
    "0901.2588": [
      1794
    ],
    "0901.4316": [
      581
    ],
    "0901.4379": [
      18
    ],
    "0902.0838": [
      6,
      3506
    ],
    "0902.1860": [
      578
    ],
    "0902.3250": [
      2262,
      2341
    ],
    "1007.3799": [
      3
    ],
    "1007.5075": [
      4757
    ],
    "1007.5171": [
      2483
    ],
    "1008.0235": [
      30
    ],
    "1008.0619": [
      10
    ],
    "1008.1955": [
      3148
    ],
    "1008.3301": [
      3856
    ],
    "1008.3352": [
      1087
    ],
    "1008.5196": [
      2797
    ],
    "1910.02797v1": [
      496,
      1501,
      1637,
      1686,
      4185,
      4248
    ],
    "2012.06116v1": [
      40877
    ],
    "2104.07862v1": [
      3968
    ],
    "2106.15834v1": [
      2359
    ],
    "2109.14428v1": [
      4980
    ],
    "2207.07534v1": [
      3696
    ],
    "2211.16862v3": [
      3584
    ],
    "2302.05588v1": [
      18
    ],
    "2307.12191v1": [
      3202
    ],
    "2505.03267v1": [
      18
    ],
    "2508.11217v1": [
      15,
      41
    ],
    "2508.14112v2": [
      7422
    ],
    "2509.09776v1": [
      4423
    ],
    "2510.02821v1": [
      36
    ]
  }
}