{
  "17989": {
    "1708.07322v1": [
      427,
      469,
      507,
      685,
      866,
      1021,
      1242,
      1413,
      1647,
      2271
    ],
    "1907.07151v2": [
      571,
      577,
      590,
      668,
      1308,
      1336,
      4910,
      4939,
      5678,
      5697
    ],
    "1907.12813v1": [
      299
    ],
    "1910.14037v1": [
      424,
      2568
    ],
    "2107.03181v1": [
      1384,
      1403,
      1416
    ],
    "2107.04272v1": [
      637,
      683,
      726,
      747,
      810,
      1031,
      1398,
      3150,
      3781,
      4295,
      4671,
      5181
    ],
    "2108.11108v1": [
      1275
    ]
  }
}