{
  "47246": {
    "0705.1527": [
      2261
    ],
    "0901.1978": [
      1407
    ],
    "0901.3505": [
      13
    ],
    "0902.0815": [
      254
    ],
    "1007.1943": [
      2418
    ],
    "1007.3817": [
      2025
    ],
    "1007.4106": [
      6253
    ],
    "1008.3156": [
      1740
    ],
    "2511.07188v1": [
      903,
      1007,
      1065,
      1069
    ],
    "2511.12911v1": [
      314,
      5212,
      5498,
      5703,
      5725
    ]
  },
  "7724": {
    "0706.3798": [
      1514
    ],
    "0707.1218": [
      382,
      413,
      1615
    ],
    "0707.1823": [
      555,
      840
    ],
    "0901.2664": [
      536
    ],
    "0901.3450": [
      34,
      51,
      323
    ],
    "0902.1642": [
      211,
      2642
    ],
    "1007.1291": [
      697
    ],
    "1007.2155": [
      2407
    ],
    "1007.3245": [
      1891
    ],
    "1007.4063": [
      1632,
      1640
    ],
    "1007.4189": [
      3688
    ],
    "1007.4197": [
      2888
    ],
    "1007.4694": [
      536,
      581
    ],
    "1007.4853": [
      8
    ],
    "1008.1282": [
      1590,
      1597,
      1609
    ],
    "1008.1396": [
      4103
    ],
    "1008.4936": [
      9220
    ],
    "1008.5193": [
      790
    ],
    "1708.07322v1": [
      1287,
      1288,
      1304,
      1318,
      1347
    ],
    "1708.08803v1": [
      908
    ],
    "1711.05892v2": [
      237,
      244
    ],
    "1801.06661v1": [
      2256,
      2299,
      2315,
      3172,
      3246,
      3563
    ],
    "1801.08946v2": [
      1200
    ],
    "1803.03853v1": [
      1743,
      1753,
      1765,
      1777,
      1820,
      2926
    ],
    "1804.08929v1": [
      1440
    ],
    "1805.01265v1": [
      1927,
      3620
    ],
    "1808.05084v1": [
      507,
      598,
      824,
      1348,
      1485,
      1510,
      1565,
      1941,
      2357,
      2415,
      2436,
      2653,
      3337,
      3407,
      3490,
      3522,
      3543,
      3568,
      3702,
      3799
    ],
    "1901.02967v1": [
      952,
      1069
    ],
    "1901.04088v1": [
      160,
      724,
      730,
      1961,
      2087,
      2148,
      2459,
      2775,
      2839,
      2907,
      2924,
      2957,
      3034,
      3044,
      3051,
      3059,
      3423
    ],
    "1902.04189v2": [
      2271,
      2277
    ],
    "1903.09828v1": [
      1378,
      1409,
      1737,
      1766,
      1812,
      1843,
      1908,
      1919,
      2059,
      2070,
      2170,
      2191,
      4913,
      6136,
      6343,
      6584,
      6593,
      7008,
      7257,
      7409,
      7618,
      7638,
      7690,
      7733,
      7751,
      7755,
      7840
    ],
    "1904.04284v2": [
      465,
      1137,
      3408
    ],
    "1905.01073v1": [
      1904
    ],
    "1905.06694v1": [
      360
    ],
    "1906.07790v3": [
      890,
      897,
      1010,
      1016,
      1024,
      1032,
      1040,
      1051,
      1059,
      1067,
      1078,
      1086,
      1094,
      1884,
      2662,
      2951
    ],
    "1906.10452v1": [
      2541,
      3975
    ],
    "1906.12178v1": [
      484,
      1457,
      1463,
      1809,
      2688
    ],
    "1906.12318v1": [
      1662,
      2162,
      2582,
      3059
    ],
    "1908.04730v1": [
      3725
    ],
    "1908.11785v3": [
      5028
    ],
    "1909.01814v1": [
      1672
    ],
    "1909.03247v1": [
      508,
      1107,
      1398,
      1473
    ],
    "1909.11632v1": [
      3645
    ],
    "1910.00672v4": [
      2930
    ],
    "1912.02271v1": [
      1007
    ],
    "1912.02581v1": [
      461
    ],
    "2002.04080v1": [
      558
    ],
    "2007.07699v2": [
      979,
      995,
      1802,
      1823,
      2293,
      3526,
      3571,
      3653,
      3765,
      3778,
      3835,
      4647,
      4735,
      4765,
      4782,
      4854,
      5084,
      5569,
      5581
    ],
    "2010.04122v1": [
      1125
    ],
    "2012.00117v1": [
      2110
    ],
    "2012.07407v2": [
      4231
    ],
    "2101.03401v1": [
      1463
    ],
    "2101.10691v1": [
      1190
    ],
    "2101.12139v1": [
      192,
      1247,
      1388,
      1450,
      1619,
      1682,
      1764,
      1816,
      1839,
      2264,
      2522,
      2541,
      2587,
      2597,
      2616,
      2624,
      2698,
      2715,
      2724,
      3233,
      3385,
      4041,
      4057,
      4494,
      4524,
      4561,
      4617,
      4695,
      4788,
      5190,
      5239,
      6096
    ],
    "2102.04181v1": [
      2284
    ],
    "2103.08254v2": [
      674,
      699
    ],
    "2104.10960v1": [
      1797
    ],
    "2104.14960v1": [
      1383
    ],
    "2106.15491v1": [
      3897
    ],
    "2108.01435v2": [
      10670
    ],
    "2108.01945v2": [
      2190,
      3520,
      6163,
      6173
    ],
    "2111.13193v1": [
      55,
      259,
      490,
      1033,
      1210,
      1513,
      1520,
      1876
    ],
    "2112.08668v1": [
      1490,
      1860
    ],
    "2112.09954v1": [
      748
    ],
    "2201.07426v1": [
      3813
    ],
    "2204.00660v1": [
      2646
    ],
    "2206.01915v2": [
      596,
      3493,
      4009
    ],
    "2206.15175v1": [
      284,
      295
    ],
    "2210.06618v2": [
      4989
    ],
    "2212.02707v1": [
      1802,
      1808,
      1817
    ],
    "2301.02189v1": [
      1103,
      3807,
      5178,
      5449
    ],
    "2301.05583v1": [
      289,
      1657
    ],
    "2302.06893v2": [
      2371,
      2550,
      2563,
      2624,
      4922,
      4937,
      5063
    ],
    "2303.13268v1": [
      3927
    ],
    "2305.01565v1": [
      457,
      1102,
      1271,
      1591,
      1972,
      2025,
      2723,
      2744,
      2749,
      2758,
      3122
    ],
    "2307.01747v2": [
      2962
    ],
    "2307.03564v1": [
      1356,
      1431,
      1828,
      1910,
      2489,
      2511,
      2522,
      2535,
      2566,
      2575,
      2612
    ],
    "2308.07481v1": [
      1157
    ],
    "2308.13723v1": [
      87,
      1568
    ],
    "2310.08941v1": [
      1464,
      1792
    ],
    "2311.16615v1": [
      136,
      561,
      720,
      732,
      1008,
      1255
    ],
    "2312.11130v2": [
      476,
      661
    ],
    "2404.10471v1": [
      1056,
      1331,
      4537
    ],
    "2405.11259v1": [
      1286,
      3069
    ],
    "2407.09389v1": [
      949,
      1659,
      5901
    ],
    "2407.15966v1": [
      4789
    ],
    "2408.01045v1": [
      325,
      572
    ],
    "2408.13562v1": [
      1709
    ],
    "2410.03354v3": [
      1419
    ],
    "2411.18326v1": [
      2476
    ],
    "2412.06816v1": [
      1829,
      2096,
      2103
    ],
    "2504.06176v2": [
      2566,
      3642
    ],
    "2505.05820v1": [
      606,
      637,
      653,
      804,
      815,
      906,
      914,
      918,
      923,
      950,
      969,
      1068,
      1088,
      1125,
      1134,
      1146,
      1164,
      1214,
      1230,
      1241,
      1355,
      1360,
      1374,
      1418,
      1428,
      1449,
      1484,
      1494,
      1545,
      1561,
      1570,
      1589,
      1599,
      1649,
      1655,
      1660,
      1750,
      1759,
      1769,
      1825,
      1971,
      1993,
      2026,
      2109,
      2115,
      2143,
      2166,
      2187
    ],
    "2505.06167v1": [
      1593,
      2073,
      2093
    ],
    "2505.06192v1": [
      2286,
      2829
    ],
    "2505.09773v1": [
      526,
      3605
    ],
    "2505.17896v1": [
      1061
    ],
    "2506.07858v1": [
      343
    ],
    "2506.17985v1": [
      624,
      635,
      814,
      861,
      877,
      2460,
      2484,
      2554
    ],
    "2510.03026v2": [
      4234
    ],
    "2511.02985v1": [
      6355
    ],
    "2511.05429v1": [
      2224
    ],
    "2511.08473v1": [
      768
    ],
    "2511.09040v1": [
      1759
    ],