{
  "18855": {
    "0704.0790": [
      10023
    ],
    "0704.2857": [
      8898,
      9405
    ],
    "0704.3502": [
      8,
      237,
      783,
      1131,
      1533,
      1989,
      2241,
      2610,
      2942,
      3156,
      3468,
      3767,
      4061,
      4394,
      4758,
      5171,
      5460
    ],
    "0705.0437": [
      2158
    ],
    "0705.1537": [
      174
    ],
    "0705.4128": [
      4527
    ],
    "0705.4141": [
      5786
    ],
    "0706.0640": [
      303
    ],
    "0706.3991": [
      8,
      23
    ],
    "0706.4284": [
      16,
      25
    ],
    "0706.4383": [
      5
    ],
    "0707.0523": [
      1285
    ],
    "0707.0736": [
      15
    ],
    "0707.3185": [
      16
    ],
    "0708.0117": [
      1098
    ],
    "0812.4979": [
      128
    ],
    "0901.2313": [
      563,
      1871
    ],
    "0901.3695": [
      11,
      25
    ],
    "0901.3866": [
      10,
      199,
      591,
      955,
      1308,
      1559,
      1851,
      2033,
      2365,
      2701,
      3069
    ],
    "0902.1048": [
      18
    ],
    "0902.2839": [
      2875
    ],
    "0902.2896": [
      14
    ],
    "1007.0817": [
      24
    ],
    "1007.1047": [
      1379
    ],
    "1007.1146": [
      2296
    ],
    "1007.1595": [
      4382
    ],
    "1007.1968": [
      101
    ],
    "1007.3572": [
      3481
    ],
    "1007.3803": [
      7
    ],
    "1007.4562": [
      5877
    ],
    "1008.0331": [
      1405
    ],
    "1008.0404": [
      4
    ],
    "1008.1012": [
      2918
    ],
    "1008.2030": [
      1560
    ],
    "1008.2111": [
      3638
    ],
    "1008.2123": [
      904
    ],
    "1009.0138": [
      9039,
      10702,
      13256,
      13264,
      13278
    ],
    "1009.0477": [
      1113
    ],
    "1009.0629": [
      8
    ],
    "1009.0685": [
      18,
      229,
      826,
      1111,
      1569,
      1918,
      2179,
      2353,
      2649,
      2796
    ],
    "1706.08428v2": [
      1237,
      3783
    ],
    "1901.07854v1": [
      13,
      1019,
      1904,
      2461,
      3381,
      5106,
      5878,
      6521
    ],
    "1902.04417v2": [
      18,
      965,
      2121,
      3049,
      3797,
      4548,
      5472,
      6075
    ],
    "1902.05048v1": [
      17,
      1004,
      1888,
      2591,
      3359,
      4298,
      4929,
      5818,
      6304,
      6939
    ],
    "2106.15843v1": [
      5204
    ],
    "2107.11223v2": [
      15
    ],
    "2109.04366v2": [
      17
    ],
    "2211.03868v1": [
      13
    ],
    "2508.05893v1": [
      6731
    ],
    "2511.09296v1": [
      19
    ],
    "2511.09296v2": [
      19
    ]
  },
  "44015": {
    "0704.0962": [
      408
    ],
    "1008.4751": [
      851
    ]
  },
  "28178": {
    "0704.2779": [
      2667
    ],
    "0704.2790": [
      1272
    ],
    "0704.2929": [
      12004
    ],
    "0704.3808": [
      1683,
      1708,
      1729
    ],
    "0705.0721": [
      4087
    ],
    "0705.1845": [
      6701
    ],
    "0901.3418": [
      4422
    ],
    "0902.2685": [
      5058
    ],
    "0902.3119": [
      1968,
      1978
    ],
    "1007.0918": [
      2453
    ],
    "1008.2327": [
      5037
    ],
    "1806.01218v1": [
      11
    ],
    "2107.05872v1": [
      2951
    ],
    "2406.02201v1": [
      7967
    ]
  }
}