{
  "22683": {
    "0704.0058": [
      201
    ],
    "0705.3433": [
      515
    ],
    "0706.1028": [
      1515
    ],
    "0706.2363": [
      495
    ],
    "0706.4272": [
      572,
      576,
      1063
    ],
    "0707.1163": [
      4266,
      4270,
      4272,
      4301,
      4303,
      4331
    ],
    "1007.3018": [
      611
    ],
    "1008.1127": [
      191
    ],
    "1811.06526v3": [
      7516
    ],
    "2005.12303v2": [
      4660
    ],
    "2510.16630v1": [
      303
    ]
  },
  "6121": {
    "0704.0144": [
      27,
      111,
      124,
      141,
      160,
      256,
      272,
      407,
      415,
      589,
      785,
      844,
      879,
      1034,
      1135,
      1159,
      1200
    ],
    "0704.0221": [
      1037
    ],
    "0704.0240": [
      4084
    ],
    "0704.0399": [
      145
    ],
    "0704.0487": [
      1433
    ],
    "0704.0646": [
      3762,
      4252,
      4321,
      4557,
      7044
    ],
    "0704.0647": [
      160
    ],
    "0704.1026": [
      83
    ],
    "0704.1054": [
      202
    ],
    "0704.1132": [
      1670,
      1680,
      1900,
      10606
    ],
    "0704.1746": [
      1057
    ],
    "0704.1814": [
      6,
      41,
      133,
      228,
      330,
      386,
      397,
      3286,
      3350,
      3387,
      3398,
      3481,
      3513,
      3526,
      3533,
      3845,
      3850,
      4602,
      4860,
      5653,
      5663,
      5802,
      5855,
      5866,
      5883,
      5889,
      5899,
      5927,
      5975,
      6199,
      6662,
      6749
    ],
    "0704.2298": [
      1090
    ],
    "0704.2372": [
      4712
    ],
    "0704.2630": [
      1833
    ],
    "0704.2816": [
      205
    ],
    "0704.3374": [
      3396,
      4008
    ],
    "0704.3473": [
      31,
      148,
      177,
      482,
      979,
      2825,
      3615,
      3647,
      3755,
      4115,
      4183,
      4507,
      4719,
      4801
    ],
    "0704.3579": [
      303,
      409,
      2384
    ],
    "0704.3606": [
      997
    ],
    "0704.3653": [
      3452
    ],
    "0704.3719": [
      670
    ],
    "0705.0016": [
      8443,
      11299
    ],
    "0705.0147": [
      3031,
      3138
    ],
    "0705.0164": [
      39,
      806,
      2051,
      2671,
      2690,
      2723,
      2886,
      2919,
      2920,
      2944,
      2971,
      3003,
      3018,
      3036,
      3152,
      3162,
      3173,
      4944,
      4946,
      5255,
      5445,
      5558,
      6007,
      6308,
      7334,
      7420,
      7439,
      8036,
      8151,
      8249,
      8420,
      9667,
      10161,
      10859,
      11348,
      11360,
      11369,
      11435,
      11465,
      11476,
      11595,
      11613,
      11622,
      11627
    ],
    "0705.0267": [
      32,
      37,
      59,
      80,
      81,
      97,
      132,
      161,
      173,
      182,
      259,
      268,
      280,
      303,
      344,
      447,
      471,
      476,
      496,
      507,
      516,
      531,
      552,
      589,
      597,
      606,
      611
    ],
    "0705.0898": [
      934
    ],
    "0705.1160": [
      8,
      66,
      818,
      2420,
      2461,
      2687,
      2695,
      2737,
      2749,
      2816,
      2853,
      2885,
      3021
    ],
    "0705.1178": [
      29,
      38,
      123,
      135,
      163,
      167,
      525,
      2166,
      2239,
      2268,
      2609,
      2815,
      4241
    ],
    "0705.1192": [
      1567,
      2012
    ],
    "0705.1772": [
      955
    ],
    "0705.1816": [
      2878
    ],
    "0705.1951": [
      3762
    ],
    "0705.2048": [
      419
    ],
    "0705.2146": [
      304,
      396,
      3305,
      3311,
      3343,
      3406
    ],
    "0705.2197": [
      935
    ],
    "0705.2494": [
      1949
    ],
    "0705.2525": [
      344,
      695,
      831,
      969
    ],
    "0705.2562": [
      195,
      282,
      2312
    ],
    "0705.3433": [
      772
    ],
    "0705.3489": [
      1062
    ],
    "0705.3494": [
      140
    ],
    "0705.4141": [
      438,
      1117,
      5817,
      5824,
      5834,
      5993,
      6196
    ],
    "0705.4145": [
      2906
    ],
    "0705.4149": [
      1486
    ],
    "0705.4514": [
      2796
    ],
    "0705.4562": [
      1614
    ],
    "0706.0174": [
      1998
    ],
    "0706.0205": [
      2838
    ],
    "0706.0572": [
      5,
      34,
      47,
      67,
      104,
      115,
      134,
      141,
      218,
      397,
      439,
      539,
      545,
      560,
      563,
      567,
      601,
      607,
      617,
      622,
      626,
      637,
      642,
      646,
      654,
      686,
      691,
      701,
      727,
      729,
      738,
      744,
      752,
      756,
      766,
      776,
      826,
      838,
      849,
      884,
      890,
      896,
      902,
      912,
      925,
      961,
      1048
    ],
    "0706.0603": [
      127,
      1153
    ],
    "0706.0842": [
      2239,
      2257
    ],
    "0706.1629": [
      20,
      78,
      160,
      438,
      1167,
      1418
    ],
    "0706.1691": [
      6,
      31,
      103,
      106,
      114,
      139,
      164,
      168,
      177,
      182,
      188,
      193,
      201,
      210,
      213,
      295,
      301,
      307,
      318,
      322,
      328,
      346,
      357,
      367,
      374,
      414,
      416,
      427,
      447,
      510,
      537
    ],
    "0706.1843": [
      323
    ],
    "0706.1988": [
      8210
    ],
    "0706.2207": [
      969
    ],
    "0706.2594": [
      1974
    ],
    "0706.3201": [
      5,
      25,
      206,
      306,
      388,
      676,
      5216,
      5242
    ],
    "0706.3525": [
      1927
    ],
    "0706.3599": [
      427
    ],
    "0706.4157": [
      211
    ],
    "0706.4400": [
      1162
    ],
    "0706.4431": [
      141,
      205,
      216,
      1245
    ],
    "0707.0033": [
      2844
    ],
    "0707.0034": [
      1472
    ],
    "0707.0239": [
      443,
      471
    ],
    "0707.0726": [
      134,
      237,
      383,
      393,
      489,
      840
    ],
    "0707.0736": [
      315
    ],
    "0707.0834": [
      1468
    ],
    "0707.2081": [
      371,
      379,
      489,
      1386,
      1515,
      1691,
      1709,
      1742,
      1770,
      1945,
      3172
    ],
    "0707.2192": [
      1559
    ],
    "0707.2305": [
      559
    ],
    "0707.2583": [
      3,
      23,
      195,
      213,
      298,
      354,
      396,
      688,
      716,
      924,
      1658,
      1669,
      2170,
      2298,
      2410,
      2560,
      2633
    ],
    "0707.3350": [
      2935,
      6358,
      7805,
      7814,
      7820,
      8449
    ],
    "0707.3378": [
      398,
      3949,
      4356,
      4879,
      5379,
      5417
    ],
    "0707.3471": [
      42,
      55,
      62,
      94,
      110,
      143,
      274,
      288,
      313,
      315,
      330,
      341,
      356,
      474,
      516,
      524,
      560,
      583,
      612,
      684,
      732,
      770,
      783,
      787,
      806,
      819,
      826,
      836,
      848,
      863,
      954,
      1172,
      1183,
      1190,
      1199,
      1230
    ],
    "0707.3786": [
      4397
    ],
    "0707.3795": [
      1906
    ],
    "0707.3826": [
      73,
      1739,
      1800
    ],
    "0707.4181": [
      3467
    ],
    "0707.4334": [
      1408
    ],
    "0707.4403": [
      2056
    ],
    "0707.4679": [
      2462
    ],
    "0708.0022": [
      5650,
      5658
    ],
    "0812.4703": [
      132,
      200,
      2211
    ],
    "0812.4852": [
      9049,
      12142,
      15870
    ],
    "0812.4946": [
      3355
    ],
    "0901.0007": [
      0,
      281,
      5190,
      5365
    ],
    "0901.0241": [
      5176
    ],
    "0901.0265": [
      928
    ],
    "0901.0439": [
      974
    ],