{
  "51858": {
    "0704.1104": [
      406
    ],
    "0704.1389": [
      2317,
      2337
    ],
    "0704.2488": [
      2076
    ],
    "0704.2817": [
      5004
    ],
    "0704.3225": [
      1675
    ],
    "0704.3535": [
      6264
    ],
    "0704.3643": [
      2920
    ],
    "0704.3907": [
      11125,
      18973
    ],
    "0705.1057": [
      15
    ],
    "0705.3083": [
      226
    ],
    "0705.4325": [
      5339
    ],
    "0706.0010": [
      317
    ],
    "0706.0073": [
      2959
    ],
    "0706.0081": [
      2753
    ],
    "0706.0277": [
      987,
      1036
    ],
    "0706.1534": [
      416
    ],
    "0706.2392": [
      615
    ],
    "0706.2394": [
      773
    ],
    "0706.2768": [
      605
    ],
    "0706.2966": [
      7444
    ],
    "0706.3148": [
      356
    ],
    "0706.3592": [
      2202
    ],
    "0706.3856": [
      470
    ],
    "0706.4481": [
      1743
    ],
    "0707.1596": [
      11047
    ],
    "0707.1647": [
      523
    ],
    "0707.3286": [
      3988
    ],
    "0707.3577": [
      2757
    ],
    "0901.0296": [
      1948
    ],
    "0901.1135": [
      720
    ],
    "0901.2027": [
      2648,
      2812
    ],
    "0901.2490": [
      669
    ],
    "0901.3003": [
      1403
    ],
    "0901.3211": [
      1617
    ],
    "0901.3975": [
      324,
      33317,
      33321
    ],
    "0901.4937": [
      10841
    ],
    "0902.0224": [
      3798
    ],
    "0902.0745": [
      875,
      1227
    ],
    "0902.1537": [
      206
    ],
    "0902.2073": [
      6504
    ],
    "1007.0838": [
      6248,
      6305
    ],
    "1007.1134": [
      1106,
      1107
    ],
    "1007.4282": [
      2800
    ],
    "1007.4354": [
      471
    ],
    "1007.4607": [
      1153
    ],
    "1007.4800": [
      842,
      860,
      1735
    ],
    "1008.2817": [
      970
    ],
    "1008.4029": [
      760
    ],
    "1008.4174": [
      310
    ],
    "1008.4361": [
      3881
    ],
    "1008.4410": [
      824
    ],
    "1008.4440": [
      2886,
      2888
    ],
    "1008.4613": [
      1545,
      1571
    ],
    "1009.0075": [
      189
    ],
    "1705.00701v1": [
      2482
    ],
    "1908.02533v1": [
      2916
    ],
    "2006.11839v2": [
      2068
    ],
    "2007.07530v3": [
      4457
    ],
    "2107.04692v1": [
      3566
    ],
    "2511.10927v1": [
      55986
    ]
  }
}