{
  "23149": {
    "0704.0355": [
      2346
    ],
    "0704.0530": [
      3267,
      3277,
      3284
    ],
    "0704.3567": [
      3348
    ],
    "0705.0202": [
      3050
    ],
    "0705.0212": [
      4032
    ],
    "0705.3389": [
      1274
    ],
    "0706.0289": [
      2898
    ],
    "0706.1636": [
      2601
    ],
    "0706.1921": [
      843
    ],
    "0706.3102": [
      1914
    ],
    "0706.3260": [
      3269
    ],
    "0706.4232": [
      1033
    ],
    "0706.4291": [
      3034
    ],
    "0707.1980": [
      18
    ],
    "0707.3078": [
      446
    ],
    "0708.0041": [
      2494
    ],
    "0812.4033": [
      726
    ],
    "0901.3567": [
      2402,
      2431,
      2707
    ],
    "0901.4112": [
      3072
    ],
    "0901.4572": [
      2075
    ],
    "0902.0171": [
      2634
    ],
    "0902.0434": [
      912,
      1940
    ],
    "0902.0679": [
      78
    ],
    "0902.0768": [
      2799
    ],
    "0902.2776": [
      5114
    ],
    "1007.2171": [
      14
    ],
    "1007.2366": [
      1659
    ],
    "1007.4058": [
      3041
    ],
    "1007.4953": [
      1988
    ],
    "1008.1893": [
      1362
    ],
    "1008.2883": [
      3253
    ],
    "1008.3004": [
      1915
    ],
    "1008.3789": [
      656
    ],
    "2108.01435v2": [
      27687
    ],
    "2207.08473v1": [
      3562
    ],
    "2210.14399v1": [
      914
    ],
    "2402.18691v1": [
      5841
    ],
    "2508.10169v1": [
      4888
    ],
    "2509.06886v2": [
      16077
    ],
    "2510.11922v1": [
      1463,
      5120
    ],
    "2510.15023v2": [
      3859,
      4164,
      4289
    ],
    "2511.12839v1": [
      10481
    ],
    "2511.14678v1": [
      2464
    ],
    "2511.15521v1": [
      992
    ]
  },
  "33898": {
    "0706.2744": [
      803,
      806
    ],
    "0707.0771": [
      7929,
      7932
    ],
    "1008.4308": [
      4015
    ],
    "1008.4760": [
      3397
    ],
    "2506.20236v2": [
      3261
    ],
    "2508.03812v1": [
      1892,
      2221,
      2246,
      2365,
      2391,
      2403,
      2455,
      2504,
      2640,
      2651,
      2661,
      2726,
      2750,
      2924,
      3010,
      3057,
      3265,
      3297,
      3377,
      3472,
      3537,
      3610,
      3621,
      3912,
      4093,
      4259,
      4371,
      4489,
      5625,
      6027,
      6344,
      6406,
      7105,
      7130,
      7448,
      7503,
      7508
    ],
    "2508.19046v1": [
      1184,
      1630,
      1667,
      1686,
      4928,
      4946
    ],
    "2509.06729v1": [
      1198,
      1265,
      1311,
      1605,
      1610
    ],
    "2509.16761v1": [
      2138
    ],
    "2510.15832v1": [
      4789,
      5118
    ]
  }
}