{
  "32110": {
    "0705.2011": [
      18
    ],
    "0705.2441": [
      6133
    ],
    "0706.0554": [
      10
    ],
    "0706.1110": [
      11
    ],
    "0707.2247": [
      4880
    ],
    "0812.4360": [
      22,
      4964,
      5079,
      5089,
      5100,
      5376
    ],
    "0812.5094": [
      23365
    ],
    "0901.1968": [
      7,
      221
    ],
    "0902.0615": [
      2355
    ],
    "1009.0436": [
      739
    ],
    "1807.08533v1": [
      4868,
      4899
    ],
    "2107.11062v1": [
      3678,
      3709
    ],
    "2108.01362v1": [
      3882
    ],
    "2108.01370v1": [
      5745
    ],
    "2112.02243v3": [
      4477
    ],
    "2304.05709v1": [
      6576
    ],
    "2511.08766v1": [
      7375
    ]
  }
}