{
  "30160": {
    "0704.1132": [
      2299,
      2338
    ],
    "0704.2999": [
      3198,
      3204,
      3210,
      3336
    ],
    "0708.0282": [
      699,
      2195
    ],
    "0901.0399": [
      3249
    ],
    "0902.0180": [
      19463
    ],
    "0902.2969": [
      287,
      289,
      21702,
      21704,
      21978,
      21980
    ],
    "1007.1025": [
      531,
      989
    ],
    "1008.3561": [
      21488
    ],
    "1009.0207": [
      2152
    ],
    "1009.0267": [
      6101,
      6107
    ],
    "1009.1411": [
      452
    ],
    "2311.13429v1": [
      2987
    ],
    "2409.12648v1": [
      2407
    ],
    "2507.07616v2": [
      4310
    ],
    "2509.09776v1": [
      3677
    ],
    "2509.11837v1": [
      1243
    ]
  },
  "31545": {
    "0902.2808": [
      1570,
      1576,
      1584,
      1651,
      2533
    ]
  }
}