{
  "17931": {
    "0706.3720": [
      5359,
      5440
    ],
    "0707.0609": [
      526
    ],
    "0812.3875": [
      1166
    ],
    "0901.2029": [
      2146
    ],
    "0901.2748": [
      229,
      1199
    ],
    "0901.2954": [
      1086,
      1105,
      1130
    ],
    "0901.4961": [
      2202,
      2282
    ],
    "1007.5406": [
      8963,
      9289
    ],
    "1008.0035": [
      2321
    ],
    "1008.3597": [
      991
    ],
    "2103.11213v1": [
      7031
    ],
    "2201.03148v1": [
      2666
    ],
    "2205.13786v3": [
      6683
    ],
    "2307.03328v1": [
      8397
    ],
    "2307.08186v1": [
      4242
    ],
    "2312.00734v2": [
      3272
    ],
    "2403.17304v1": [
      6958
    ],
    "2403.18584v1": [
      3143
    ],
    "2406.12730v1": [
      3829
    ],
    "2407.08539v1": [
      8947,
      22978,
      23079
    ],
    "2411.17703v1": [
      1841
    ],
    "2502.15067v1": [
      3802
    ],
    "2505.13977v1": [
      3421
    ],
    "2509.07083v1": [
      6605
    ],
    "2509.13158v1": [
      2780
    ],
    "2511.02871v1": [
      11723,
      30000
    ],
    "2511.02985v1": [
      9751,
      9904
    ],
    "2511.07191v1": [
      3621
    ],
    "2511.09040v1": [
      5890
    ]
  }
}