{
  "20502": {
    "0704.0272": [
      2592
    ],
    "0705.3470": [
      3145
    ],
    "0706.0945": [
      3076,
      3173,
      3179
    ],
    "0706.3343": [
      81,
      2589
    ],
    "0707.0804": [
      1647,
      2786
    ],
    "0707.1841": [
      2086,
      2137
    ],
    "0707.1857": [
      4068
    ],
    "0902.1059": [
      2154
    ],
    "1007.1169": [
      434
    ],
    "1007.2406": [
      1731
    ],
    "1007.3256": [
      2133,
      4291
    ],
    "1007.5103": [
      4679
    ],
    "1008.0209": [
      1978,
      1997
    ],
    "1008.1770": [
      2051,
      2971
    ],
    "1708.03556v1": [
      8030
    ],
    "2509.15126v1": [
      4874
    ],
    "2509.19158v2": [
      6625
    ]
  },
  "29008": {
    "0706.3118": [
      1090
    ],
    "0706.3265": [
      599
    ],
    "0902.0475": [
      4908
    ],
    "1007.0980": [
      3260
    ],
    "2510.15657v1": [
      4704
    ],
    "2511.14608v1": [
      122,
      6564
    ]
  }
}