{
  "10707": {
    "0704.0677": [
      51
    ],
    "0705.0639": [
      233
    ],
    "0705.1873": [
      1168
    ],
    "0706.2120": [
      1223,
      1229,
      1264,
      1280,
      1290,
      1297,
      1300,
      1313,
      1360,
      1376,
      1411
    ],
    "0706.3709": [
      853,
      857,
      863,
      926,
      953
    ],
    "0706.3767": [
      703,
      2746
    ],
    "0707.0594": [
      2162
    ],
    "0707.0852": [
      130,
      151,
      197,
      251,
      2600,
      2611
    ],
    "0812.4213": [
      4321,
      4345,
      4460,
      4730
    ],
    "1007.5357": [
      646,
      2481,
      2522
    ],
    "1009.0334": [
      1029,
      1081
    ],
    "1009.1165": [
      887,
      1069
    ],
    "1908.05918v1": [
      984,
      991,
      1008,
      1046,
      1052,
      1155,
      1173
    ],
    "2111.04512v1": [
      185,
      192,
      246,
      266,
      2597,
      2642,
      2658,
      2666,
      2677,
      2689,
      2703,
      2709,
      2744,
      2749,
      2758,
      2784,
      2805,
      2808,
      2837,
      2848,
      2853,
      2862,
      2870,
      2896,
      2904,
      2914,
      2919,
      2947,
      2987,
      3020,
      3057,
      3067,
      3150,
      3170,
      3286,
      3330,
      3334,
      3341,
      3345,
      3512,
      3517,
      3536,
      3541,
      3578,
      3590,
      3604,
      3648,
      3655,
      3665,
      3695,
      3703,
      3720,
      3736,
      3740,
      3758,
      3759,
      3776,
      3822,
      3948,
      3990,
      4008,
      4025,
      4051,
      4079,
      4080,
      4119,
      4134,
      4163,
      4218,
      4429,
      4430,
      4431,
      4439,
      4447,
      4468,
      4472,
      4542,
      4649,
      4652,
      4663,
      4692,
      4698,
      4746,
      4762,
      4778,
      4793,
      4863,
      4939,
      5121,
      5124,
      5156,
      5162,
      5204,
      5253,
      5254,
      5262,
      5405,
      5437,
      5471,
      5504
    ],
    "2505.08007v2": [
      1932
    ],
    "2508.16775v2": [
      1582,
      2524,
      2534,
      2546,
      2602,
      4323
    ],
    "2509.01545v1": [
      743,
      779,
      798,
      1002,
      1028,
      1035
    ],
    "2509.08118v1": [
      1716,
      1725,
      2247,
      2256
    ],
    "2509.10883v1": [
      14252,
      45597,
      45890,
      45898,
      45911
    ],
    "2509.15334v2": [
      3544
    ],
    "2509.23264v1": [
      2012,
      2020
    ],
    "2510.00330v1": [
      711
    ],
    "2510.05818v1": [
      6265
    ],
    "2510.18498v1": [
      1666
    ],
    "2511.13427v1": [
      2856
    ]
  },
  "51767": {
    "0704.0677": [
      2107
    ],
    "0704.3050": [
      3763
    ],
    "0705.0831": [
      199,
      1483
    ],
    "0705.1973": [
      3983,
      4016,
      4127
    ],
    "0705.2693": [
      1235
    ],
    "0705.3392": [
      1297
    ],
    "0705.3637": [
      1735
    ],
    "0705.3982": [
      1692,
      1693,
      1713,
      1779
    ],
    "0705.4007": [
      1563,
      1575
    ],
    "0705.4677": [
      626
    ],
    "0706.0950": [
      1666
    ],
    "0706.1292": [
      2588
    ],
    "0706.1358": [
      2770
    ],
    "0706.1732": [
      2818
    ],
    "0706.2120": [
      1305,
      1327,
      1334,
      1340,
      1347,
      1388,
      1403,
      1416,
      1419,
      1425,
      1434,
      1452,
      1465
    ],
    "0706.2339": [
      1741
    ],
    "0706.2606": [
      1545
    ],
    "0706.2665": [
      929,
      1006
    ],
    "0706.3228": [
      3457
    ],
    "0706.3709": [
      914,
      928,
      934,
      943
    ],
    "0706.3767": [
      2819,
      2938,
      3354,
      3355,
      3387,
      3395,
      3416
    ],
    "0706.4035": [
      3553
    ],
    "0706.4156": [
      283,
      396,
      795,
      2056,
      2622,
      4113,
      4117,
      4148,
      4151,
      4332,
      5073,
      5123
    ],
    "0706.4245": [
      645
    ],
    "0707.0449": [
      680,
      920
    ],
    "0707.0485": [
      1111
    ],
    "0707.0594": [
      1817
    ],
    "0707.0852": [
      28,
      85,
      236,
      657,
      1013,
      1071,
      1091,
      1100,
      1102,
      1318,
      1355,
      1363,
      1384,
      1413,
      1533,
      1539,
      1622,
      1652,
      1687,
      1791,
      2012,
      2067,
      2344,
      2352,
      2406,
      2593,
      2748,
      2770
    ],
    "0707.2093": [
      23,
      670,
      696,
      933,
      939,
      3414,
      4270,
      4820,
      4825,
      4871,
      5191
    ],
    "0707.2769": [
      3565,
      5725
    ],
    "0707.3219": [
      2347
    ],
    "0707.3363": [
      2691,
      2741
    ],
    "0707.3514": [
      3691,
      27836
    ],
    "0812.4213": [
      926,
      1017,
      1022
    ],
    "0812.4232": [
      3626,
      3669
    ],
    "0812.4609": [
      1915
    ],
    "0812.4873": [
      6153,
      6156
    ],
    "0901.0005": [
      2302
    ],
    "0901.0092": [
      79,
      81
    ],
    "0901.0732": [
      2645
    ],
    "0901.0898": [
      1251
    ],
    "0901.1559": [
      19,
      651,
      961,
      1538,
      1800,
      1804,
      1885
    ],
    "0901.1613": [
      2517
    ],
    "0901.2119": [
      3189
    ],
    "0901.2930": [
      7961
    ],
    "0901.3367": [
      3991
    ],
    "0901.3589": [
      8426
    ],
    "0901.3991": [
      1644,
      1714,
      1765
    ],
    "0901.4768": [
      438,
      1147
    ],
    "0902.0720": [
      2934
    ],
    "0902.2011": [
      6561
    ],
    "0902.2567": [
      1190
    ],
    "0902.2784": [
      5870,
      5954,
      8071
    ],
    "1007.1108": [
      2037
    ],
    "1007.2535": [
      5782
    ],
    "1007.2566": [
      4622
    ],
    "1007.2829": [
      3384
    ],
    "1007.2874": [
      719
    ],
    "1007.2950": [
      1482
    ],
    "1007.3132": [
      10291
    ],
    "1007.4557": [
      2906,
      5764,
      5771
    ],
    "1007.4719": [
      1635
    ],
    "1007.5070": [
      3217,
      5415
    ],
    "1007.5321": [
      733,
      734
    ],
    "1008.0409": [
      1717
    ],
    "1008.1039": [
      2786,
      2898
    ],
    "1008.1165": [
      15,
      531,
      593,
      633,
      654,
      2319,
      2334,
      2465,
      2504
    ],
    "1008.1218": [
      881,
      1596,
      2002,
      6338,
      6344
    ],
    "1008.1281": [
      1540
    ],
    "1008.1845": [
      6386,
      6389
    ],
    "1008.1917": [
      8407
    ],
    "1008.2402": [
      2170
    ],
    "1008.2746": [
      780,
      1388,
      1399,
      1403
    ],
    "1008.2840": [
      620,
      722,
      816
    ],
    "1008.2891": [
      2472,
      2476,
      2480
    ],
    "1008.4388": [
      3300,
      3327,
      3335
    ],
    "1008.4976": [
      221
    ],
    "1008.5128": [
      1413
    ],
    "1008.5284": [
      1764
    ],
    "1009.0334": [
      1071,
      1097,
      1108,
      2255
    ],
    "1009.0341": [
      866,
      3401,
      3408
    ],
    "1009.0598": [
      4062,
      7374,
      7379
    ],
    "1009.0794": [
      3848
    ],
    "1009.0852": [
      13818
    ],
    "1009.1143": [
      1692
    ],
    "1009.1215": [
      2700,
      2740,
      2747,
      2752,
      2803,
      2815,
      2828,
      2837,
      2840
    ],
    "1009.1279": [
      1353
    ],
    "1710.11384v2": [
      967
    ],
    "1711.03344v1": [
      2706
    ],
    "1905.13046v3": [
      981,
      1202
    ],
    "2008.07647v5": [
      3758
    ],
    "2011.08650v1": [
      5029
    ],
    "2012.05772v1": [
      3654
    ],
    "2103.01793v1": [
      2012
    ],
    "2108.02020v1": [
      4500,
      4510
    ],
    "2110.03587v2": [
      6068
    ],