{
  "16137": {
    "0704.1216": [
      118,
      239,
      354,
      361,
      465,
      733
    ],
    "0704.1221": [
      462,
      823,
      829,
      839,
      1701,
      1726
    ],
    "0704.1448": [
      298,
      410,
      418,
      506,
      582,
      624
    ],
    "0704.2008": [
      273,
      1224,
      1231
    ],
    "0706.3342": [
      1653,
      1655
    ],
    "0706.3533": [
      873
    ],
    "0708.0059": [
      1432,
      1472,
      1591,
      1712
    ],
    "0812.4938": [
      258
    ],
    "0901.0895": [
      2969,
      3020
    ],
    "0901.1861": [
      114,
      519
    ],
    "0902.2684": [
      2981
    ],
    "1007.1647": [
      1264,
      1336,
      1396,
      3202,
      11751
    ],
    "1007.5288": [
      226
    ],
    "1008.1419": [
      639
    ],
    "1008.3656": [
      1700
    ],
    "1008.3764": [
      771
    ],
    "1008.3850": [
      733
    ],
    "1008.5041": [
      700,
      707,
      717,
      816,
      865
    ],
    "1009.1182": [
      2299
    ],
    "2205.14117v1": [
      787
    ],
    "2304.09177v1": [
      989,
      1723,
      1777
    ]
  }
}