{
  "33790": {
    "0704.2666": [
      13
    ],
    "0706.1887": [
      10403
    ],
    "0707.0922": [
      13
    ],
    "0707.4073": [
      2120
    ],
    "0812.4848": [
      22
    ],
    "0901.2937": [
      3518
    ],
    "0902.3177": [
      10
    ],
    "1007.2447": [
      11
    ],
    "1009.1208": [
      4088
    ]
  },
  "52251": {
    "0704.2991": [
      917,
      921
    ],
    "0705.0657": [
      3257
    ],
    "0705.1514": [
      9147
    ],
    "0705.3543": [
      968
    ],
    "0705.3638": [
      877
    ],
    "0706.1227": [
      923
    ],
    "0706.1834": [
      3232
    ],
    "0707.1719": [
      942
    ],
    "0707.3718": [
      612,
      8529,
      8536,
      8765
    ],
    "0707.4437": [
      2930,
      2931,
      3413
    ],
    "0901.1051": [
      1083,
      1100
    ],
    "0901.4090": [
      9442
    ],
    "0901.4460": [
      286
    ],
    "0902.3076": [
      543
    ],
    "1007.1118": [
      871,
      1594
    ],
    "1007.4357": [
      4165,
      4166,
      4229,
      4250
    ],
    "1007.5216": [
      1428,
      1655
    ],
    "1008.3552": [
      608
    ],
    "1009.0833": [
      816,
      822,
      843,
      850,
      1589,
      1591,
      2257,
      2269
    ],
    "1009.1159": [
      3585,
      3591,
      3597,
      3625,
      3640,
      3661,
      3668,
      3719,
      3722
    ],
    "1909.10598v1": [
      7064
    ],
    "2511.14668v1": [
      3110,
      3118
    ]
  }
}