{
  "14719": {
    "0704.0192": [
      787
    ],
    "0704.1170": [
      943,
      1563
    ],
    "0704.1660": [
      1330
    ],
    "0704.3856": [
      476,
      487
    ],
    "0705.1242": [
      1161
    ],
    "0705.1513": [
      2363
    ],
    "0705.2157": [
      2975,
      2976
    ],
    "0705.4012": [
      2717,
      2739
    ],
    "0706.1146": [
      251
    ],
    "0706.3259": [
      1850
    ],
    "0706.3368": [
      2180
    ],
    "0706.3593": [
      1581
    ],
    "0707.1754": [
      3207
    ],
    "0707.2856": [
      743
    ],
    "0901.0427": [
      1284
    ],
    "0901.1888": [
      2976
    ],
    "0901.3034": [
      1661
    ],
    "0902.0638": [
      711
    ],
    "0902.1202": [
      686
    ],
    "1007.1459": [
      2377,
      2379
    ],
    "1007.3324": [
      3387
    ],
    "1007.4359": [
      4676
    ],
    "1008.0865": [
      1728
    ],
    "1008.3941": [
      2426
    ],
    "1008.4620": [
      1175
    ],
    "1009.1149": [
      5764
    ],
    "1009.1384": [
      2885,
      2902
    ],
    "1009.1399": [
      2169,
      2170,
      2531,
      2532,
      2535,
      2536,
      2546,
      2547,
      2638,
      2639,
      3808,
      3809,
      3851,
      3852
    ],
    "1906.03682v1": [
      164
    ],
    "1906.09194v1": [
      1033,
      1073
    ],
    "2007.13856v1": [
      2910
    ],
    "2205.05911v1": [
      999
    ],
    "2212.09534v1": [
      1193,
      1922,
      1930
    ],
    "2401.04222v1": [
      3226,
      3233
    ],
    "2404.14559v1": [
      2081,
      2147,
      2154,
      2253
    ],
    "2409.05168v1": [
      2730
    ],
    "2410.09142v1": [
      1784
    ],
    "2501.17294v2": [
      2505
    ],
    "2505.23892v1": [
      5466,
      5761,
      5875
    ],
    "2506.17389v1": [
      1122
    ],
    "2508.05122v1": [
      1518
    ],
    "2508.07998v1": [
      6487
    ],
    "2508.11079v1": [
      2929
    ],
    "2508.17385v2": [
      1030
    ],
    "2509.03216v1": [
      4389
    ],
    "2509.05180v1": [
      778
    ],
    "2509.12488v1": [
      1248
    ],
    "2510.00330v1": [
      2651
    ],
    "2510.24075v1": [
      1457
    ],
    "2511.00253v1": [
      96897,
      97131,
      97175,
      97231,
      97240,
      97263
    ],
    "2511.08675v1": [
      238,
      670,
      896,
      1001
    ],
    "2511.13156v1": [
      2152,
      2175
    ]
  },
  "52019": {
    "0704.1113": [
      1357
    ],
    "0704.2643": [
      890,
      893,
      914
    ],
    "0704.3611": [
      2576,
      2582,
      2584,
      2603,
      2606
    ],
    "0704.3856": [
      299,
      468
    ],
    "0705.0847": [
      1793,
      1795,
      1797
    ],
    "0705.0889": [
      1931,
      1933
    ],
    "0705.1242": [
      2038,
      4296,
      4302
    ],
    "0705.1747": [
      4059,
      4115
    ],
    "0705.3462": [
      1729
    ],
    "0705.3799": [
      4546
    ],
    "0705.3977": [
      2813,
      2814
    ],
    "0705.4012": [
      2667
    ],
    "0706.0880": [
      2770,
      2957,
      2962,
      3087,
      3096,
      3100
    ],
    "0706.1809": [
      1718,
      1723
    ],
    "0706.3030": [
      1294
    ],
    "0706.3368": [
      2149
    ],
    "0706.3593": [
      2226
    ],
    "0707.1754": [
      3195
    ],
    "0707.2856": [
      745
    ],
    "0707.2915": [
      433
    ],
    "0707.2919": [
      984
    ],
    "0707.3447": [
      805
    ],
    "0901.1268": [
      261
    ],
    "0901.2134": [
      1396
    ],
    "0901.4527": [
      467
    ],
    "0902.1202": [
      689
    ],
    "0902.1833": [
      4362
    ],
    "0902.2907": [
      3024
    ],
    "1007.2228": [
      823,
      1541,
      1549,
      1560,
      3163,
      3658,
      3675
    ],
    "1007.2940": [
      1191,
      3320,
      3370
    ],
    "1007.3151": [
      3688
    ],
    "1007.3324": [
      3374
    ],
    "1007.3722": [
      6182
    ],
    "1007.3991": [
      7187,
      8144
    ],
    "1007.4359": [
      4682
    ],
    "1007.4360": [
      1769,
      1781,
      1804,
      1854,
      2538,
      2593,
      3501
    ],
    "1007.4951": [
      2373
    ],
    "1007.5196": [
      5279,
      5311,
      5315
    ],
    "1008.0083": [
      2997,
      6130,
      6131,
      6150,
      6151,
      6231
    ],
    "1008.0365": [
      2905,
      2950
    ],
    "1008.0762": [
      905,
      2004,
      2007,
      2125,
      2159,
      2288,
      2778,
      2842,
      3040
    ],
    "1008.1070": [
      1229,
      1377
    ],
    "1008.1183": [
      1182
    ],
    "1008.1447": [
      1330
    ],
    "1008.2493": [
      907
    ],
    "1008.3941": [
      2410,
      2412,
      2414,
      2419,
      2437,
      2442,
      2445,
      2483,
      2500,
      2501,
      2502,
      3300,
      3327,
      3400,
      3420,
      3444,
      4018,
      4080,
      4086,
      4098,
      4109
    ],
    "1008.4837": [
      1624,
      1645
    ],
    "1008.5039": [
      338,
      349
    ],
    "1009.0004": [
      2361
    ],
    "1009.1384": [
      2747,
      2859,
      3031,
      3041
    ],
    "1905.08458v1": [
      2029
    ],
    "1906.09194v1": [
      1052,
      1053,
      1596
    ],
    "1907.02646v2": [
      1052,
      1075
    ],
    "2007.13856v1": [
      2901
    ],
    "2110.07559v16": [
      19205
    ],
    "2205.03047v1": [
      1175,
      1178
    ],
    "2205.05911v1": [
      1000
    ],
    "2308.12596v1": [
      2818
    ],
    "2404.14559v1": [
      2076,
      2111,
      2134,
      2263
    ],
    "2407.02708v3": [
      2021,
      2037,
      2104
    ],
    "2407.04669v2": [
      6896
    ],
    "2410.09142v1": [
      1772,
      2015
    ],
    "2501.17294v2": [
      2499
    ],
    "2503.10540v1": [
      3043,
      5907
    ],
    "2505.23892v1": [
      9362
    ],
    "2507.16053v1": [
      352,
      4036
    ],
    "2508.02790v1": [
      1562,
      1802,
      1817,
      2416
    ],
    "2508.05122v1": [
      1512,
      1721
    ],
    "2508.07998v1": [
      6486,
      6488,
      6492
    ],
    "2508.11079v1": [
      2926
    ],
    "2508.17385v2": [
      998
    ],
    "2508.21358v2": [
      2066,
      2068
    ],
    "2509.11495v1": [
      2658
    ],
    "2509.17216v1": [
      6128,
      6130
    ],
    "2510.02639v1": [
      4029
    ],
    "2510.19635v1": [
      4257,
      4259,
      10176,
      10178,
      10239,
      10241
    ],
    "2510.23933v1": [
      2971,
      2972
    ],
    "2511.02523v1": [
      2328,
      2339
    ],
    "2511.04542v1": [
      1585
    ],
    "2511.06264v1": [
      1456,
      1462
    ],
    "2511.06970v1": [
      7562
    ],
    "2511.11835v1": [
      3821,
      3822
    ],
    "2511.13610v1": [
      1765
    ]
  }
}