{
  "32930": {
    "0704.1225": [
      1472
    ],
    "0705.4085": [
      3042,
      3184,
      3284
    ],
    "0707.3279": [
      1275
    ],
    "1007.3169": [
      22
    ],
    "1008.4063": [
      877
    ],
    "1008.4776": [
      2473,
      2786,
      4041
    ],
    "1009.1436": [
      4200
    ],
    "1905.06128v1": [
      430
    ],
    "2509.04127v1": [
      274,
      940,
      3381,
      4308
    ]
  },
  "51254": {
    "0707.3279": [
      1265
    ]
  }
}