{
  "20441": {
    "0704.0387": [
      1689
    ],
    "0704.0574": [
      20
    ],
    "0704.0789": [
      29
    ],
    "0704.0942": [
      9
    ],
    "0704.2978": [
      1171
    ],
    "0704.3826": [
      2429
    ],
    "0705.1779": [
      5540
    ],
    "0705.1999": [
      765,
      772,
      893,
      968,
      992,
      1013
    ],
    "0705.4584": [
      2319
    ],
    "0706.1000": [
      4448,
      4458,
      4512
    ],
    "0706.1583": [
      60
    ],
    "0706.2325": [
      20
    ],
    "0706.2966": [
      8522,
      8750
    ],
    "0706.3413": [
      1432
    ],
    "0707.1711": [
      3584
    ],
    "0707.2382": [
      4727
    ],
    "0707.3380": [
      57
    ],
    "0707.3413": [
      124
    ],
    "0708.0044": [
      21
    ],
    "0901.0198": [
      1685
    ],
    "0901.0339": [
      4171
    ],
    "0901.0927": [
      5760
    ],
    "0901.3104": [
      227
    ],
    "0901.4598": [
      23
    ],
    "0902.1781": [
      6755
    ],
    "1007.2846": [
      494
    ],
    "1007.3519": [
      260
    ],
    "1008.3438": [
      9200
    ],
    "1008.3859": [
      15
    ],
    "1008.4797": [
      3164
    ],
    "1009.0777": [
      83
    ],
    "1009.0847": [
      87
    ],
    "1009.1158": [
      27
    ],
    "1904.02695v2": [
      2919
    ],
    "2106.15843v1": [
      4681
    ],
    "2508.12963v1": [
      23
    ],
    "2509.19482v1": [
      4155,
      4532,
      4546
    ],
    "2511.07706v1": [
      1291
    ],
    "2511.10927v1": [
      17352,
      25299,
      25975,
      67758,
      71414,
      72058
    ]
  },
  "25205": {
    "0705.1999": [
      884,
      952,
      953,
      954,
      957,
      1002,
      1003,
      1005,
      1006,
      1011,
      1020,
      1021,
      1025
    ],
    "1008.2114": [
      4804
    ],
    "1804.02985v1": [
      3601
    ],
    "1907.02905v1": [
      29
    ],
    "1907.02909v1": [
      28
    ],
    "1907.08663v1": [
      41
    ],
    "1908.05938v1": [
      15
    ],
    "2007.02733v1": [
      4992
    ],
    "2012.06116v1": [
      35699,
      39097
    ],
    "2509.20407v1": [
      2487
    ],
    "2510.22801v1": [
      1431
    ]
  }
}