{
  "53569": {
    "0704.0701": [
      8627
    ],
    "0704.1196": [
      1466
    ],
    "0704.1257": [
      4335
    ],
    "0704.3197": [
      1184
    ],
    "0705.3468": [
      417
    ],
    "0705.4618": [
      2296
    ],
    "0706.2055": [
      3002
    ],
    "0706.3708": [
      1725
    ],
    "0706.4295": [
      4098
    ],
    "0707.1751": [
      2399
    ],
    "0707.1889": [
      2669
    ],
    "0707.3455": [
      3487
    ],
    "0708.0059": [
      2013
    ],
    "0812.4170": [
      550,
      5314,
      5334
    ],
    "0901.1391": [
      6377,
      6399,
      6972,
      6973
    ],
    "0901.2028": [
      2787
    ],
    "0901.3906": [
      2941,
      2945
    ],
    "0902.0133": [
      8102
    ],
    "0902.1151": [
      2767
    ],
    "0902.2079": [
      2201
    ],
    "1007.3159": [
      3518
    ],
    "1007.3350": [
      2885,
      2988
    ],
    "1007.3629": [
      3293
    ],
    "1007.4438": [
      86,
      372,
      416,
      429,
      451,
      765,
      1053,
      1069,
      1401,
      1410,
      1516,
      1685,
      1793,
      1833,
      2154,
      2250,
      2409,
      2419,
      2440,
      2445,
      2448,
      2490,
      2522,
      2540,
      2861,
      2864,
      3139
    ],
    "1007.4490": [
      1483
    ],
    "1007.4830": [
      3712
    ],
    "1008.0659": [
      7252
    ],
    "1008.1051": [
      3625
    ],
    "1008.2121": [
      8912
    ],
    "1008.2627": [
      1306,
      1770
    ],
    "1008.3291": [
      1325,
      1878
    ],
    "1008.3767": [
      4212
    ],
    "1008.3863": [
      3325
    ],
    "1008.5189": [
      3404
    ],
    "1008.5259": [
      2436
    ],
    "2001.07019v1": [
      810
    ],
    "2007.02733v1": [
      6100
    ],
    "2101.02041v2": [
      2389,
      2413
    ],
    "2105.05397v1": [
      3347
    ],
    "2203.11679v1": [
      2210
    ],
    "2206.08483v2": [
      2402
    ],
    "2211.15653v1": [
      13977
    ],
    "2305.19993v1": [
      1294
    ],
    "2406.15365v1": [
      4235
    ],
    "2410.07386v1": [
      21881,
      21926
    ],
    "2505.06167v1": [
      2752
    ],
    "2506.16099v1": [
      7373
    ],
    "2508.15123v1": [
      776,
      803,
      825,
      841,
      922,
      1234,
      1803,
      1819,
      4318
    ],
    "2509.07156v1": [
      1858,
      2869,
      3197
    ],
    "2509.14539v1": [
      12491,
      12494
    ],
    "2509.15527v1": [
      4292
    ],
    "2511.14742v1": [
      6446,
      7029
    ]
  },
  "42049": {
    "0706.2789": [
      3293,
      4139
    ],
    "2406.15365v1": [
      29
    ]
  },
  "51247": {
    "1007.1689": [
      1824
    ]
  }
}