{
  "27204": {
    "0704.2114": [
      7159
    ],
    "0704.2403": [
      2401
    ],
    "0705.3070": [
      10149
    ],
    "0705.3154": [
      38
    ],
    "0705.4604": [
      2385
    ],
    "0707.1753": [
      204,
      230,
      316,
      416,
      2567
    ],
    "0901.0909": [
      15
    ],
    "0901.1069": [
      1507
    ],
    "0901.4450": [
      4697,
      9458,
      9467
    ],
    "0902.2718": [
      5,
      246,
      722,
      1060,
      1317,
      1585,
      1891,
      2222,
      2606,
      2943,
      3322,
      3685
    ],
    "1007.1611": [
      2919,
      3012
    ],
    "1007.3065": [
      9943
    ],
    "1009.0010": [
      13
    ],
    "1009.0218": [
      4721
    ],
    "1705.02238v1": [
      4614
    ],
    "1708.08617v1": [
      8
    ],
    "2307.03328v1": [
      7663
    ],
    "2510.01210v1": [
      3425,
      3942
    ],
    "2511.08574v1": [
      6269,
      6907
    ]
  }
}