{
  "30011": {
    "0705.1730": [
      38102
    ],
    "0707.2249": [
      800
    ],
    "1904.11056v2": [
      1315
    ],
    "2208.03757v1": [
      3384
    ],
    "2312.04387v1": [
      555
    ],
    "2406.05901v1": [
      2987
    ]
  },
  "42225": {
    "0901.1230": [
      5683
    ]
  }
}