{
  "52144": {
    "0704.1257": [
      2878
    ],
    "0704.3413": [
      4364
    ],
    "0704.3535": [
      2972
    ],
    "0705.0325": [
      559,
      2585
    ],
    "0705.0424": [
      3806
    ],
    "0705.0503": [
      651
    ],
    "0705.1066": [
      4582,
      4592,
      4596,
      4667
    ],
    "0705.1224": [
      1503
    ],
    "0705.2134": [
      692
    ],
    "0705.2392": [
      1353
    ],
    "0705.2959": [
      18
    ],
    "0706.0662": [
      3689
    ],
    "0706.4112": [
      2146
    ],
    "0707.0189": [
      857
    ],
    "0707.0806": [
      9346
    ],
    "0707.1408": [
      1939
    ],
    "0707.1595": [
      1923
    ],
    "0707.3403": [
      3687,
      3953
    ],
    "0707.3619": [
      24360
    ],
    "0707.4618": [
      2973,
      2974
    ],
    "0812.4678": [
      106
    ],
    "0812.4731": [
      1163
    ],
    "0812.4759": [
      3395
    ],
    "0901.2352": [
      7943,
      8397,
      9027,
      9137,
      9145
    ],
    "0901.3118": [
      19
    ],
    "0901.3236": [
      3156,
      4781,
      4791
    ],
    "0901.3537": [
      2305,
      2327,
      2752,
      2774,
      3000,
      3048,
      3199,
      3212,
      3537,
      4584,
      4616,
      4652
    ],
    "0902.0946": [
      1682
    ],
    "0902.1684": [
      1534,
      1538,
      1665,
      1701,
      2001,
      2052
    ],
    "1007.0838": [
      2368,
      2840,
      3991,
      4006,
      5135,
      6683
    ],
    "1007.1670": [
      799
    ],
    "1007.1988": [
      7193
    ],
    "1007.2857": [
      3597
    ],
    "1007.3889": [
      456
    ],
    "1007.5184": [
      1373
    ],
    "1008.0414": [
      2139
    ],
    "1008.0652": [
      4585
    ],
    "1008.2156": [
      5978
    ],
    "1008.2457": [
      1676,
      1688,
      1698,
      1710
    ],
    "1008.3544": [
      609
    ],
    "1008.3588": [
      2667
    ],
    "1008.4094": [
      22
    ],
    "1008.4976": [
      164,
      2860,
      2900,
      2936,
      2962
    ],
    "1009.0286": [
      2415,
      2424
    ],
    "1009.0839": [
      2497
    ],
    "1009.0949": [
      3466
    ],
    "1009.1072": [
      1647
    ],
    "1009.1359": [
      5882
    ],
    "2305.15168v1": [
      2880
    ],
    "2510.05933v1": [
      9430
    ]
  },
  "22712": {
    "0705.0588": [
      2447
    ],
    "0812.4390": [
      313
    ],
    "0901.0573": [
      2520,
      2523
    ],
    "0901.2403": [
      3353
    ],
    "0902.1498": [
      3475
    ],
    "0902.1775": [
      1567,
      1576,
      1579
    ],
    "1007.1723": [
      4296
    ],
    "1007.2915": [
      4257
    ],
    "1008.2160": [
      113,
      796
    ],
    "1803.06066v1": [
      1883,
      1887,
      2481
    ],
    "1806.07306v3": [
      7190
    ],
    "2102.08300v3": [
      5785
    ],
    "2304.05103v1": [
      17038
    ]
  },
  "39350": {
    "1007.1264": [
      2277
    ],
    "2511.10009v1": [
      5509
    ]
  }
}