{
  "53115": {
    "0704.1399": [
      7516,
      7533,
      7600,
      7648,
      8040,
      8047,
      8094,
      8261
    ],
    "0705.0666": [
      3220
    ],
    "0705.2581": [
      1401
    ],
    "0706.2257": [
      630
    ],
    "0706.4444": [
      640,
      726,
      730,
      759
    ],
    "0707.0154": [
      1320
    ],
    "0812.3910": [
      2598,
      3840
    ],
    "0901.2194": [
      562
    ],
    "0901.3124": [
      2159
    ],
    "0901.4227": [
      1094,
      1224
    ],
    "0901.4793": [
      475,
      876,
      1187,
      1211,
      1957,
      3473,
      3475,
      3479,
      3485,
      3487,
      3491,
      3603,
      3604,
      3605,
      3617,
      3619,
      3623,
      3827,
      3829
    ],
    "0902.2655": [
      282,
      357,
      1264,
      1311,
      1329,
      1392,
      2052,
      2069
    ],
    "1008.0024": [
      2775
    ],
    "1008.0716": [
      2847,
      2852,
      2881,
      2979,
      3030,
      3044,
      3067,
      3305,
      3443
    ],
    "1711.09348v1": [
      1312
    ],
    "1902.06602v2": [
      1447,
      1583,
      1891
    ],
    "2105.08651v1": [
      1168,
      1265,
      1282
    ],
    "2108.06394v1": [
      3238,
      3712
    ],
    "2109.10834v1": [
      2056
    ],
    "2205.09265v1": [
      9635,
      9664
    ],
    "2209.07406v1": [
      2605
    ],
    "2211.04405v1": [
      490,
      498
    ],
    "2306.02169v1": [
      2867,
      2935
    ],
    "2402.09273v1": [
      525
    ],
    "2508.03812v1": [
      924,
      957,
      964,
      1376,
      1525,
      1812,
      1827,
      1843
    ],
    "2508.03814v1": [
      1397
    ],
    "2509.00738v1": [
      4197
    ],
    "2509.13037v1": [
      9540
    ],
    "2509.26567v1": [
      1480
    ],
    "2510.04063v1": [
      1695
    ],
    "2510.07034v1": [
      3276
    ],
    "2510.27441v1": [
      5071
    ],
    "2511.02581v1": [
      4137
    ]
  }
}