{
  "19743": {
    "0704.0304": [
      2742
    ],
    "0705.1232": [
      2556
    ],
    "0705.1799": [
      244
    ],
    "0705.4123": [
      425
    ],
    "0902.3027": [
      206
    ],
    "1007.3254": [
      1296,
      2133
    ],
    "1007.4790": [
      653
    ],
    "1008.0425": [
      609,
      11267
    ],
    "1008.0716": [
      4046,
      4127,
      4140
    ],
    "1008.2904": [
      3532
    ],
    "1811.06526v3": [
      4493
    ],
    "2010.00699v3": [
      43306,
      43310
    ],
    "2508.14188v1": [
      5369
    ],
    "2509.04127v1": [
      1295,
      1323,
      1340,
      1485,
      1607,
      1620,
      1686,
      3052,
      3175,
      4764
    ],
    "2509.15743v1": [
      1139
    ]
  },
  "12892": {
    "0704.0403": [
      4519
    ],
    "0704.0414": [
      1188
    ],
    "0704.2355": [
      504,
      2981
    ],
    "0704.3871": [
      1168
    ],
    "0705.1951": [
      13630
    ],
    "0705.3850": [
      4674,
      4676
    ],
    "0705.3880": [
      1854
    ],
    "0706.0156": [
      3592
    ],
    "0706.1288": [
      10,
      3176,
      3220,
      3413
    ],
    "0706.2143": [
      1629
    ],
    "0706.3553": [
      581
    ],
    "0706.4155": [
      1413
    ],
    "0707.1511": [
      12,
      2484
    ],
    "0707.4664": [
      3277
    ],
    "0812.4378": [
      155
    ],
    "0901.3964": [
      2626
    ],
    "1007.2808": [
      1593
    ],
    "1008.0796": [
      38,
      325,
      379,
      930
    ],
    "1008.0829": [
      1139
    ],
    "1008.1438": [
      6323
    ],
    "1008.1586": [
      134
    ],
    "1008.3438": [
      7566
    ],
    "1908.11785v3": [
      676
    ],
    "2205.03498v1": [
      1428
    ],
    "2301.11177v2": [
      4632
    ],
    "2303.11810v1": [
      5041,
      5064,
      5292
    ],
    "2412.19816v1": [
      387
    ],
    "2508.14188v1": [
      5366
    ],
    "2509.04127v1": [
      88,
      106,
      1067,
      1088,
      1091,
      1126,
      1434,
      1493,
      1517,
      1579,
      1598,
      1672,
      1688,
      1708,
      1713,
      1716,
      1723,
      1773,
      1789,
      1809,
      1842,
      1848,
      1863,
      1867,
      1886,
      1903,
      1915,
      1947,
      1963,
      2056,
      2067,
      2172,
      2176,
      2186,
      2193,
      2591,
      2592,
      2620,
      2673,
      2827,
      2859,
      3060,
      3076,
      3251,
      3262,
      3331,
      3361,
      3366,
      3398,
      3412,
      3456,
      3495,
      3585,
      4426,
      4444,
      4493,
      4523,
      4625,
      4697,
      4706,
      4710,
      4850
    ],
    "2511.05248v1": [
      20775
    ],
    "2511.14809v1": [
      3391
    ],
    "2511.14829v1": [
      373
    ]
  },
  "40542": {
    "0704.1319": [
      6317
    ],
    "1009.0772": [
      6028
    ]
  },
  "16097": {
    "0704.2223": [
      1974
    ],
    "0705.3850": [
      4671
    ],
    "0706.0642": [
      2299,
      2459
    ],
    "0707.0498": [
      553,
      561
    ],
    "0708.0146": [
      1988
    ],
    "0812.4378": [
      416
    ],
    "0901.1443": [
      143,
      3649,
      3661
    ],
    "0901.3359": [
      6892
    ],
    "1007.2295": [
      3860
    ],
    "1007.4866": [
      14807
    ],
    "1008.2904": [
      3533
    ],
    "1008.5290": [
      3746
    ],
    "2207.06760v1": [
      609,
      685
    ],
    "2412.19816v1": [
      380
    ],
    "2508.03161v1": [
      8,
      76,
      479,
      523,
      548,
      649,
      1110,
      1284,
      1898,
      1982,
      2132,
      2156,
      3487,
      3552
    ],
    "2508.12963v1": [
      3754
    ],
    "2508.14188v1": [
      5372,
      5374
    ],
    "2509.04127v1": [
      1304,
      1322,
      1331,
      1435,
      1461,
      1566,
      1696,
      3067,
      3318,
      4472
    ],
    "2509.18242v1": [
      1500,
      1632
    ],
    "2510.08319v1": [
      5350
    ],
    "2510.21070v1": [
      18713,
      24605,
      33794
    ],
    "2510.27635v1": [
      589
    ],
    "2511.01954v1": [
      8210,
      10734
    ]
  },
  "36798": {
    "0704.3579": [
      2013
    ],
    "0812.4378": [
      124
    ],
    "2504.00913v2": [
      4460
    ]
  },
  "24099": {
    "0705.0039": [
      1459
    ],
    "0705.1730": [
      11165
    ],
    "0706.0457": [
      2298
    ],
    "0706.2768": [
      5560
    ],
    "0901.1135": [
      4573
    ],
    "0901.4690": [
      9676
    ],
    "1007.2007": [
      1388
    ],
    "1007.3254": [
      197
    ],
    "1007.4866": [
      4507
    ],
    "1008.1672": [
      555
    ],
    "2205.03498v1": [
      1315
    ],
    "2509.04127v1": [
      1629,
      3013,
      3190
    ],
    "2511.14809v1": [
      2349
    ]
  },
  "48147": {
    "1008.4246": [
      177
    ]
  }
}