{
  "14796": {
    "0704.0138": [
      183,
      881,
      948,
      952,
      1286,
      1834,
      1849,
      2005,
      2080,
      2102,
      2110,
      2121,
      2175,
      2176,
      2221,
      2344,
      2446,
      2576,
      2578,
      2580,
      2582,
      2674,
      2676,
      2678,
      2679,
      2792,
      2794,
      2796,
      2797,
      2811,
      2813,
      2815,
      2816,
      2888
    ],
    "0704.2612": [
      1191
    ],
    "0705.0285": [
      5065
    ],
    "0707.2108": [
      6881
    ],
    "0812.4208": [
      19,
      123,
      717,
      802,
      883,
      904,
      942,
      947,
      1281,
      1298,
      1405,
      1427,
      1558,
      1622,
      1661,
      2013,
      2162,
      2186,
      2335,
      2374,
      2407,
      2555,
      3317,
      3348,
      3543,
      3561,
      3625,
      3728,
      3878,
      4229,
      4329,
      4336,
      4376,
      4404,
      4478,
      4505,
      4521,
      4524,
      4563,
      4588,
      4592,
      4712,
      4819,
      4823,
      4858,
      4862,
      4940,
      5129,
      5400,
      5431,
      5620
    ],
    "0902.0573": [
      1288
    ],
    "1007.4189": [
      4259
    ],
    "1009.1402": [
      4358,
      5514,
      5771,
      5840,
      7189,
      8399
    ],
    "1904.05363v3": [
      13363,
      13473,
      15420
    ],
    "2505.17814v1": [
      2933
    ],
    "2508.00348v2": [
      626,
      2478,
      2483,
      2493,
      2506,
      4392,
      4428
    ]
  },
  "17060": {
    "0704.0560": [
      959,
      974,
      983
    ],
    "0704.0615": [
      1471
    ],
    "0704.0912": [
      3370
    ],
    "0704.1412": [
      2812
    ],
    "0704.1745": [
      3602
    ],
    "0704.2504": [
      1886
    ],
    "0704.3189": [
      3174,
      3182,
      3190,
      3210
    ],
    "0704.3555": [
      1706
    ],
    "0705.3412": [
      52
    ],
    "0705.4408": [
      54
    ],
    "0706.0456": [
      739
    ],
    "0706.0645": [
      591,
      600
    ],
    "0706.1117": [
      3251
    ],
    "0706.2246": [
      1232
    ],
    "0706.2430": [
      597
    ],
    "0706.2722": [
      878
    ],
    "0706.3027": [
      1941
    ],
    "0706.3105": [
      3304,
      3990
    ],
    "0706.3150": [
      287
    ],
    "0706.3722": [
      2254
    ],
    "0707.0426": [
      2475
    ],
    "0707.1275": [
      1398
    ],
    "0707.1593": [
      1362
    ],
    "0707.2218": [
      1555
    ],
    "0707.2532": [
      63
    ],
    "0707.2654": [
      59
    ],
    "0707.3201": [
      18,
      1999,
      2036,
      2056,
      2093,
      2105,
      2120,
      2132,
      2151,
      2215,
      2242
    ],
    "0707.3745": [
      5383
    ],
    "0707.4057": [
      11,
      806
    ],
    "0707.4059": [
      10
    ],
    "0707.4078": [
      61
    ],
    "0707.4106": [
      2097
    ],
    "0707.4137": [
      54
    ],
    "0707.4616": [
      50
    ],
    "0708.0101": [
      1287
    ],
    "0708.0163": [
      5296,
      5304,
      5325
    ],
    "0812.4036": [
      3457
    ],
    "0901.0002": [
      20068,
      20586
    ],
    "0901.0085": [
      1427
    ],
    "0901.2957": [
      1912
    ],
    "0901.4440": [
      2282
    ],
    "0902.2292": [
      3035
    ],
    "1007.1251": [
      4765,
      4789,
      5451,
      5510,
      5547,
      5575
    ],
    "1007.1706": [
      1317,
      2076
    ],
    "1007.1707": [
      2939,
      2947,
      2956,
      3376
    ],
    "1007.1988": [
      7230
    ],
    "1007.2241": [
      6493
    ],
    "1007.2604": [
      2945
    ],
    "1007.3362": [
      1151,
      3648
    ],
    "1008.0413": [
      24458
    ],
    "1008.0790": [
      7776
    ],
    "1008.2144": [
      17761
    ],
    "1008.3650": [
      5052
    ],
    "1008.4539": [
      3339
    ],
    "1009.0393": [
      27,
      11270,
      11573
    ],
    "1709.03874v1": [
      3534
    ],
    "1909.00639v1": [
      1942
    ],
    "2204.09611v3": [
      3047
    ],
    "2301.11177v2": [
      4609
    ],
    "2409.01051v1": [
      4537
    ],
    "2510.18531v1": [
      2771
    ],
    "2511.00253v1": [
      38003
    ],
    "2511.04589v1": [
      5498
    ],
    "2511.07494v1": [
      17175
    ]
  },
  "52358": {
    "0705.1730": [
      31178
    ]
  }
}