{
  "46827": {
    "0704.0071": [
      454
    ],
    "1008.3580": [
      3732
    ],
    "1711.07046v3": [
      3604
    ],
    "2004.08866v1": [
      5757
    ],
    "2204.09258v2": [
      2461
    ]
  }
}