{
  "38283": {
    "0704.0375": [
      2309
    ],
    "0706.2058": [
      1698
    ],
    "1007.2025": [
      258
    ]
  },
  "16678": {
    "0704.1133": [
      2484
    ],
    "0704.2204": [
      170,
      1892,
      3375
    ],
    "0704.2710": [
      16,
      61,
      101,
      202,
      230,
      313,
      364,
      384,
      397,
      405,
      440,
      481
    ],
    "0704.2836": [
      1380
    ],
    "0705.1730": [
      20220,
      20243,
      23361,
      31286
    ],
    "0705.2570": [
      2775
    ],
    "0705.3023": [
      2065
    ],
    "0706.1346": [
      163,
      164
    ],
    "0706.3030": [
      1498
    ],
    "0706.3154": [
      371
    ],
    "0706.3274": [
      246,
      268
    ],
    "0706.3332": [
      8,
      377,
      558
    ],
    "0706.4246": [
      603,
      634,
      719
    ],
    "0707.0489": [
      1599
    ],
    "0707.0634": [
      884
    ],
    "0707.1343": [
      1196
    ],
    "0707.2094": [
      521,
      632,
      1618,
      1956,
      1963,
      2633,
      2658,
      2668,
      2674
    ],
    "0707.4220": [
      1329,
      3515
    ],
    "0708.0097": [
      2725,
      2728,
      2738,
      2761,
      2768,
      2785,
      2802
    ],
    "0812.4032": [
      2505,
      2675,
      2745,
      2802,
      3079,
      3226
    ],
    "0901.0532": [
      1598
    ],
    "0901.2780": [
      472,
      477
    ],
    "0901.3489": [
      123,
      204,
      491,
      1084
    ],
    "0901.3503": [
      957,
      1063,
      1190,
      1278,
      1453,
      2743,
      2752,
      2834,
      3426
    ],
    "0902.0627": [
      184,
      1123,
      1475,
      3573,
      3577,
      3629,
      3669,
      3902
    ],
    "0902.2034": [
      1793
    ],
    "1007.2659": [
      6070,
      6112,
      6696,
      9598,
      9674,
      13708,
      13716,
      13805,
      13967,
      13991,
      14021,
      14290,
      14356,
      14370,
      14421,
      14450,
      14796
    ],
    "1007.3267": [
      3461
    ],
    "1007.3413": [
      1462
    ],
    "1007.3867": [
      540,
      576
    ],
    "1007.3993": [
      1519
    ],
    "1007.4054": [
      819
    ],
    "1007.5293": [
      1378,
      1519
    ],
    "1008.0582": [
      2220
    ],
    "1008.2799": [
      1387
    ],
    "1008.5395": [
      531,
      816,
      1205
    ],
    "1705.07893v1": [
      18,
      1256,
      1510
    ],
    "1811.06526v3": [
      3947
    ],
    "2002.03247v3": [
      6489
    ],
    "2103.15748v1": [
      2393,
      2560,
      2597,
      17656
    ],
    "2203.01656v1": [
      2387
    ],
    "2205.09265v1": [
      2497,
      5737,
      5870,
      24868,
      24891
    ],
    "2212.09079v1": [
      152
    ],
    "2310.01240v1": [
      7412,
      7794
    ],
    "2310.05887v1": [
      6431
    ],
    "2402.08091v4": [
      2528
    ],
    "2403.10788v1": [
      499
    ],
    "2403.11029v1": [
      961,
      1208
    ],
    "2404.12348v2": [
      875,
      897,
      7476,
      7817
    ],
    "2404.15429v1": [
      4075,
      4083,
      9579,
      10240,
      10570
    ],
    "2407.14287v1": [
      3231
    ],
    "2502.13262v1": [
      3081,
      3330
    ],
    "2503.08033v1": [
      1163
    ],
    "2504.16662v1": [
      616
    ],
    "2507.13783v1": [
      558,
      5262
    ],
    "2508.03184v1": [
      78,
      96,
      152,
      345,
      373,
      400,
      414,
      429,
      444,
      459,
      485,
      505,
      528,
      552,
      582,
      640,
      642,
      714,
      780,
      808,
      834,
      885,
      925,
      954,
      956,
      982,
      1069,
      1079,
      1125,
      1131,
      1203,
      1343,
      1356,
      1407,
      1450,
      1459,
      1473,
      1474,
      1514,
      1567,
      1604,
      1649,
      1678,
      1735,
      1756,
      1778,
      1786,
      1802,
      1971,
      2069,
      3201
    ],
    "2508.04775v1": [
      766,
      1810
    ],
    "2508.12866v1": [
      788
    ],
    "2508.20891v2": [
      18,
      362,
      402,
      575,
      1463,
      2807,
      2911,
      4192,
      4367
    ],
    "2509.01069v1": [
      893
    ],
    "2509.02906v1": [
      3416
    ],
    "2509.06478v1": [
      6220,
      6247,
      6331,
      6337,
      8331,
      8342,
      8363,
      8379
    ],
    "2509.08894v1": [
      690,
      3930
    ],
    "2509.09984v1": [
      356,
      407
    ],
    "2509.10883v1": [
      87097
    ],
    "2509.12310v1": [
      1681
    ],
    "2509.15133v1": [
      210,
      226,
      1091,
      1190,
      1200,
      1888,
      1993,
      2006,
      2069,
      2086,
      2098,
      2112,
      2338,
      2344,
      2373,
      2883
    ],
    "2509.20202v3": [
      7884
    ],
    "2509.21304v1": [
      2807,
      2878,
      3408
    ],
    "2509.21467v1": [
      4849
    ],
    "2509.21610v1": [
      5297,
      5335
    ],
    "2509.21627v1": [
      3993
    ],
    "2510.08069v1": [
      1350,
      1356
    ],
    "2510.09802v1": [
      6,
      150,
      199,
      235,
      279,
      319,
      351,
      416,
      507,
      534,
      551,
      575,
      605,
      654,
      672,
      759,
      1196,
      1779,
      1858,
      2118,
      2515,
      2673,
      2679,
      2724,
      2883,
      3111,
      3209,
      3289,
      3314,
      3332,
      3462,
      3534,
      3662,
      3802,
      3889,
      3983,
      4322,
      4432,
      4738,
      4751,
      5423
    ],
    "2510.15453v1": [
      5350
    ],
    "2510.17547v1": [
      3158
    ],
    "2510.17574v1": [
      2415,
      2443
    ],
    "2510.17746v1": [
      1750,
      1753
    ],
    "2510.20823v2": [
      4789
    ],
    "2510.22093v1": [
      601,
      12285,
      12300,
      12313,
      12741
    ],
    "2510.22144v1": [
      2583
    ],
    "2510.27639v1": [
      3155
    ],
    "2511.01586v1": [
      6678
    ],
    "2511.06478v1": [
      262
    ],
    "2511.08270v1": [
      8095,
      8719
    ],
    "2511.09289v1": [
      2078
    ],
    "2511.10350v1": [
      599
    ],
    "2511.10785v1": [
      6937,
      11880,
      11934
    ],
    "2511.10927v1": [
      85450,
      85684
    ]
  },
  "28120": {
    "0704.1187": [
      174
    ],
    "0704.1976": [
      735,
      5639
    ],
    "0704.2170": [
      2833
    ],
    "0706.3718": [
      3354,
      3364,
      3372
    ],
    "0706.4367": [
      228
    ],
    "0708.0241": [
      7,
      416,
      447,
      468,
      474,
      482
    ],
    "1007.3753": [
      5552
    ],
    "1008.2996": [
      5855
    ],
    "1008.4184": [
      4285
    ],
    "1008.4185": [
      4049
    ],
    "1008.4416": [
      2724
    ],
    "2501.15498v1": [
      6,
      2393,
      2569
    ]
  },
  "25950": {
    "0704.1523": [
      368
    ],
    "0812.5114": [
      3491
    ],
    "0901.1572": [
      82,
      207,
      241,
      1468,
      2183,
      2278,
      2295,
      2361,
      2364
    ]
  },
  "16679": {
    "0704.1773": [
      3070
    ],
    "0704.2032": [
      573
    ],
    "0704.3021": [
      738
    ],
    "0705.1520": [
      972
    ],
    "0705.2667": [
      161
    ],
    "0705.2719": [
      331,
      445
    ],
    "0705.3945": [
      128
    ],
    "0706.0516": [
      6828
    ],
    "0706.1122": [
      842,
      945
    ],
    "0706.1126": [
      542,
      2545
    ],
    "0707.2607": [
      3819,
      4465,
      4598,
      4612,
      4989,
      5711,
      6887,
      6988,
      6996,
      7596,
      7639
    ],
    "0707.3239": [
      6,
      20,
      30,
      73,
      277,
      329,
      1049,
      1066,
      1068,
      1108,
      1150,
      1192,
      1247,
      1344,
      1384,
      1396,
      1422,
      1681,
      2044,
      2137,
      2144
    ],