{
  "15531": {
    "0704.0938": [
      101
    ],
    "0704.1953": [
      276
    ],
    "0704.2285": [
      321
    ],
    "0704.2853": [
      740
    ],
    "0704.3543": [
      973
    ],
    "0705.0199": [
      1088
    ],
    "0705.1556": [
      3398
    ],
    "0705.1558": [
      1720
    ],
    "0705.1932": [
      1718
    ],
    "0705.2629": [
      517
    ],
    "0705.2708": [
      32
    ],
    "0705.3027": [
      175
    ],
    "0705.3934": [
      4015
    ],
    "0705.4023": [
      137
    ],
    "0706.0330": [
      189
    ],
    "0706.1082": [
      916
    ],
    "0706.1648": [
      1580
    ],
    "0706.2834": [
      543
    ],
    "0706.2895": [
      4596
    ],
    "0706.3164": [
      4978
    ],
    "0707.0853": [
      299
    ],
    "0707.1209": [
      120
    ],
    "0707.1259": [
      1993
    ],
    "0707.2336": [
      180
    ],
    "0707.2869": [
      102
    ],
    "0707.3189": [
      161
    ],
    "0707.3216": [
      2346
    ],
    "0707.3291": [
      155
    ],
    "0707.3559": [
      18247
    ],
    "0707.3900": [
      224
    ],
    "0707.4309": [
      1501
    ],
    "0812.4165": [
      399
    ],
    "0901.0166": [
      116
    ],
    "0901.1196": [
      2238
    ],
    "0901.1208": [
      2856
    ],
    "0901.1301": [
      178
    ],
    "0901.1598": [
      470,
      6555
    ],
    "0901.2424": [
      202
    ],
    "0901.2766": [
      53
    ],
    "0901.3487": [
      51
    ],
    "0901.4001": [
      990
    ],
    "0901.4187": [
      2062
    ],
    "0901.4505": [
      3946
    ],
    "0901.4812": [
      2055
    ],
    "0902.1498": [
      3488
    ],
    "0902.3251": [
      599
    ],
    "1007.1931": [
      5467
    ],
    "1007.2107": [
      2098
    ],
    "1007.3886": [
      4141
    ],
    "1007.4488": [
      171
    ],
    "1008.0764": [
      2928
    ],
    "1008.1807": [
      3135
    ],
    "1008.2110": [
      173
    ],
    "1008.2606": [
      150
    ],
    "1008.4801": [
      2145
    ],
    "1008.4983": [
      1224
    ],
    "1009.1270": [
      93
    ],
    "1707.06230v1": [
      4847
    ],
    "1911.01315v2": [
      597
    ],
    "2306.01087v1": [
      1447
    ]
  },
  "30771": {
    "0706.2731": [
      2568
    ],
    "0812.3901": [
      3135
    ],
    "0902.2187": [
      1834,
      2197,
      2222
    ],
    "1008.4599": [
      2338
    ]
  }
}