{
  "24072": {
    "0704.2131": [
      1763
    ],
    "0705.1331": [
      2459
    ],
    "0705.2712": [
      6079
    ],
    "0705.3254": [
      2818
    ],
    "0705.3596": [
      4000
    ],
    "0706.2768": [
      7685
    ],
    "0706.2823": [
      3312
    ],
    "0706.3460": [
      4232
    ],
    "0706.4080": [
      3981
    ],
    "0707.1573": [
      2170
    ],
    "0707.2614": [
      4798,
      4804
    ],
    "0707.2752": [
      1416,
      1421
    ],
    "0707.2950": [
      5285
    ],
    "0708.0265": [
      1203
    ],
    "0901.2144": [
      3764
    ],
    "0901.2517": [
      3985
    ],
    "0901.3228": [
      2452
    ],
    "0901.4095": [
      1368,
      1373
    ],
    "0901.4783": [
      1255
    ],
    "0902.0003": [
      6430,
      6435
    ],
    "0902.0386": [
      4068
    ],
    "0902.1526": [
      2120,
      2125
    ],
    "0902.1802": [
      5752,
      5757
    ],
    "0902.2676": [
      2207
    ],
    "1007.1916": [
      3776
    ],
    "1007.2439": [
      4250
    ],
    "1007.4694": [
      1806
    ],
    "1008.0759": [
      3484
    ],
    "1008.2383": [
      4890,
      4895
    ],
    "1008.4313": [
      3528,
      3533
    ],
    "1008.5366": [
      3747,
      3752
    ],
    "1709.07622v1": [
      1369,
      2322
    ],
    "1907.05243v2": [
      2795
    ],
    "1907.12958v2": [
      1073,
      7805
    ],
    "2012.14023v4": [
      4937
    ],
    "2103.13999v1": [
      1471,
      5878
    ],
    "2104.05174v1": [
      9439
    ],
    "2203.17175v1": [
      2715
    ],
    "2204.09332v1": [
      2430
    ],
    "2212.09079v1": [
      7317
    ],
    "2309.07346v1": [
      2965
    ],
    "2407.17955v1": [
      5436
    ],
    "2410.10606v2": [
      7086
    ],
    "2507.08907v1": [
      2471,
      2476
    ],
    "2508.15107v2": [
      6607
    ],
    "2510.14587v1": [
      2950,
      3009
    ]
  }
}