{
  "19903": {
    "0704.0316": [
      25
    ],
    "0704.0734": [
      24
    ],
    "0704.2184": [
      30
    ],
    "0704.2541": [
      9,
      210
    ],
    "0704.3205": [
      46
    ],
    "0705.0249": [
      219
    ],
    "0705.0295": [
      3182
    ],
    "0705.0354": [
      3617
    ],
    "0705.0706": [
      13
    ],
    "0705.1132": [
      5135
    ],
    "0705.3268": [
      1391
    ],
    "0705.3341": [
      3137
    ],
    "0705.4407": [
      10
    ],
    "0705.4569": [
      36,
      45
    ],
    "0706.0033": [
      6215
    ],
    "0706.1311": [
      7623
    ],
    "0706.2274": [
      8
    ],
    "0706.2280": [
      6182
    ],
    "0706.3607": [
      16
    ],
    "0707.0172": [
      2398
    ],
    "0707.1017": [
      3470
    ],
    "0707.2097": [
      1208,
      1214
    ],
    "0707.2149": [
      20
    ],
    "0707.3900": [
      9
    ],
    "0707.3909": [
      9
    ],
    "0708.0282": [
      18
    ],
    "0812.4014": [
      11
    ],
    "0901.1088": [
      9
    ],
    "0901.1611": [
      4222
    ],
    "0901.1694": [
      11
    ],
    "0901.2504": [
      20501,
      20524,
      20528
    ],
    "0901.3562": [
      17
    ],
    "0901.4168": [
      975,
      3931
    ],
    "0901.4460": [
      9,
      2971,
      2978
    ],
    "0902.0203": [
      4406
    ],
    "0902.0377": [
      12,
      65,
      106,
      717,
      91862
    ],
    "0902.0475": [
      4117
    ],
    "0902.0927": [
      9
    ],
    "1007.2227": [
      33
    ],
    "1007.2630": [
      36
    ],
    "1007.3894": [
      1993
    ],
    "1007.3978": [
      15915
    ],
    "1008.0081": [
      16
    ],
    "1008.0710": [
      314,
      9891,
      9907,
      10206,
      10222
    ],
    "1008.1478": [
      5351
    ],
    "1008.1730": [
      3305
    ],
    "1008.1757": [
      9
    ],
    "1008.1789": [
      15477
    ],
    "1008.1944": [
      16
    ],
    "1008.2016": [
      14
    ],
    "1008.2293": [
      6666
    ],
    "1008.2309": [
      8
    ],
    "1008.2670": [
      13
    ],
    "1008.3076": [
      4022
    ],
    "1008.3082": [
      9
    ],
    "1008.3379": [
      7315
    ],
    "1008.3643": [
      8
    ],
    "1009.0218": [
      20,
      72
    ],
    "1009.0615": [
      35
    ],
    "1009.0871": [
      14
    ],
    "1009.1027": [
      12
    ],
    "2505.06192v1": [
      5548
    ],
    "2507.01162v1": [
      7765
    ],
    "2509.08944v1": [
      16
    ],
    "2509.24876v1": [
      29
    ]
  },
  "46361": {
    "0704.0646": [
      285
    ]
  },
  "46359": {
    "0705.1164": [
      413
    ]
  },
  "36223": {
    "0705.2240": [
      22
    ],
    "0706.2572": [
      384
    ],
    "0706.3019": [
      9
    ],
    "0812.3955": [
      11918,
      22923
    ],
    "0901.3258": [
      8
    ],
    "0902.1000": [
      1877
    ],
    "1007.3772": [
      10173
    ],
    "1007.4160": [
      4135
    ],
    "1008.0145": [
      2136
    ],
    "1008.1822": [
      16
    ],
    "1008.3923": [
      1319
    ],
    "1904.04694v1": [
      3661
    ],
    "2204.08449v1": [
      1282,
      1332
    ],
    "2205.15644v1": [
      44
    ],
    "2405.15639v1": [
      11
    ]
  },
  "36224": {
    "0705.3943": [
      7407
    ],
    "0902.0100": [
      443,
      462
    ]
  },
  "46360": {
    "0706.1140": [
      2253
    ]
  },
  "39702": {
    "1007.4793": [
      4354,
      4457
    ]
  }
}