{
  "22892": {
    "0704.0080": [
      5856
    ],
    "0704.0102": [
      416
    ],
    "0704.0363": [
      132
    ],
    "0704.3640": [
      1906
    ],
    "0704.3907": [
      14034
    ],
    "0705.0459": [
      184
    ],
    "0706.0199": [
      75
    ],
    "0706.1580": [
      4386
    ],
    "0707.0938": [
      1092
    ],
    "0707.2666": [
      1315
    ],
    "0901.2052": [
      4570
    ],
    "0901.4099": [
      1432
    ],
    "0902.1033": [
      1197
    ],
    "0902.3005": [
      1483
    ],
    "1008.1647": [
      1456
    ],
    "1008.4959": [
      2241
    ],
    "1804.02996v1": [
      2746
    ],
    "2509.13544v1": [
      3113
    ]
  }
}