{
  "39896": {
    "0704.0126": [
      1568
    ],
    "0705.3775": [
      2116
    ],
    "0812.3953": [
      1326,
      1420,
      1564
    ],
    "1007.2218": [
      1659
    ],
    "1007.3152": [
      3093
    ],
    "1007.4906": [
      1574
    ],
    "1008.4833": [
      3417
    ],
    "1809.01730v3": [
      3510
    ],
    "1809.06119v5": [
      5221
    ],
    "2208.07210v2": [
      4862
    ],
    "2408.16805v2": [
      6254
    ]
  },
  "30667": {
    "0704.1695": [
      2390
    ],
    "0704.2591": [
      793
    ],
    "0704.3275": [
      1934,
      2011
    ],
    "0705.1921": [
      1662
    ],
    "0706.1523": [
      107
    ],
    "0812.4528": [
      1681
    ],
    "0901.2687": [
      2314
    ],
    "0901.3723": [
      2132
    ],
    "1007.4762": [
      1196
    ]
  }
}