{
  "47543": {
    "0707.2315": [
      1548
    ],
    "0902.2428": [
      2263,
      2277,
      2288
    ],
    "1008.0621": [
      3920
    ],
    "1008.2121": [
      2021
    ],
    "1008.2191": [
      9387,
      9497
    ],
    "2404.09864v1": [
      1445
    ],
    "2504.06645v2": [
      370,
      696,
      839,
      943,
      1338,
      1978,
      2351,
      2792,
      3121,
      3559,
      4614,
      4678,
      4760,
      5036,
      5043,
      5044,
      5083
    ],
    "2507.13893v1": [
      4579
    ],
    "2509.10640v1": [
      2668
    ],
    "2510.15661v1": [
      7129
    ]
  }
}