{
  "53572": {
    "0704.0943": [
      3453
    ],
    "0705.1397": [
      474
    ],
    "0706.0366": [
      173,
      326,
      902,
      1178,
      1224,
      1227,
      1355
    ],
    "0706.1061": [
      262,
      920,
      925,
      931,
      953
    ],
    "0707.0558": [
      6444
    ],
    "0707.2270": [
      339,
      361,
      372,
      377,
      568,
      584,
      811,
      1285
    ],
    "0707.3550": [
      1481
    ],
    "0707.3564": [
      1454
    ],
    "0812.4386": [
      3959,
      3961
    ],
    "0812.4757": [
      2938
    ],
    "0901.0760": [
      159
    ],
    "0901.4761": [
      776
    ],
    "0902.0234": [
      3484,
      3518,
      3730,
      3840,
      3847,
      3848,
      3855,
      3896
    ],
    "0902.0379": [
      689,
      852
    ],
    "0902.1655": [
      566
    ],
    "0902.2150": [
      2537
    ],
    "0902.2335": [
      475
    ],
    "1007.1390": [
      2826
    ],
    "1007.4580": [
      2325
    ],
    "1007.4613": [
      1135
    ],
    "1008.4936": [
      7923,
      7928,
      9231,
      9239,
      12339
    ],
    "1009.0076": [
      15
    ],
    "1705.05706v1": [
      1065
    ],
    "1705.07239v1": [
      1812
    ],
    "1708.05641v1": [
      681,
      696
    ],
    "1711.05892v2": [
      628
    ],
    "1905.10977v1": [
      644
    ],
    "2003.08363v2": [
      316
    ],
    "2007.12814v1": [
      3669
    ],
    "2010.00489v3": [
      646,
      1424
    ],
    "2012.07407v2": [
      1690,
      2198,
      2414,
      2598,
      2606,
      2619,
      2623,
      2688,
      3280,
      3556,
      3617,
      3623,
      3659,
      3673,
      3779,
      3853,
      3877,
      3889,
      3897,
      3935,
      4613,
      4636,
      4641,
      4718,
      4765,
      4800,
      5284,
      5684
    ],
    "2012.12829v1": [
      1199
    ],
    "2104.05543v2": [
      2596
    ],
    "2104.08217v1": [
      2180
    ],
    "2104.10960v1": [
      937,
      1041,
      1142,
      1261,
      1278,
      1292,
      1516,
      1542
    ],
    "2107.02260v1": [
      73,
      336,
      408,
      416,
      747,
      858,
      882,
      905,
      917,
      929,
      1185,
      1323,
      1360,
      1434,
      1499,
      1576,
      1697,
      1703,
      1737,
      2039,
      2049,
      2106,
      2115,
      2188,
      2480,
      2482,
      2634,
      2893,
      2899,
      2911,
      2918,
      2954,
      2961,
      3007,
      3158
    ],
    "2108.01945v2": [
      4091,
      5252
    ],
    "2203.07790v1": [
      443,
      1378,
      1404,
      1437,
      1522,
      2918,
      3025,
      3031,
      3337
    ],
    "2203.07899v1": [
      14,
      121,
      535,
      1044,
      1205,
      1507,
      1745,
      1750,
      1761,
      1774,
      1817,
      2931,
      3111,
      3243,
      3281,
      3308,
      3342,
      3634,
      4261,
      4325,
      4382,
      4489,
      4547,
      4613,
      4624,
      4730,
      4739,
      4967,
      5081,
      5157,
      5172,
      5273,
      5313,
      5459,
      5589,
      6288
    ],
    "2204.00674v1": [
      1227,
      1741,
      1872
    ],
    "2208.07210v2": [
      1179,
      1202,
      1211,
      1239,
      1244,
      1253,
      1260,
      4593,
      5261,
      5414
    ],
    "2210.08364v2": [
      132,
      634,
      652,
      1101,
      2736,
      2762,
      2771,
      2782,
      2794,
      2803,
      2813,
      2822,
      2838,
      3568,
      4132
    ],
    "2211.07403v1": [
      782,
      1900,
      1904,
      1908,
      1909,
      1910,
      1911,
      1912,
      1913,
      2020,
      2033,
      2979,
      2998,
      3001,
      3017,
      3060
    ],
    "2211.15412v4": [
      15440
    ],
    "2302.06893v2": [
      5225
    ],
    "2303.05446v2": [
      1646,
      1715,
      7073
    ],
    "2303.14917v4": [
      1891
    ],
    "2303.16612v1": [
      252,
      290,
      5173
    ],
    "2305.04212v1": [
      3611
    ],
    "2307.01747v2": [
      1884,
      1960,
      1964,
      1977,
      1997,
      2080,
      2117,
      2426,
      2531,
      2777,
      2782,
      2829
    ],
    "2307.11226v1": [
      1511,
      1729,
      2443,
      2469
    ],
    "2403.08965v3": [
      5899
    ],
    "2405.19801v1": [
      1409,
      1427
    ],
    "2406.01000v1": [
      624,
      637
    ],
    "2406.19757v1": [
      943
    ],
    "2501.14115v2": [
      395
    ],
    "2501.17336v1": [
      479,
      506,
      510,
      523,
      655,
      1488,
      1694,
      1732,
      1807,
      1876,
      1974,
      2098,
      2114,
      2283
    ],
    "2503.12643v3": [
      381,
      412,
      490,
      1193,
      1375,
      1668,
      1688,
      3296,
      5717,
      5958,
      5998
    ],
    "2504.02262v1": [
      1835
    ],
    "2504.06176v2": [
      2618,
      2950,
      2971,
      3632,
      3636
    ],
    "2504.11894v1": [
      571,
      580,
      639
    ],
    "2506.07858v1": [
      1964,
      2019,
      2040,
      2096,
      2619,
      3174,
      3214,
      3217,
      3270,
      3803,
      3981,
      3984
    ],
    "2507.18117v1": [
      1188,
      1194,
      1217,
      1274,
      1287,
      1298
    ],
    "2508.13467v2": [
      2150,
      6341
    ],
    "2508.17146v1": [
      80,
      299,
      364,
      799,
      828,
      1072,
      1240,
      1249,
      1985,
      2053,
      2780,
      2788,
      2848,
      2856,
      2900,
      3360
    ],
    "2509.15131v1": [
      4429
    ],
    "2510.08643v1": [
      409
    ],
    "2511.04644v1": [
      2616
    ],
    "2511.04764v1": [
      394
    ],
    "2511.07191v1": [
      1702
    ],
    "2511.07323v2": [
      10
    ],
    "2511.08766v1": [
      1990,
      2036,
      2878,
      5791,
      5869,
      6048
    ],
    "2511.08862v1": [
      1385,
      1470,
      1479
    ],
    "2511.14752v1": [
      1398
    ]
  },
  "32929": {
    "0706.3342": [
      1105
    ],
    "0707.0834": [
      1931
    ],
    "1007.2756": [
      568
    ],
    "1007.3055": [
      2213,
      2222
    ]
  },
  "51251": {
    "2012.07407v2": [
      3595
    ]
  }
}