{
  "11937": {
    "0704.1129": [
      2770,
      2789,
      3077,
      3099,
      4445,
      4448,
      4453,
      4459,
      4504,
      4510
    ],
    "0704.1237": [
      4957
    ],
    "0704.1302": [
      141,
      431,
      608,
      1107,
      1116
    ],
    "0704.1519": [
      5085
    ],
    "0704.2175": [
      3535
    ],
    "0705.2582": [
      6106
    ],
    "0705.2743": [
      2620
    ],
    "0705.4094": [
      3664,
      3666
    ],
    "0705.4110": [
      741,
      771,
      4357,
      4526,
      4701
    ],
    "0706.2865": [
      1790
    ],
    "0706.3386": [
      1645,
      1690,
      1700
    ],
    "0707.0449": [
      3874,
      3942
    ],
    "0707.0501": [
      2508,
      2511
    ],
    "0707.0739": [
      5804
    ],
    "0901.0532": [
      5138
    ],
    "0901.0951": [
      2237
    ],
    "0901.0973": [
      4083,
      4204
    ],
    "0901.2841": [
      2315
    ],
    "0902.1137": [
      7922
    ],
    "0902.1799": [
      1954
    ],
    "1007.2023": [
      4019
    ],
    "1007.3018": [
      5911
    ],
    "1007.3170": [
      4931,
      5929
    ],
    "1007.3319": [
      2631,
      2651,
      2912,
      2930
    ],
    "1007.5074": [
      1666
    ],
    "1007.5168": [
      756
    ],
    "1008.0121": [
      4172
    ],
    "1008.0616": [
      4982,
      13898,
      19518,
      19945
    ],
    "1008.0997": [
      2257
    ],
    "1008.1629": [
      7496,
      7500,
      7515,
      7532,
      7547
    ],
    "1008.2545": [
      445,
      468,
      941,
      1569,
      2318,
      3113,
      3997,
      4839,
      4884,
      5764,
      5904,
      6237,
      6272,
      6391,
      6429,
      6518,
      6540,
      6599,
      6647
    ],
    "1008.4306": [
      11
    ],
    "1009.0747": [
      1662,
      1700
    ],
    "1009.1317": [
      1474
    ],
    "2106.10293v1": [
      2056
    ],
    "2503.08320v1": [
      3210
    ],
    "2508.12246v1": [
      3947
    ],
    "2508.13119v1": [
      780,
      3697,
      3702,
      3732,
      3796,
      3867
    ],
    "2509.02858v1": [
      5562
    ],
    "2509.05180v1": [
      1783,
      1921,
      1929,
      2135,
      2144
    ],
    "2509.05861v1": [
      4963
    ],
    "2509.06910v1": [
      3549
    ],
    "2509.10621v1": [
      4868
    ],
    "2509.12116v1": [
      3680
    ],
    "2509.13422v1": [
      2369
    ],
    "2509.17216v1": [
      5185
    ],
    "2509.20289v1": [
      4231
    ],
    "2509.22990v1": [
      12463
    ],
    "2509.26421v1": [
      2703
    ],
    "2510.08266v1": [
      3206
    ],
    "2510.09165v1": [
      7401,
      7555
    ],
    "2510.12601v1": [
      3727
    ],
    "2510.17985v1": [
      6123
    ],
    "2510.18505v1": [
      2093,
      2509
    ],
    "2510.20048v1": [
      3630
    ],
    "2510.24877v1": [
      6995
    ],
    "2510.25097v1": [
      2265
    ],
    "2511.02581v1": [
      4421
    ],
    "2511.03587v1": [
      2551
    ],
    "2511.04738v1": [
      4979,
      4983,
      4987,
      4991
    ],
    "2511.05248v1": [
      45196
    ],
    "2511.08862v1": [
      7503
    ],
    "2511.14338v1": [
      2207
    ]
  },
  "33761": {
    "0705.2554": [
      2658
    ],
    "0901.0155": [
      1699,
      1720
    ],
    "2510.01589v1": [
      4641
    ]
  },
  "19678": {
    "0705.4094": [
      3673,
      3689,
      3692,
      3702
    ],
    "0705.4110": [
      2,
      74,
      93,
      737,
      779,
      830,
      839,
      844,
      861,
      1041,
      3978,
      4033,
      4073,
      4086,
      4323,
      4374,
      4389,
      4393,
      4449,
      4463,
      4466,
      4480,
      4490,
      4525,
      4622
    ]
  },
  "52198": {
    "0705.4094": [
      3698
    ]
  },
  "36033": {
    "0705.4112": [
      738
    ],
    "0901.3758": [
      8928
    ],
    "2402.01856v2": [
      3381
    ]
  },
  "29346": {
    "0707.0086": [
      188,
      383,
      1404,
      4408,
      4490,
      5291,
      6916
    ]
  },
  "21102": {
    "0707.0181": [
      1399,
      1401,
      1421,
      1454,
      1651,
      1680,
      1737
    ],
    "0707.4389": [
      505
    ],
    "0901.3670": [
      3250,
      3522
    ],
    "1007.5196": [
      17498
    ],
    "1008.0616": [
      640
    ],
    "1008.1629": [
      7487
    ],
    "1804.04088v1": [
      3628
    ],
    "1806.09861v1": [
      1281
    ],
    "1903.08748v1": [
      4654,
      4690,
      4746
    ],
    "1907.07989v1": [
      6896
    ],
    "2210.00455v1": [
      4264
    ],
    "2306.01085v1": [
      5540
    ],
    "2409.15233v1": [
      4652
    ],
    "2509.24487v1": [
      4279
    ]
  }
}