{
  "16710": {
    "0704.2952": [
      277
    ],
    "0704.3772": [
      969,
      1118
    ],
    "0705.0387": [
      1693
    ],
    "0705.0940": [
      3457,
      3540,
      3676,
      12108
    ],
    "0705.1353": [
      115
    ],
    "0705.2505": [
      318
    ],
    "0705.3511": [
      3953
    ],
    "0706.0921": [
      1185
    ],
    "0706.3759": [
      3325,
      3702
    ],
    "0706.4336": [
      1855
    ],
    "0707.0006": [
      4394
    ],
    "0707.1454": [
      825
    ],
    "0707.1663": [
      3249
    ],
    "0707.1700": [
      779
    ],
    "0707.2697": [
      1891
    ],
    "0707.4065": [
      397,
      622,
      870,
      1328,
      1534,
      1536,
      1605,
      1711,
      1757,
      2049,
      2306,
      2654,
      2781,
      3039,
      3096,
      3199,
      3206,
      3470,
      3943,
      4327,
      4859,
      5333,
      5482,
      5495,
      5648,
      5752,
      5799,
      5806,
      5813
    ],
    "0708.0064": [
      1589
    ],
    "0901.0286": [
      3666,
      5081,
      5728,
      10175,
      10224
    ],
    "0901.2222": [
      809
    ],
    "0902.0208": [
      1564
    ],
    "0902.1991": [
      1508
    ],
    "1007.1561": [
      89
    ],
    "1007.2017": [
      3988
    ],
    "1007.4310": [
      1021
    ],
    "1008.1073": [
      1234
    ],
    "1008.3728": [
      3465,
      3565,
      6006
    ],
    "1008.5396": [
      6199
    ],
    "1009.0281": [
      767
    ],
    "2203.14268v1": [
      1755
    ],
    "2303.13161v1": [
      1480
    ],
    "2304.01553v1": [
      25325
    ],
    "2407.09233v1": [
      1173
    ],
    "2503.22509v1": [
      4942
    ]
  }
}