{
  "52886": {
    "0704.0860": [
      1423,
      1433,
      1637,
      1642,
      1647,
      1652,
      1657,
      1925,
      1930
    ],
    "0704.1925": [
      570,
      585
    ],
    "0704.2040": [
      2075,
      2078,
      2165
    ],
    "0706.0456": [
      457
    ],
    "0706.1310": [
      4153
    ],
    "0706.1619": [
      2486
    ],
    "0706.3792": [
      15018,
      15029,
      15075,
      15079,
      15081
    ],
    "0707.0463": [
      643,
      2199
    ],
    "0707.1452": [
      721
    ],
    "0901.0002": [
      13876,
      15621,
      16613,
      16655,
      16687
    ],
    "0901.0876": [
      125,
      200,
      579,
      615,
      633,
      1678,
      1682,
      1685,
      1687,
      2279,
      2420,
      2430,
      2432,
      2519,
      2785,
      2822,
      2847,
      2879,
      2890,
      2937,
      2953,
      2988,
      3007,
      3036,
      3085,
      3095,
      3442,
      3465,
      3494,
      3556,
      3621,
      3632,
      3642,
      3654,
      3681,
      3718,
      3728,
      3751,
      3763,
      3780,
      3834,
      3935,
      3983
    ],
    "0901.3409": [
      477,
      1382,
      1440,
      1507,
      1749,
      1765,
      1778
    ],
    "1007.2241": [
      5831
    ],
    "1007.2624": [
      1643,
      1649
    ],
    "1008.3339": [
      1959
    ],
    "2404.04449v2": [
      2781
    ],
    "2407.18344v1": [
      4621,
      7185,
      8495,
      8509,
      8991,
      9008
    ]
  }
}