{
  "50889": {
    "0707.1586": [
      119
    ],
    "2008.08542v1": [
      2955
    ],
    "2012.05772v1": [
      44,
      67
    ],
    "2104.04920v1": [
      2293
    ]
  }
}