{
  "52776": {
    "0704.0076": [
      2563,
      2602
    ],
    "0705.0914": [
      876,
      911
    ],
    "0705.0922": [
      1301,
      1302,
      1378,
      4820
    ],
    "0705.1782": [
      716,
      762
    ],
    "0705.2133": [
      262
    ],
    "0706.1150": [
      547,
      548,
      553,
      558,
      573,
      584,
      585,
      587,
      588,
      612,
      666,
      667,
      670,
      673,
      736,
      904,
      906,
      1019,
      1020,
      1220,
      1221,
      1252,
      1257,
      1300,
      1391,
      1392,
      1402,
      1403,
      1426,
      1427,
      1445,
      1446,
      1456,
      1457,
      1460,
      1467,
      1472,
      1473,
      1482,
      1483,
      1498,
      1502,
      1688,
      1690,
      1711,
      1712,
      1728,
      1752,
      1753,
      1755,
      1757,
      1765,
      1766,
      1767,
      1804,
      1805,
      1810,
      1957,
      1961,
      1963,
      1968,
      1969,
      2042,
      2050,
      2086,
      2932,
      2956
    ],
    "0706.1380": [
      2843
    ],
    "0706.1850": [
      2813,
      2814,
      2832,
      2843,
      2950,
      5714,
      5855
    ],
    "0706.2156": [
      838,
      858,
      869
    ],
    "0707.0694": [
      2329,
      2374,
      2406,
      2412,
      2415,
      2423,
      2490,
      2672,
      3533,
      3550,
      3559,
      3568
    ],
    "0707.2838": [
      360,
      365,
      431
    ],
    "0707.2967": [
      353,
      401,
      414,
      477
    ],
    "0708.0119": [
      504,
      505,
      908
    ],
    "0901.4396": [
      1133,
      1134,
      1298,
      2044
    ],
    "0902.0457": [
      494,
      548,
      564,
      573,
      862
    ],
    "0902.2367": [
      4501
    ],
    "1007.4003": [
      2977
    ],
    "1007.4256": [
      1372,
      2250,
      2256,
      2263,
      2731,
      2815,
      3032
    ],
    "1008.4776": [
      1619,
      1662,
      3639,
      3772,
      3776
    ],
    "1008.5225": [
      855,
      864,
      931,
      1402,
      1406
    ],
    "1009.0224": [
      3758,
      3760,
      3898,
      3966,
      3968,
      4028,
      4034,
      4080,
      4091,
      4096,
      4098,
      4099,
      4123,
      4141
    ],
    "2204.10261v3": [
      1917
    ],
    "2505.11374v2": [
      4627,
      4815,
      4934,
      4976
    ],
    "2508.01428v2": [
      424,
      2038
    ],
    "2508.07998v1": [
      12121,
      12131,
      12170,
      12232,
      12551,
      12569,
      15183
    ],
    "2509.03732v1": [
      795,
      1306,
      1311,
      1340,
      1641,
      3009
    ],
    "2509.19693v1": [
      848
    ],
    "2510.25334v1": [
      2012,
      2024,
      3662,
      3667
    ],
    "2511.01972v1": [
      776,
      945,
      1065
    ]
  },
  "29587": {
    "2008.05435v1": [
      153,
      712,
      716,
      1097,
      1136,
      1328
    ],
    "2008.07647v5": [
      2066
    ]
  }
}