{
  "30087": {
    "2508.14367v2": [
      16
    ],
    "2509.11475v1": [
      24
    ],
    "2509.14539v1": [
      11745
    ],
    "2509.15527v1": [
      4897,
      5512
    ],
    "2511.10751v2": [
      6609
    ]
  }
}