{
  "52044": {
    "0704.0955": [
      1601
    ],
    "0704.3334": [
      807
    ],
    "0705.0377": [
      1618,
      3004
    ],
    "0705.0644": [
      1210,
      1217,
      3222,
      3224,
      3246,
      3257,
      3286,
      3291
    ],
    "0706.0243": [
      4106,
      4121,
      4221,
      11502
    ],
    "0706.0268": [
      3580
    ],
    "0706.0287": [
      810
    ],
    "0706.0683": [
      2725
    ],
    "0706.0983": [
      1924
    ],
    "0706.2240": [
      1237
    ],
    "0706.3327": [
      643
    ],
    "0706.3412": [
      346
    ],
    "0707.0420": [
      362
    ],
    "0707.2449": [
      824,
      839
    ],
    "0812.4459": [
      406,
      468,
      571,
      706,
      2505,
      2533,
      2729,
      3368,
      3804,
      4824,
      5144
    ],
    "0902.0321": [
      137,
      459,
      722,
      802,
      976
    ],
    "0902.2291": [
      803
    ],
    "1007.2476": [
      1381
    ],
    "1007.2513": [
      3041,
      3044
    ],
    "1007.2579": [
      3115
    ],
    "1007.3290": [
      4530
    ],
    "1007.4654": [
      1120
    ],
    "1008.0100": [
      1307,
      1374
    ],
    "1008.1032": [
      1781,
      1795,
      1823
    ],
    "1008.1810": [
      1631
    ],
    "1008.1917": [
      7579,
      7688,
      7732
    ],
    "1008.2944": [
      1859
    ],
    "1008.4134": [
      854,
      857
    ],
    "1008.4155": [
      1133
    ],
    "1009.0460": [
      3404
    ],
    "1009.0656": [
      734
    ],
    "1009.1201": [
      930
    ],
    "1009.1364": [
      5214
    ],
    "1009.1460": [
      773,
      867,
      1108,
      1111,
      1156,
      1444,
      1458,
      1894,
      2017
    ],
    "1806.07306v3": [
      2066,
      2070
    ],
    "2501.00474v2": [
      1471,
      3413
    ],
    "2508.14971v2": [
      2186
    ],
    "2509.04818v2": [
      3272,
      3275
    ],
    "2509.13571v1": [
      3679
    ],
    "2511.05248v1": [
      54582
    ]
  }
}