{
  "53212": {
    "0704.0886": [
      2250,
      2263
    ],
    "0705.0753": [
      6115,
      6157
    ],
    "0705.4285": [
      1370
    ],
    "0706.1940": [
      13817
    ],
    "0707.0437": [
      3132
    ],
    "0707.2980": [
      1197
    ],
    "0812.3914": [
      227
    ],
    "0812.4843": [
      3514
    ],
    "0901.0426": [
      684,
      687,
      854
    ],
    "0901.3058": [
      1954
    ],
    "0901.3476": [
      3204,
      3216,
      3237
    ],
    "0901.4756": [
      4257
    ],
    "1007.3773": [
      1888,
      2900,
      4662,
      4697,
      4727,
      4740,
      4752,
      4759,
      4761,
      4785
    ],
    "1008.1593": [
      674
    ],
    "1008.4244": [
      2207
    ],
    "2012.10855v1": [
      1489,
      3616
    ],
    "2209.08577v1": [
      1033,
      1036,
      1182,
      1186,
      1803,
      1805,
      1828,
      1834,
      1878,
      1882,
      1891,
      1897,
      2025,
      2029,
      2145,
      2149,
      2394,
      2398,
      2472,
      2476,
      3440,
      3510,
      3517,
      3542,
      3551,
      3568,
      3577,
      3590,
      3599,
      3611,
      3615
    ],
    "2303.00643v1": [
      2045,
      2923,
      3025,
      3035
    ],
    "2311.06803v1": [
      1216
    ]
  }
}