{
  "27990": {
    "0704.0712": [
      2577
    ],
    "0704.1598": [
      3685,
      3733
    ],
    "0705.0289": [
      2790
    ],
    "0705.0809": [
      4854
    ],
    "0706.1343": [
      2009
    ],
    "0706.2826": [
      2639
    ],
    "0706.3899": [
      2902
    ],
    "0707.3475": [
      5506
    ],
    "0812.4192": [
      5568
    ],
    "0902.2168": [
      15,
      1540,
      1554,
      1560
    ],
    "1007.3180": [
      21,
      2731,
      2738,
      2756,
      2786,
      2790,
      2808
    ],
    "1007.3182": [
      20,
      44,
      4006,
      4023,
      4029,
      4035,
      4097,
      4112
    ],
    "1008.0547": [
      1738
    ],
    "1008.0718": [
      15,
      3703
    ],
    "1008.0733": [
      3226,
      3245
    ],
    "1008.2623": [
      1217
    ],
    "1008.4666": [
      2823
    ],
    "1009.1495": [
      1476
    ],
    "2107.13032v1": [
      6581
    ],
    "2507.13850v1": [
      11783,
      11856,
      11880
    ],
    "2509.01069v1": [
      3881
    ],
    "2509.03216v1": [
      10146,
      10269
    ],
    "2510.18528v1": [
      1102,
      2667
    ],
    "2511.14338v1": [
      1649,
      2283
    ]
  }
}