{
  "18641": {
    "0704.0919": [
      5495
    ],
    "0704.3620": [
      7944,
      7962,
      7968,
      7977,
      8131,
      8191,
      8344,
      8355,
      8360
    ],
    "0705.0667": [
      1010,
      1155,
      1203
    ],
    "0705.2350": [
      3656,
      3855,
      19487,
      20311,
      20647
    ],
    "0705.2869": [
      811
    ],
    "0705.3666": [
      2476
    ],
    "0705.4139": [
      5964
    ],
    "0705.4671": [
      1475
    ],
    "0706.0001": [
      7324
    ],
    "0706.0342": [
      1330,
      1352,
      1374
    ],
    "0706.0483": [
      2773
    ],
    "0706.0501": [
      817,
      823
    ],
    "0706.1478": [
      2141
    ],
    "0706.2569": [
      6899
    ],
    "0706.3090": [
      2289
    ],
    "0707.0685": [
      2782
    ],
    "0707.2058": [
      1564
    ],
    "0707.3513": [
      1490
    ],
    "0708.0179": [
      1166
    ],
    "0901.0512": [
      60305,
      183900,
      359784
    ],
    "0901.2289": [
      2270
    ],
    "0901.2875": [
      1785
    ],
    "0901.3782": [
      5518
    ],
    "0901.3927": [
      5187
    ],
    "0901.4975": [
      4424
    ],
    "0902.2243": [
      2074,
      2164
    ],
    "1007.0784": [
      2757
    ],
    "1007.2857": [
      7095
    ],
    "1007.3335": [
      2757
    ],
    "1008.0071": [
      1190
    ],
    "1008.1613": [
      2843
    ],
    "1008.2206": [
      5466
    ],
    "1008.5107": [
      5105,
      5283,
      5338
    ],
    "1009.0940": [
      3054,
      3057,
      3062
    ],
    "1009.1127": [
      6486
    ],
    "1709.03673v1": [
      1748
    ],
    "1808.05039v1": [
      3348
    ],
    "2210.03397v3": [
      2293
    ],
    "2212.09079v1": [
      7926,
      7929,
      7932
    ],
    "2507.09366v1": [
      3325
    ],
    "2508.01267v1": [
      16,
      305,
      1083,
      1615,
      2080,
      2863
    ],
    "2510.18820v1": [
      3914
    ],
    "2511.08824v1": [
      5867
    ],
    "2511.08891v1": [
      4513
    ]
  },
  "51100": {
    "0705.2508": [
      24904
    ],
    "0901.1391": [
      3715
    ]
  }
}