{
  "38976": {
    "0705.0512": [
      265
    ],
    "0707.1641": [
      350
    ],
    "0812.4752": [
      1175
    ],
    "0901.1124": [
      1140
    ],
    "1901.06884v1": [
      884,
      3519
    ],
    "2508.11202v2": [
      438,
      3080
    ],
    "2508.12895v2": [
      1385,
      1389
    ]
  },
  "28252": {
    "0705.4151": [
      14,
      4628
    ],
    "0705.4153": [
      5145,
      5441,
      5471,
      5485
    ],
    "0902.0191": [
      1777,
      5098
    ]
  }
}