{
  "52903": {
    "0705.1950": [
      1566
    ],
    "0705.2685": [
      460,
      1265,
      1295,
      1561,
      1565,
      7370
    ],
    "0901.3544": [
      1543
    ],
    "0902.0025": [
      1362,
      1379
    ],
    "0902.1598": [
      717
    ],
    "1007.0894": [
      1477
    ],
    "1007.2466": [
      99
    ],
    "1007.3451": [
      2840,
      3299,
      3351
    ],
    "1008.1290": [
      2802,
      2893,
      3246,
      3249,
      3257,
      3261,
      4124,
      4204,
      4228
    ],
    "1008.1414": [
      1808
    ],
    "1008.1468": [
      3047
    ],
    "1008.1512": [
      784
    ],
    "1008.2026": [
      15434,
      15437
    ],
    "2306.15391v1": [
      2748
    ],
    "2508.08699v1": [
      6863
    ],
    "2508.16775v2": [
      4762
    ],
    "2508.18424v1": [
      2917
    ],
    "2509.02698v1": [
      5706
    ],
    "2509.11694v1": [
      5218
    ],
    "2509.13549v1": [
      5169
    ],
    "2510.26674v1": [
      1547
    ],
    "2511.01384v1": [
      5546
    ],
    "2511.09312v1": [
      3933
    ],
    "2511.13427v1": [
      2681
    ]
  },
  "48451": {
    "0707.4018": [
      558
    ],
    "1008.1213": [
      3085
    ]
  }
}