{
  "23434": {
    "0704.0961": [
      826
    ],
    "0704.1129": [
      4593,
      4629
    ],
    "0704.1780": [
      359,
      1980
    ],
    "0704.2557": [
      833
    ],
    "0704.3166": [
      129,
      272
    ],
    "0705.2582": [
      172
    ],
    "0706.3460": [
      192
    ],
    "0707.0207": [
      915,
      984
    ],
    "0707.0549": [
      156
    ],
    "0707.0624": [
      3096
    ],
    "0707.2005": [
      1598
    ],
    "0707.2978": [
      2380
    ],
    "0812.4043": [
      79
    ],
    "0901.0938": [
      676
    ],
    "0901.3177": [
      28
    ],
    "0901.4328": [
      2816
    ],
    "1007.4267": [
      940,
      3815
    ],
    "1707.04253v1": [
      86
    ],
    "2508.19695v1": [
      501
    ],
    "2509.08944v1": [
      3972
    ],
    "2509.21610v1": [
      5470
    ],
    "2509.26190v2": [
      2161
    ],
    "2510.00891v1": [
      5905
    ],
    "2510.13593v1": [
      3726
    ],
    "2511.04738v1": [
      376
    ]
  },
  "31612": {
    "0704.1825": [
      37
    ],
    "0705.0475": [
      262
    ],
    "0705.1730": [
      26541
    ],
    "0706.3947": [
      825
    ],
    "0707.0427": [
      4821
    ],
    "0812.4062": [
      867
    ],
    "0901.2753": [
      2765
    ],
    "1007.2612": [
      2044
    ],
    "1007.4740": [
      3524
    ],
    "1008.1550": [
      173,
      403,
      3005,
      3253
    ],
    "1008.2453": [
      4573
    ],
    "1008.3193": [
      2910
    ],
    "1008.3202": [
      213
    ],
    "1008.3204": [
      183
    ],
    "1008.4373": [
      4353,
      5310,
      5556
    ],
    "1803.01935v1": [
      31
    ],
    "1812.08878v1": [
      4389
    ],
    "2101.10691v1": [
      3155,
      3159
    ],
    "2206.02968v1": [
      1136
    ],
    "2510.00169v1": [
      4592
    ]
  }
}