{
  "53465": {
    "0704.0165": [
      1060,
      1062
    ],
    "0704.0293": [
      1074,
      1355
    ],
    "0704.1020": [
      3145,
      3154
    ],
    "0704.1525": [
      2014
    ],
    "0704.1611": [
      5303
    ],
    "0704.1749": [
      235,
      322
    ],
    "0705.0096": [
      235
    ],
    "0705.1386": [
      3077
    ],
    "0705.1494": [
      1731
    ],
    "0706.0361": [
      690,
      1626,
      1641,
      1648
    ],
    "0706.4236": [
      2384,
      2392,
      2394
    ],
    "0706.4357": [
      1122
    ],
    "0706.4371": [
      3597
    ],
    "0706.4454": [
      1454,
      1497,
      1541,
      1552
    ],
    "0707.2746": [
      4521,
      4587
    ],
    "0707.3454": [
      971,
      972,
      998,
      1003,
      1208,
      1209,
      1235,
      1269,
      2643,
      2682,
      2938
    ],
    "0901.0057": [
      1212,
      1213
    ],
    "0901.0482": [
      108,
      2097,
      2558
    ],
    "0901.0537": [
      9643,
      11856,
      47771
    ],
    "0901.1073": [
      1581,
      4047
    ],
    "0902.0289": [
      870,
      6481,
      7121
    ],
    "0902.0348": [
      482
    ],
    "0902.0375": [
      2475
    ],
    "0902.1935": [
      4637
    ],
    "1007.1008": [
      1689
    ],
    "1007.1737": [
      4861
    ],
    "1007.1910": [
      96,
      115,
      185,
      322,
      687
    ],
    "1007.3085": [
      2147,
      2149
    ],
    "1007.3426": [
      689
    ],
    "1008.0023": [
      4433
    ],
    "1008.0034": [
      1974,
      2062
    ],
    "1008.0127": [
      747
    ],
    "1008.0771": [
      21163,
      21634
    ],
    "1008.1268": [
      655,
      662,
      711,
      714,
      730
    ],
    "1008.2063": [
      2165,
      2237,
      2351,
      2517
    ],
    "1008.3563": [
      2670
    ],
    "1008.3954": [
      1025
    ],
    "1008.4323": [
      760
    ],
    "1009.0051": [
      25,
      280,
      415,
      422,
      451,
      467,
      480,
      535,
      544,
      590,
      596,
      601
    ],
    "1711.08262v2": [
      1516,
      1643,
      1898,
      5566
    ],
    "1711.11256v2": [
      1394,
      2360,
      2801
    ],
    "1810.03845v1": [
      1938,
      2091
    ],
    "1908.01932v2": [
      1533,
      1542
    ],
    "2003.08451v1": [
      1449
    ],
    "2101.08604v2": [
      1047,
      1150
    ],
    "2101.09984v3": [
      909
    ],
    "2102.02130v1": [
      221,
      243,
      1677,
      1788
    ],
    "2107.10371v2": [
      75,
      91,
      110,
      474,
      592,
      619
    ],
    "2112.02438v1": [
      1505,
      1589
    ],
    "2203.03171v2": [
      2409
    ],
    "2305.18895v1": [
      2555,
      2896
    ],
    "2407.09389v1": [
      7092,
      7099,
      7113
    ],
    "2410.04595v1": [
      7964
    ],
    "2503.23418v4": [
      707,
      1022,
      2679,
      3950,
      3960,
      3987,
      4045,
      4134,
      4234,
      4267,
      4287,
      4304,
      4319,
      4437,
      4484,
      5502,
      5527,
      5613,
      6117,
      6446,
      6579,
      6994,
      7049,
      7677,
      7680,
      7707,
      7899,
      8051,
      8073,
      8138,
      8306,
      8360,
      8375,
      8440,
      8478
    ],
    "2509.04074v1": [
      2048,
      2180,
      2215,
      2250,
      2279,
      2385,
      2390
    ],
    "2509.10883v1": [
      76343,
      76364,
      111470
    ],
    "2511.12911v1": [
      5789
    ],
    "2511.13213v1": [
      1409,
      1410,
      1411
    ]
  }
}