{
  "8824": {
    "0704.3385": [
      337,
      1198,
      1663,
      2240,
      2596
    ],
    "0705.4477": [
      1276,
      1290,
      2931
    ],
    "1007.2411": [
      8468,
      8913
    ],
    "1007.3143": [
      3139,
      3197,
      4183
    ],
    "1007.3469": [
      2114
    ],
    "1008.1900": [
      5314
    ],
    "1008.3464": [
      4852
    ],
    "1705.02238v1": [
      3024,
      4006,
      4011,
      4041,
      4592
    ],
    "1708.01045v1": [
      2482,
      2506,
      2916,
      2923,
      2927,
      2950
    ],
    "1708.04904v2": [
      5099,
      5899,
      5948
    ],
    "1711.00690v1": [
      1443,
      1608
    ],
    "1711.11126v1": [
      1954,
      2210
    ],
    "1801.06092v1": [
      3679
    ],
    "1802.06100v1": [
      2312
    ],
    "1804.08614v1": [
      1125,
      1316,
      1699,
      1703,
      1710,
      1718,
      1739,
      1881,
      1940,
      1945,
      2021,
      2124,
      2192
    ],
    "1807.05186v1": [
      2549,
      2565,
      2896,
      3006,
      3011,
      3016
    ],
    "1808.06608v1": [
      233,
      1904,
      1930,
      1999,
      2046,
      2338,
      2518,
      2530,
      2537,
      2550,
      2560
    ],
    "1811.02786v1": [
      4613,
      4708,
      4873,
      4983,
      5662,
      5668,
      5674,
      5685
    ],
    "1904.09898v1": [
      6467
    ],
    "1908.09134v2": [
      2402
    ],
    "1908.10326v1": [
      3789,
      3869,
      4015,
      4713,
      5063,
      5074
    ],
    "1910.02795v2": [
      3421,
      3753,
      3997,
      4377
    ],
    "2001.04575v1": [
      19,
      2526,
      2566
    ],
    "2004.14894v1": [
      2514
    ],
    "2005.13453v2": [
      433,
      1679,
      1681,
      1685,
      1723,
      1725,
      2920,
      2968,
      2979,
      3019,
      3196,
      3720,
      3735,
      3783,
      3796,
      3805,
      3825,
      3835,
      3843,
      3901
    ],
    "2006.02868v1": [
      1951,
      2063,
      2382,
      2719,
      2726,
      2737,
      2755,
      2765
    ],
    "2006.15263v3": [
      2894,
      2913
    ],
    "2007.13892v1": [
      4555,
      5188
    ],
    "2008.13180v1": [
      3826
    ],
    "2008.13739v1": [
      2614,
      2966,
      3027,
      3252,
      3260,
      3271,
      3281,
      3286,
      3312
    ],
    "2009.01908v1": [
      4263
    ],
    "2012.13713v1": [
      2731,
      2808,
      2854,
      3223,
      3512,
      3526,
      3544,
      3556
    ],
    "2101.02155v1": [
      652
    ],
    "2104.04261v1": [
      14347
    ],
    "2105.05405v1": [
      379,
      2210,
      2319,
      2422,
      2751,
      2996,
      3013,
      3025
    ],
    "2106.08945v1": [
      1093,
      6821,
      7143
    ],
    "2109.10834v1": [
      4398
    ],
    "2110.04360v1": [
      2852
    ],
    "2112.00005v1": [
      1494
    ],
    "2112.09432v1": [
      3226,
      3707
    ],
    "2205.09265v1": [
      23536,
      23596,
      29057
    ],
    "2210.09072v1": [
      19555
    ],
    "2210.14384v1": [
      1899,
      2098,
      2121
    ],
    "2301.02084v1": [
      1145,
      3937,
      4116,
      4223,
      4277,
      4415,
      4976,
      5162,
      10708,
      11297,
      12052,
      12239,
      12420,
      12433,
      12445,
      12458,
      12482,
      12503,
      12516,
      12535,
      12547,
      12561,
      12574,
      12590,
      12605,
      12625,
      12640,
      12695,
      12839,
      12854,
      12863,
      12974,
      13296,
      13950,
      13965,
      14674,
      14684,
      14697,
      14715
    ],
    "2301.07469v1": [
      457,
      2616,
      2759
    ],
    "2301.07480v1": [
      7593,
      7623,
      8044,
      8049,
      8055
    ],
    "2303.03046v3": [
      1908,
      4851,
      4860,
      4866,
      4873,
      6063,
      6070
    ],
    "2304.08254v1": [
      2362
    ],
    "2305.17188v1": [
      12868,
      12882
    ],
    "2307.11598v2": [
      3187
    ],
    "2402.00437v1": [
      1260,
      1273
    ],
    "2402.13173v1": [
      3532
    ],
    "2404.11219v1": [
      4383
    ],
    "2405.04647v1": [
      4646,
      4952
    ],
    "2405.08821v1": [
      490,
      3587,
      3799,
      3805
    ],
    "2405.08837v3": [
      2740
    ],
    "2406.08342v1": [
      3965
    ],
    "2407.18262v2": [
      2421,
      3290
    ],
    "2408.10354v1": [
      3450,
      4122
    ],
    "2409.12648v1": [
      2479
    ],
    "2411.09234v1": [
      2219,
      3681
    ],
    "2411.10460v1": [
      2455,
      3717
    ],
    "2501.00176v1": [
      6008,
      6051,
      6074,
      6776
    ],
    "2502.14665v1": [
      179,
      194,
      385,
      588,
      624,
      750,
      836,
      873,
      900,
      1084,
      1255,
      1544,
      1559,
      1574,
      1597,
      1613,
      1629,
      1713,
      2055,
      2073,
      2089
    ],
    "2505.23892v1": [
      10726,
      10755
    ],
    "2508.07912v2": [
      6441
    ],
    "2508.08801v1": [
      3770
    ],
    "2509.00577v1": [
      2933
    ],
    "2509.17157v1": [
      2935
    ],
    "2509.19217v1": [
      2625
    ],
    "2509.23691v1": [
      4630
    ],
    "2510.03002v1": [
      280,
      401,
      4024,
      4173,
      4228,
      4242,
      4255,
      4752,
      4761,
      4777
    ],
    "2510.03473v1": [
      2941
    ],
    "2510.11375v1": [
      7946,
      7960,
      8000,
      8241,
      8373
    ],
    "2510.14355v1": [
      5581
    ],
    "2510.20988v1": [
      686,
      2626
    ]
  }
}