{
  "22883": {
    "1008.3984": [
      823
    ],
    "1009.0798": [
      49,
      334,
      1569
    ],
    "1902.02810v2": [
      445,
      1253,
      1481,
      2886,
      3137,
      3316
    ],
    "2510.13949v1": [
      173,
      1027,
      3529,
      3533,
      3537,
      3541,
      3636,
      6524
    ]
  }
}