{
  "26493": {
    "0705.2400": [
      3973,
      4188
    ],
    "0705.2629": [
      5562,
      5576,
      5591
    ],
    "0706.4366": [
      1302
    ],
    "0707.3205": [
      3387,
      9295,
      9315,
      9331,
      9354
    ],
    "0708.0204": [
      1616
    ],
    "0901.0487": [
      9,
      227,
      721,
      1111,
      1436,
      1745,
      2076,
      2432,
      2785,
      3130,
      3395,
      3666
    ],
    "0901.2551": [
      2777
    ],
    "0901.3592": [
      4207
    ],
    "0902.1972": [
      7930
    ],
    "0902.2186": [
      815
    ],
    "1007.3788": [
      173,
      444
    ],
    "1007.5485": [
      618
    ],
    "1008.0548": [
      2550
    ],
    "1008.2920": [
      1209
    ],
    "1008.5287": [
      3016
    ],
    "1009.1199": [
      3750
    ],
    "1009.1228": [
      890
    ],
    "1810.08160v2": [
      69
    ],
    "2112.04646v1": [
      2110
    ],
    "2410.10606v2": [
      6800
    ],
    "2411.16339v1": [
      2256
    ],
    "2507.13850v1": [
      42
    ],
    "2508.14112v2": [
      6278,
      6310
    ],
    "2509.01069v1": [
      2677
    ],
    "2509.19605v2": [
      1660
    ],
    "2511.05392v1": [
      7044
    ]
  },
  "42059": {
    "0706.0185": [
      2115
    ],
    "0707.2083": [
      12
    ],
    "0812.5035": [
      2851
    ],
    "0901.2029": [
      2129
    ],
    "0901.4399": [
      32
    ],
    "0902.2695": [
      4892,
      6852,
      8134
    ],
    "1007.2848": [
      9
    ],
    "1007.3799": [
      3799
    ],
    "2409.06055v1": [
      14,
      203
    ],
    "2509.18635v1": [
      4772,
      4785
    ]
  }
}