{
  "20920": {
    "0704.0730": [
      8
    ],
    "0704.3195": [
      2241
    ],
    "0704.3288": [
      3397
    ],
    "0705.0400": [
      2859
    ],
    "0705.1939": [
      5,
      3742
    ],
    "0705.2533": [
      6699
    ],
    "0705.2603": [
      3687
    ],
    "0705.2893": [
      4
    ],
    "0705.3245": [
      22
    ],
    "0706.0205": [
      3943
    ],
    "0706.3899": [
      2188
    ],
    "0707.0037": [
      11,
      1236
    ],
    "0707.1328": [
      11
    ],
    "0707.2155": [
      2568,
      2605
    ],
    "0707.2299": [
      7
    ],
    "0707.2587": [
      178
    ],
    "0707.3122": [
      2259
    ],
    "0707.3230": [
      18
    ],
    "0707.3778": [
      2163
    ],
    "0707.3830": [
      11
    ],
    "0707.4170": [
      11
    ],
    "0901.1611": [
      4382
    ],
    "0901.1695": [
      8
    ],
    "0901.3809": [
      3194,
      3280,
      3294,
      3312
    ],
    "0901.4253": [
      7
    ],
    "0902.0660": [
      1788
    ],
    "0902.1067": [
      3633
    ],
    "0902.2006": [
      13
    ],
    "0902.2787": [
      4580
    ],
    "0902.3174": [
      16604
    ],
    "0902.3226": [
      7
    ],
    "1007.1599": [
      4846
    ],
    "1007.2615": [
      12
    ],
    "1008.0433": [
      3708,
      3741
    ],
    "1008.0539": [
      17
    ],
    "1008.4583": [
      15
    ],
    "1009.0756": [
      3969
    ],
    "1912.02856v1": [
      3235
    ],
    "2004.07255v2": [
      3594
    ],
    "2108.00520v1": [
      2420
    ],
    "2307.03328v1": [
      9097
    ],
    "2402.01544v1": [
      29
    ],
    "2508.09970v2": [
      39
    ],
    "2508.14112v2": [
      7605
    ],
    "2508.19297v1": [
      769,
      1061
    ],
    "2508.20313v1": [
      145
    ],
    "2509.11207v1": [
      70
    ],
    "2509.14224v1": [
      35
    ],
    "2510.17367v1": [
      21
    ],
    "2511.08574v1": [
      6076,
      6116
    ],
    "2511.09843v1": [
      3495
    ]
  },
  "36928": {
    "0704.1593": [
      1325
    ],
    "0704.2202": [
      4828,
      6035
    ],
    "0902.2543": [
      1260
    ]
  }
}