{
  "36438": {
    "0707.0439": [
      686
    ],
    "0707.0630": [
      667
    ],
    "0707.0735": [
      494
    ],
    "1008.3434": [
      15165
    ],
    "2508.01428v2": [
      748,
      898,
      1094,
      1201,
      1323,
      3880,
      4507,
      4513
    ],
    "2510.20913v1": [
      11389
    ],
    "2511.04337v1": [
      901,
      1573,
      1613,
      7134
    ]
  }
}