{
  "46343": {
    "0705.1554": [
      724
    ],
    "1801.02255v3": [
      27
    ],
    "1911.08064v1": [
      71
    ],
    "2204.09559v1": [
      30
    ],
    "2205.08600v1": [
      37
    ]
  }
}