{
  "39781": {
    "0704.0331": [
      1073
    ],
    "0705.4429": [
      2571
    ],
    "2405.02614v1": [
      2069
    ],
    "2510.01079v1": [
      2124,
      2616,
      3765,
      3783
    ]
  }
}