{
  "34208": {
    "0704.3262": [
      16
    ],
    "0704.3378": [
      25
    ],
    "0706.2808": [
      2717
    ],
    "0706.3686": [
      1391
    ],
    "0708.0204": [
      28
    ],
    "0902.0158": [
      3589,
      3605
    ],
    "0902.2045": [
      37
    ],
    "1801.04201v1": [
      3324
    ],
    "1804.03586v1": [
      6190
    ],
    "1810.10861v2": [
      523,
      10603
    ],
    "1905.04353v1": [
      4123
    ],
    "2003.09336v1": [
      6396
    ],
    "2006.12835v3": [
      6084
    ],
    "2008.06538v1": [
      4783
    ],
    "2102.05101v1": [
      5679
    ],
    "2108.04067v2": [
      4728
    ],
    "2109.07873v2": [
      4988
    ],
    "2201.13447v2": [
      5152
    ],
    "2208.10447v2": [
      3007
    ],
    "2211.16572v1": [
      3695
    ],
    "2303.00854v1": [
      659,
      678,
      6789,
      6904
    ],
    "2303.09221v1": [
      7106
    ],
    "2304.01553v1": [
      31767
    ],
    "2308.04640v1": [
      40
    ],
    "2406.05901v1": [
      17791,
      24513
    ],
    "2509.20575v1": [
      4909
    ]
  }
}