{
  "16544": {
    "0704.1912": [
      242
    ],
    "0705.3593": [
      2154,
      2185,
      2197,
      2250,
      2283,
      2693
    ],
    "0707.3442": [
      3744
    ],
    "0707.4431": [
      171,
      349,
      525,
      539,
      685,
      692,
      921,
      932,
      960,
      988,
      994,
      1006,
      1936
    ],
    "0708.0181": [
      1243,
      3033
    ],
    "0812.5114": [
      3296
    ],
    "0901.1359": [
      1490
    ],
    "1007.1233": [
      264
    ],
    "1007.4192": [
      1111,
      1675
    ],
    "1008.5038": [
      2219
    ],
    "2011.05229v1": [
      2584
    ],
    "2208.00892v2": [
      1535,
      6980,
      7124,
      7424,
      7506,
      7721,
      8049,
      8254,
      8615,
      8743,
      11726,
      11788,
      11848,
      11910,
      11970,
      12032
    ],
    "2511.08175v1": [
      1161,
      2046,
      2049,
      4004,
      4007
    ]
  },
  "24158": {
    "0705.2767": [
      8,
      169,
      248,
      2295
    ],
    "0705.4087": [
      196,
      1744,
      2096,
      2230
    ],
    "0706.0439": [
      206
    ],
    "0706.3492": [
      820
    ],
    "0706.4345": [
      1037
    ],
    "0707.0786": [
      246
    ],
    "0707.1366": [
      301
    ],
    "0707.3683": [
      118,
      426
    ],
    "0812.4100": [
      1935
    ],
    "0901.3061": [
      74
    ],
    "0902.1083": [
      41,
      90,
      101,
      197,
      847
    ],
    "1007.1313": [
      101,
      114,
      295,
      2784
    ],
    "1007.3844": [
      282
    ],
    "1007.4229": [
      1169
    ],
    "1007.4898": [
      97,
      214
    ],
    "1008.2703": [
      69,
      112,
      228,
      280,
      321,
      406,
      498,
      771
    ],
    "1008.3461": [
      1277
    ],
    "1008.5198": [
      9,
      31,
      866,
      930,
      989,
      1087
    ]
  }
}