{
  "22681": {
    "0704.0247": [
      2206
    ],
    "0704.1132": [
      10868
    ],
    "0704.2606": [
      1503
    ],
    "0704.2800": [
      2364
    ],
    "0705.0901": [
      885
    ],
    "0705.1702": [
      3857
    ],
    "0705.1730": [
      32905
    ],
    "0706.2661": [
      1372
    ],
    "0706.4057": [
      2025
    ],
    "0706.4400": [
      1578
    ],
    "0707.0692": [
      5610
    ],
    "0707.0973": [
      1012
    ],
    "0707.2423": [
      471
    ],
    "0707.2832": [
      197,
      5792
    ],
    "0707.3352": [
      228
    ],
    "0707.3917": [
      1235
    ],
    "0707.3992": [
      4694
    ],
    "0901.1160": [
      373
    ],
    "0901.2470": [
      3559
    ],
    "0901.3266": [
      1986
    ],
    "0901.3734": [
      201
    ],
    "0902.1462": [
      30,
      87,
      204
    ],
    "0902.2259": [
      272
    ],
    "0902.2410": [
      1762
    ],
    "0902.2600": [
      1190
    ],
    "1007.2113": [
      8558
    ],
    "1007.2506": [
      201
    ],
    "1007.2769": [
      2382
    ],
    "1008.0523": [
      1602
    ],
    "1008.0823": [
      3846
    ],
    "1008.1441": [
      236
    ],
    "1008.5285": [
      457
    ],
    "1009.0100": [
      884
    ],
    "1009.1359": [
      1887
    ],
    "1909.06348v3": [
      465,
      1354
    ],
    "2212.03617v1": [
      432
    ],
    "2509.00864v1": [
      2564
    ]
  },
  "23927": {
    "0704.1132": [
      10618,
      10668
    ],
    "0704.2223": [
      3155
    ],
    "0704.3779": [
      152
    ],
    "0705.1460": [
      4745
    ],
    "0705.3597": [
      303
    ],
    "0706.0607": [
      282
    ],
    "0706.1410": [
      4141
    ],
    "0706.1678": [
      13848
    ],
    "0706.3539": [
      2219
    ],
    "0706.3639": [
      1752
    ],
    "0706.4400": [
      914
    ],
    "0707.1719": [
      4642
    ],
    "0707.3385": [
      8380
    ],
    "0707.4028": [
      274
    ],
    "0812.5094": [
      173
    ],
    "0901.0135": [
      4734
    ],
    "0901.1085": [
      3957
    ],
    "0901.2959": [
      7535
    ],
    "0902.0413": [
      159
    ],
    "0902.0471": [
      615
    ],
    "1007.1085": [
      319
    ],
    "1007.2653": [
      4276
    ],
    "1007.3205": [
      1231
    ],
    "1007.3207": [
      2981
    ],
    "1007.3870": [
      112
    ],
    "1007.4166": [
      2690
    ],
    "1007.4866": [
      13309
    ],
    "1007.5139": [
      2752,
      2762,
      2799
    ],
    "1008.0616": [
      11774
    ],
    "1008.0874": [
      191
    ],
    "1008.2160": [
      2532
    ],
    "1009.0617": [
      839
    ],
    "1705.05535v2": [
      315
    ],
    "1707.03021v5": [
      251
    ],
    "1812.11215v1": [
      19852
    ],
    "1903.02461v2": [
      3757,
      3762
    ],
    "1904.05363v3": [
      418
    ],
    "1908.09339v1": [
      2550
    ],
    "2002.03247v3": [
      5637
    ],
    "2204.09417v1": [
      614
    ],
    "2508.07998v1": [
      3453
    ],
    "2510.24524v1": [
      376
    ]
  },
  "30373": {
    "0705.1364": [
      1110
    ],
    "0902.2150": [
      1753
    ],
    "1007.1802": [
      2024,
      4956,
      6010
    ],
    "1007.3229": [
      857
    ],
    "1009.0919": [
      622
    ]
  },
  "29225": {
    "0902.0924": [
      2716,
      2721
    ],
    "1007.1802": [
      1635,
      4560,
      5958,
      6020,
      6026
    ]
  },
  "18690": {
    "0902.1884": [
      1070,
      1092
    ],
    "0902.2150": [
      1784,
      1801
    ],
    "1007.1802": [
      2073,
      4586,
      5019,
      5313
    ],
    "1007.2365": [
      2415,
      2498
    ],
    "1007.4065": [
      907
    ],
    "1008.2748": [
      1831,
      1892,
      1894,
      1964,
      2227,
      2232,
      2524,
      2658,
      2717,
      8666,
      8669,
      8681,
      8688,
      9561,
      9786,
      9790,
      9909,
      9964,
      9965,
      10900,
      10910,
      10961,
      10970
    ]
  }
}