{
  "41210": {
    "0707.1466": [
      1248
    ],
    "0707.4144": [
      2332
    ],
    "0901.0566": [
      2110,
      2206,
      2384
    ],
    "0901.1587": [
      1507,
      3708
    ],
    "0902.0409": [
      2165
    ],
    "1007.1653": [
      1335
    ],
    "1007.5345": [
      1988
    ],
    "1008.2083": [
      3585
    ],
    "1008.3639": [
      2631
    ],
    "1908.10326v1": [
      3611
    ],
    "2008.10143v1": [
      3648
    ],
    "2107.12341v1": [
      5667
    ]
  }
}