{
  "19000": {
    "0704.0072": [
      680
    ],
    "0704.1800": [
      17098
    ],
    "0704.2111": [
      968
    ],
    "0704.2546": [
      1968
    ],
    "0705.2101": [
      3651
    ],
    "0705.2117": [
      217
    ],
    "0705.2834": [
      3222
    ],
    "0705.3345": [
      2205,
      2227,
      2271,
      2530,
      3014
    ],
    "0705.3424": [
      3479
    ],
    "0705.4064": [
      864
    ],
    "0706.0053": [
      744
    ],
    "0706.0718": [
      1225
    ],
    "0706.1326": [
      2983
    ],
    "0707.0392": [
      3024,
      3027,
      3030,
      3033,
      3036,
      3039
    ],
    "0707.0472": [
      4900,
      5447
    ],
    "0707.0488": [
      766,
      10318,
      10323,
      10338,
      10359,
      11088
    ],
    "0707.2216": [
      1667
    ],
    "0707.4254": [
      1707
    ],
    "0812.4552": [
      2045
    ],
    "0901.1937": [
      1083,
      1285
    ],
    "0901.4117": [
      798,
      1280,
      1746,
      2417
    ],
    "0902.0093": [
      827
    ],
    "0902.0802": [
      6668
    ],
    "0902.2937": [
      1713
    ],
    "1007.1635": [
      378
    ],
    "1007.2601": [
      3086
    ],
    "1007.4894": [
      576,
      585,
      594,
      603
    ],
    "1007.5515": [
      1137
    ],
    "1008.0203": [
      595,
      604,
      727
    ],
    "1008.1035": [
      1348
    ],
    "1008.2268": [
      2444
    ],
    "1008.2763": [
      1279,
      1811,
      3607
    ],
    "2209.05831v1": [
      1291,
      1307,
      1327,
      1358,
      1360,
      1389,
      1392,
      1425,
      1440,
      1539,
      1550,
      1709,
      1716,
      1723,
      1752,
      1760,
      2122,
      2127,
      2280,
      2457,
      2532,
      2557,
      2705,
      2717,
      2865,
      5191,
      5245,
      5265
    ],
    "2408.16041v2": [
      11306
    ],
    "2412.11852v1": [
      1450
    ],
    "2509.22178v2": [
      2034,
      4212
    ]
  }
}