{
  "16557": {
    "0705.0054": [
      1552
    ],
    "0705.1243": [
      4123
    ],
    "0705.1827": [
      1445
    ],
    "0705.3050": [
      1909
    ],
    "0706.2021": [
      439
    ],
    "0707.2482": [
      16046
    ],
    "0812.4159": [
      1911
    ],
    "0812.4163": [
      3797,
      5579,
      5638,
      5643,
      5673,
      5763,
      5792
    ],
    "0901.3398": [
      1665,
      5176
    ],
    "0901.3404": [
      2420
    ],
    "0901.3782": [
      2818
    ],
    "0902.0188": [
      1073
    ],
    "0902.3104": [
      1073
    ],
    "0902.3210": [
      175
    ],
    "1007.1559": [
      2134
    ],
    "1007.3036": [
      180
    ],
    "1007.3769": [
      4599
    ],
    "1007.4241": [
      13891,
      25356
    ],
    "1007.5032": [
      3534
    ],
    "1007.5378": [
      577
    ],
    "1008.1100": [
      822,
      831
    ],
    "1008.1900": [
      816,
      3905,
      4254,
      4293,
      4509,
      4540,
      4557,
      5149
    ],
    "1008.2112": [
      184,
      1364,
      2747
    ],
    "1704.00702v1": [
      2316
    ],
    "1706.10129v1": [
      1271,
      2389
    ],
    "1810.03836v2": [
      659
    ],
    "1909.01684v1": [
      2986
    ],
    "2012.10610v3": [
      115
    ],
    "2206.02968v1": [
      1511
    ],
    "2301.05616v1": [
      1761
    ],
    "2307.03287v3": [
      630
    ],
    "2401.11417v1": [
      3457
    ],
    "2509.06103v1": [
      4797
    ],
    "2510.16261v1": [
      95
    ],
    "2511.07761v1": [
      2525
    ],
    "2511.12057v1": [
      478,
      3859,
      4097
    ]
  }
}