{
  "18501": {
    "0707.0358": [
      684,
      701,
      717
    ],
    "0707.1216": [
      1517
    ],
    "0707.1236": [
      1766
    ],
    "0707.4376": [
      1000
    ],
    "0901.1095": [
      26
    ],
    "0902.1780": [
      1936
    ],
    "1007.4058": [
      2918
    ],
    "1007.4187": [
      1992,
      2029
    ],
    "1008.1472": [
      3352
    ],
    "1008.2020": [
      19,
      216,
      1560,
      1590,
      1604,
      1616
    ],
    "1008.2409": [
      16,
      5508,
      5516,
      5523,
      5573,
      5592
    ],
    "1008.2948": [
      241,
      1382,
      1403,
      1459,
      1475,
      1489
    ],
    "1008.3234": [
      21,
      3333,
      3346,
      3356,
      3362,
      3369,
      3389,
      3398
    ],
    "1009.0725": [
      2136
    ],
    "2010.00699v3": [
      24388
    ],
    "2111.06887v1": [
      5991
    ]
  }
}