{
  "18939": {
    "0704.2333": [
      363,
      5686,
      5691
    ],
    "0704.2492": [
      389
    ],
    "0704.3003": [
      961
    ],
    "0705.0069": [
      2714,
      2728,
      2764,
      4694,
      4702,
      4715,
      4918
    ],
    "0705.0700": [
      1529
    ],
    "0705.1367": [
      928
    ],
    "0705.3430": [
      4457
    ],
    "0706.2865": [
      4357,
      4416,
      4472
    ],
    "0707.0248": [
      1353
    ],
    "0707.1897": [
      1897
    ],
    "0708.0027": [
      318
    ],
    "0901.3711": [
      2037
    ],
    "0902.0075": [
      2126
    ],
    "1007.1455": [
      1183
    ],
    "1007.1476": [
      3264
    ],
    "1007.2443": [
      768
    ],
    "1007.2876": [
      4718
    ],
    "1007.5074": [
      3743
    ],
    "1008.0616": [
      16386
    ],
    "2102.09487v1": [
      3071
    ],
    "2307.08776v1": [
      2441
    ],
    "2309.10067v1": [
      5214
    ],
    "2509.06829v1": [
      2605
    ]
  }
}