{
  "19599": {
    "0704.1132": [
      2530,
      12911
    ],
    "0704.2241": [
      1311
    ],
    "0705.0902": [
      518
    ],
    "0705.4627": [
      3519
    ],
    "0706.0482": [
      73
    ],
    "0706.2868": [
      493
    ],
    "0707.2394": [
      199
    ],
    "0707.4572": [
      585
    ],
    "0812.3900": [
      1653
    ],
    "0901.1433": [
      515
    ],
    "0901.2104": [
      545
    ],
    "0901.2696": [
      2038
    ],
    "0901.3022": [
      1155
    ],
    "0902.0205": [
      1649
    ],
    "1007.0906": [
      5687
    ],
    "1007.0946": [
      3518
    ],
    "1007.5309": [
      142
    ],
    "1008.1377": [
      230
    ],
    "1008.3193": [
      22,
      65,
      303
    ],
    "1008.3621": [
      1438
    ],
    "1008.4315": [
      1854
    ],
    "1008.5218": [
      91
    ],
    "1009.0188": [
      169
    ],
    "1709.03203v2": [
      5018
    ],
    "2010.00699v3": [
      11688,
      23989
    ]
  },
  "9353": {
    "0704.1132": [
      12998
    ],
    "0704.1662": [
      140
    ],
    "0704.1748": [
      1225,
      1236
    ],
    "0704.2276": [
      37,
      996,
      1012
    ],
    "0704.2291": [
      1230
    ],
    "0704.2592": [
      4530
    ],
    "0704.2606": [
      1928
    ],
    "0704.2649": [
      1506
    ],
    "0704.3634": [
      3984
    ],
    "0705.0519": [
      433
    ],
    "0705.0545": [
      5871
    ],
    "0705.1008": [
      1103
    ],
    "0705.1045": [
      9211,
      17967
    ],
    "0705.1074": [
      215
    ],
    "0705.1395": [
      84,
      175,
      191,
      203,
      212,
      217,
      274,
      278,
      294,
      340,
      359,
      366,
      372,
      423,
      765,
      777,
      782,
      786,
      916,
      938,
      952,
      1007,
      1108,
      1172,
      1533,
      1611,
      1652,
      1790,
      1793,
      1854,
      1870,
      1879
    ],
    "0705.1584": [
      332
    ],
    "0705.1720": [
      1629
    ],
    "0705.2241": [
      391
    ],
    "0705.2483": [
      6903
    ],
    "0705.2879": [
      1704
    ],
    "0705.4264": [
      1954
    ],
    "0706.1380": [
      3316
    ],
    "0706.2175": [
      5010
    ],
    "0706.2186": [
      748
    ],
    "0706.2453": [
      891
    ],
    "0706.2466": [
      1456
    ],
    "0706.2680": [
      5091
    ],
    "0706.2717": [
      440,
      1164
    ],
    "0706.2774": [
      839
    ],
    "0706.2946": [
      975,
      1310
    ],
    "0706.3219": [
      3214
    ],
    "0706.4043": [
      970
    ],
    "0706.4259": [
      366
    ],
    "0707.0895": [
      2011
    ],
    "0707.1030": [
      4081
    ],
    "0707.1715": [
      2575,
      2710
    ],
    "0707.2783": [
      527
    ],
    "0707.2824": [
      387
    ],
    "0707.2996": [
      1848
    ],
    "0812.4360": [
      1783,
      4269
    ],
    "0812.4852": [
      6151
    ],
    "0812.5055": [
      3246,
      6277
    ],
    "0901.0243": [
      3162,
      3502
    ],
    "0901.0557": [
      3917
    ],
    "0901.0662": [
      5549
    ],
    "0901.1425": [
      1489
    ],
    "0901.1433": [
      599
    ],
    "0901.2563": [
      9439
    ],
    "0901.2718": [
      2146
    ],
    "0901.3975": [
      3771,
      14741
    ],
    "0901.4067": [
      13118
    ],
    "0902.0188": [
      649
    ],
    "0902.0377": [
      57627,
      58718
    ],
    "0902.0870": [
      1057
    ],
    "0902.2361": [
      539
    ],
    "0902.2465": [
      350
    ],
    "0902.2603": [
      3354
    ],
    "0902.2811": [
      3626
    ],
    "0902.3208": [
      3132
    ],
    "1007.0946": [
      1254
    ],
    "1007.1371": [
      1243
    ],
    "1007.1394": [
      994
    ],
    "1007.2002": [
      869
    ],
    "1007.2260": [
      7211
    ],
    "1007.2295": [
      1071
    ],
    "1007.2541": [
      1143
    ],
    "1007.2579": [
      358
    ],
    "1007.2615": [
      1854
    ],
    "1007.3271": [
      803,
      1407
    ],
    "1007.4790": [
      339,
      643
    ],
    "1007.5050": [
      894
    ],
    "1007.5171": [
      324,
      339
    ],
    "1007.5217": [
      178
    ],
    "1007.5270": [
      217
    ],
    "1008.0512": [
      1538
    ],
    "1008.0995": [
      439,
      587
    ],
    "1008.1045": [
      2714
    ],
    "1008.1418": [
      946
    ],
    "1008.3331": [
      2958
    ],
    "1008.3349": [
      8481
    ],
    "1008.3408": [
      1563
    ],
    "1008.3434": [
      18804
    ],
    "1008.3711": [
      4296
    ],
    "1008.4096": [
      265,
      467
    ],
    "1008.4686": [
      401
    ],
    "1008.4831": [
      108,
      942
    ],
    "1008.5110": [
      387
    ],
    "1009.0144": [
      664
    ],
    "1009.0459": [
      509
    ],
    "1009.0504": [
      2357
    ],
    "1009.0579": [
      94,
      131
    ],
    "1009.0581": [
      134,
      950,
      963
    ],
    "1009.0772": [
      0,
      4,
      6,
      50,
      125,
      135,
      137,
      255,
      300,
      321,
      630,
      681,
      682,
      688,
      707,
      713,
      779,
      794,
      808,
      924,
      927,
      938,
      1010,
      1078,
      1218,
      1371,
      1539,
      1691,
      1790,
      1846,
      1919,
      2000,
      2163,
      2297,
      2435,
      2530,
      2741,
      2934,
      3043,
      3204,
      3304,
      3510,
      3599,
      3679,
      3817,
      3978,
      4137,
      4185,
      4194,
      4244,
      4358,
      4389,
      4552,
      4637,
      4693,
      4719,
      4724,
      4846,
      4966,
      5021,
      5188,
      5352,
      5520,
      5617,
      5658,
      5669,
      5702,
      5782,
      5800,
      5802,
      5819,
      5830,
      5841,
      5902,
      5914,
      5917,
      5931,
      5940,
      5954,
      5983,
      6026,
      6057,
      6066,
      6220
    ],
    "1009.0854": [
      2174
    ],
    "1009.1318": [
      780,
      7629,
      7800
    ],
    "1009.1419": [
      3145
    ],
    "1009.1466": [
      406
    ],
    "1709.03203v2": [
      5386
    ],
    "2006.01927v1": [
      6014
    ],
    "2206.04279v1": [
      585
    ],
    "2207.12292v1": [
      1478
    ],
    "2301.13202v1": [
      1051
    ],
    "2308.01372v1": [
      839,
      1903
    ],
    "2308.02720v3": [
      2299
    ],
    "2502.14615v1": [
      1463,
      1872
    ],
    "2511.14742v1": [
      674,
      860,
      6776
    ]
  },
  "31353": {
    "0704.1835": [
      5429
    ],
    "0705.0107": [
      316
    ],
    "0705.4562": [
      2121,
      2135
    ],
    "0706.4305": [
      696
    ],
    "0901.2161": [
      240
    ],
    "1009.0689": [
      6761
    ],
    "1009.1315": [
      145
    ]
  },
  "37762": {
    "0705.1395": [
      350,
      1881
    ]
  },
  "42211": {
    "0707.4289": [
      1528
    ]
  },
  "42212": {
    "1009.0772": [
      4648
    ]
  }
}