{
  "20884": {
    "0704.1067": [
      6
    ],
    "0704.3177": [
      3042
    ],
    "0704.3347": [
      13
    ],
    "0704.3603": [
      3273
    ],
    "0704.3643": [
      2277
    ],
    "0704.3783": [
      2808
    ],
    "0704.3994": [
      938
    ],
    "0705.1129": [
      7427
    ],
    "0705.4177": [
      15
    ],
    "0706.0006": [
      2047
    ],
    "0706.0236": [
      16868,
      16875
    ],
    "0706.2384": [
      5081
    ],
    "0706.3082": [
      905
    ],
    "0706.3804": [
      14
    ],
    "0706.4180": [
      522
    ],
    "0706.4241": [
      18,
      278,
      774,
      1178
    ],
    "0707.1617": [
      29,
      1147,
      1165
    ],
    "0707.3737": [
      8
    ],
    "0707.4670": [
      7253
    ],
    "0812.4779": [
      161
    ],
    "0901.1039": [
      3725
    ],
    "0901.2026": [
      11
    ],
    "0901.2906": [
      1969
    ],
    "0901.3933": [
      2998
    ],
    "0901.3949": [
      1650
    ],
    "0902.0406": [
      2024
    ],
    "0902.1137": [
      7453
    ],
    "0902.1942": [
      7
    ],
    "0902.2399": [
      2727
    ],
    "0902.3010": [
      1375
    ],
    "0902.3056": [
      2854
    ],
    "0902.3175": [
      2570
    ],
    "1007.1501": [
      4736
    ],
    "1007.2249": [
      9
    ],
    "1007.3275": [
      5012
    ],
    "1007.3424": [
      4264
    ],
    "1007.3512": [
      13
    ],
    "1007.3539": [
      2366,
      2410,
      2428,
      2558,
      2571
    ],
    "1007.3624": [
      4333
    ],
    "1007.3669": [
      15,
      355,
      801,
      1140,
      1411,
      1723,
      2042
    ],
    "1007.3804": [
      6720
    ],
    "1007.4191": [
      4632
    ],
    "1007.5032": [
      4412,
      4739
    ],
    "1007.5249": [
      3079
    ],
    "1008.0521": [
      48
    ],
    "1008.0821": [
      1609
    ],
    "1008.1410": [
      1591
    ],
    "1008.2159": [
      8526
    ],
    "1008.2862": [
      762
    ],
    "1008.2910": [
      3396
    ],
    "1008.3123": [
      7
    ],
    "1008.3829": [
      3894
    ],
    "1008.4636": [
      4262
    ],
    "1008.5279": [
      356
    ],
    "1008.5395": [
      7
    ],
    "1009.0499": [
      2109,
      2129
    ],
    "1009.0926": [
      10
    ],
    "1009.1043": [
      2907
    ],
    "1009.1438": [
      2772
    ],
    "2303.14917v4": [
      21
    ],
    "2403.06187v1": [
      5141
    ],
    "2404.00413v1": [
      4167,
      4190
    ],
    "2501.00020v3": [
      1781
    ],
    "2502.15093v1": [
      6436
    ],
    "2510.02203v1": [
      18
    ],
    "2510.22801v1": [
      1611
    ],
    "2511.07706v1": [
      1400
    ],
    "2511.14716v1": [
      3736
    ]
  },
  "26915": {
    "0704.1503": [
      414
    ],
    "0705.3193": [
      6
    ],
    "0706.0160": [
      607
    ],
    "0706.2150": [
      13
    ],
    "0706.2165": [
      3028
    ],
    "0707.0109": [
      20
    ],
    "0707.1410": [
      3451
    ],
    "0707.1541": [
      2691
    ],
    "0707.2248": [
      219
    ],
    "0707.3462": [
      8
    ],
    "0812.4279": [
      9
    ],
    "0812.4760": [
      6810
    ],
    "0901.0414": [
      3513
    ],
    "0901.4316": [
      8245
    ],
    "0901.4557": [
      2582,
      2583
    ],
    "0901.4568": [
      6040
    ],
    "0902.2361": [
      8494
    ],
    "0902.3024": [
      2991
    ],
    "1007.1009": [
      5015,
      5016
    ],
    "1007.1647": [
      11375
    ],
    "1007.1730": [
      9,
      838,
      4305,
      4350,
      4429,
      4584
    ],
    "1007.2240": [
      12,
      705,
      3644,
      3659,
      3784
    ],
    "1007.2582": [
      4515
    ],
    "1007.3173": [
      2842,
      2984
    ],
    "1007.4355": [
      7218
    ],
    "1007.4748": [
      2208
    ],
    "1008.1459": [
      3785
    ],
    "1008.2748": [
      3249
    ],
    "1008.4181": [
      3296
    ],
    "1008.5149": [
      17
    ],
    "1009.0179": [
      1977,
      1978
    ],
    "1009.0865": [
      6
    ],
    "1009.0903": [
      2235
    ],
    "1009.1171": [
      281,
      302,
      959,
      1342,
      2589,
      2592
    ],
    "1707.02801v3": [
      2755
    ],
    "1912.08838v2": [
      4292,
      4293
    ],
    "2012.05772v1": [
      4668
    ],
    "2012.13324v1": [
      7380
    ],
    "2105.12483v1": [
      5
    ],
    "2206.01877v1": [
      4361
    ],
    "2211.15412v4": [
      18645
    ],
    "2304.12048v1": [
      20,
      297
    ],
    "2305.01565v1": [
      2651
    ],
    "2310.04212v1": [
      5606,
      6595
    ],
    "2311.16615v1": [
      2102
    ],
    "2407.06020v2": [
      3322
    ],
    "2505.08983v1": [
      5084
    ],
    "2507.00954v1": [
      5559
    ],
    "2508.14112v2": [
      6382,
      7612
    ],
    "2508.18355v1": [
      20
    ],
    "2509.14423v1": [
      6108
    ],
    "2509.20544v2": [
      21
    ],
    "2509.21517v2": [
      28
    ],
    "2510.00105v1": [
      21
    ],
    "2510.22801v1": [
      1514
    ],
    "2510.22997v1": [
      35
    ],
    "2511.06187v1": [
      4853
    ],
    "2511.08574v1": [
      5261
    ],
    "2511.09843v1": [
      3502,
      4015,
      4158
    ]
  }
}