{
  "52645": {
    "0704.2030": [
      2320,
      21499,
      22105
    ],
    "0705.1784": [
      1609
    ],
    "0707.2052": [
      4142,
      4172,
      4204
    ],
    "0901.0067": [
      989,
      2586,
      2587
    ],
    "0902.0459": [
      2299,
      2327,
      2423
    ],
    "0902.0744": [
      4135
    ],
    "1007.2236": [
      968
    ],
    "2005.00587v1": [
      6561
    ],
    "2203.03976v1": [
      672,
      889,
      1505
    ]
  }
}