{
  "51044": {
    "0901.2514": [
      1114
    ]
  },
  "26476": {
    "1710.07311v4": [
      1294
    ],
    "1710.07711v2": [
      497,
      1407,
      1451
    ],
    "1805.01643v4": [
      1961,
      1970
    ],
    "2208.00892v2": [
      4730,
      4761,
      7775
    ],
    "2502.02469v1": [
      338
    ],
    "2508.01234v1": [
      357
    ]
  }
}