{
  "52481": {
    "0704.0008": [
      3798
    ],
    "0707.1588": [
      123
    ],
    "0707.3619": [
      24842
    ],
    "0901.2495": [
      1351
    ],
    "0902.0435": [
      4347,
      4722
    ],
    "0902.2150": [
      2395
    ],
    "1007.2225": [
      6144
    ],
    "1007.3689": [
      639
    ],
    "1008.1732": [
      3572
    ],
    "1009.0216": [
      2393
    ],
    "1009.0531": [
      1132
    ],
    "1009.1067": [
      1653
    ],
    "2012.13324v1": [
      1260
    ],
    "2106.14513v1": [
      1019
    ],
    "2201.03148v1": [
      1855,
      1877,
      3316,
      3335
    ],
    "2203.10797v1": [
      536,
      1566,
      2105,
      2116,
      2131,
      2147,
      2166,
      2283,
      2327,
      2678,
      2766,
      2772,
      2790,
      2798,
      2836,
      2894,
      2901,
      2910,
      2920,
      2960,
      3009,
      3081,
      3227,
      3439,
      3453,
      3550,
      3591,
      5924
    ],
    "2205.15629v1": [
      355,
      1512,
      1727,
      2128,
      2384,
      2413,
      2490,
      2509,
      2788,
      2831,
      2844,
      2854,
      2944,
      2979,
      3014,
      3720
    ],
    "2308.05541v1": [
      164,
      287,
      596,
      2991,
      3012,
      3219,
      3280,
      3470,
      3616
    ],
    "2309.16331v1": [
      547,
      584,
      589,
      628,
      709
    ],
    "2310.14460v2": [
      3184
    ],
    "2401.10115v1": [
      304,
      313,
      325,
      327,
      350,
      1922,
      1953,
      2179,
      2215,
      2933,
      3298,
      3363,
      3405
    ],
    "2404.04030v2": [
      4946,
      4979
    ]
  }
}