{
  "11579": {
    "0704.0701": [
      346
    ],
    "0705.0847": [
      28,
      163,
      167,
      380,
      1423,
      1492
    ],
    "0705.2922": [
      1020,
      1168,
      1218
    ],
    "0705.3875": [
      1020
    ],
    "0705.4250": [
      2346
    ],
    "0706.1924": [
      753
    ],
    "0707.0049": [
      2842
    ],
    "0707.0507": [
      528
    ],
    "0707.1814": [
      44,
      318,
      380,
      432,
      579,
      599,
      606,
      619,
      638,
      1286
    ],
    "0707.1973": [
      256
    ],
    "0707.2280": [
      205,
      231,
      1032
    ],
    "0707.4569": [
      1389
    ],
    "0708.0272": [
      1028,
      1568,
      1628
    ],
    "0901.0299": [
      1096,
      1147
    ],
    "0901.0612": [
      2297
    ],
    "0901.1292": [
      249,
      320
    ],
    "0901.3216": [
      1551
    ],
    "0901.3654": [
      364
    ],
    "0901.3916": [
      704
    ],
    "0901.4856": [
      47,
      149,
      1171
    ],
    "0901.4921": [
      317,
      748,
      767
    ],
    "0902.0670": [
      252
    ],
    "0902.2657": [
      198
    ],
    "0902.2701": [
      414,
      634
    ],
    "0902.2846": [
      4372
    ],
    "1007.0811": [
      1425
    ],
    "1007.1866": [
      1389,
      2875
    ],
    "1007.2243": [
      2457,
      2793,
      2828,
      3200,
      3489
    ],
    "1007.2721": [
      37,
      381
    ],
    "1007.2909": [
      276,
      316,
      355,
      445,
      629
    ],
    "1007.3129": [
      4,
      41,
      222,
      274,
      713,
      937,
      1221,
      1261,
      1301,
      1391,
      1574,
      1871,
      1948
    ],
    "1007.3131": [
      333,
      373,
      412,
      502,
      687
    ],
    "1007.3277": [
      232
    ],
    "1007.3487": [
      253,
      647,
      793,
      1021,
      1063,
      1103,
      1142,
      1232,
      1418,
      1780
    ],
    "1007.3551": [
      160
    ],
    "1007.4128": [
      1043
    ],
    "1007.5276": [
      343
    ],
    "1008.0847": [
      32,
      41,
      408,
      429,
      644,
      786,
      901,
      1071,
      2288,
      2389,
      2408
    ],
    "1008.0893": [
      815,
      1138
    ],
    "1008.2874": [
      918
    ],
    "1008.4700": [
      187
    ],
    "1008.4879": [
      815
    ],
    "1009.0446": [
      158
    ],
    "1903.09828v1": [
      4438,
      5074
    ],
    "1910.11562v1": [
      143,
      232,
      268,
      1278,
      1538,
      1562,
      1583,
      1614
    ],
    "2211.15412v4": [
      10438,
      12140,
      20570,
      21083
    ],
    "2301.11177v2": [
      3000
    ],
    "2303.02106v2": [
      4366
    ],
    "2411.19663v1": [
      179
    ],
    "2507.05684v1": [
      1614
    ],
    "2510.25500v1": [
      2293
    ],
    "2511.04269v1": [
      15,
      231,
      1837,
      2151,
      2245,
      3300
    ]
  },
  "44831": {
    "0707.3395": [
      3419
    ]
  }
}