{
  "17472": {
    "0704.1824": [
      1513,
      3367,
      3377
    ],
    "0705.0562": [
      13,
      263,
      854,
      1308,
      1744,
      2112,
      2499,
      2928,
      3277,
      3721,
      4192,
      4520,
      4914,
      5369,
      5857,
      6271,
      6792,
      7426
    ],
    "0705.1138": [
      12
    ],
    "0705.2863": [
      2526
    ],
    "0706.0960": [
      3093,
      3102
    ],
    "0706.1996": [
      15
    ],
    "0706.2851": [
      5086
    ],
    "0706.3204": [
      18
    ],
    "0706.3472": [
      2644
    ],
    "0706.3989": [
      1532
    ],
    "0707.0163": [
      1650
    ],
    "0707.0201": [
      1513
    ],
    "0707.1220": [
      66,
      2368
    ],
    "0707.3448": [
      241,
      332,
      556,
      3178,
      3286,
      3334
    ],
    "0707.3804": [
      1621
    ],
    "0707.4174": [
      15
    ],
    "0707.4321": [
      11
    ],
    "0812.4545": [
      189
    ],
    "0901.0005": [
      5452
    ],
    "0901.2959": [
      10,
      11018
    ],
    "0901.3312": [
      1642
    ],
    "0901.3921": [
      6
    ],
    "0901.4456": [
      1099
    ],
    "0901.4690": [
      11009
    ],
    "0902.0513": [
      6295
    ],
    "0902.0734": [
      4615
    ],
    "1007.1855": [
      1631,
      1665
    ],
    "1007.2516": [
      1701
    ],
    "1007.4482": [
      1977
    ],
    "1007.4523": [
      3378
    ],
    "1008.0629": [
      7
    ],
    "1008.2223": [
      13
    ],
    "1008.2850": [
      2819
    ],
    "1008.3169": [
      1805
    ],
    "1008.3555": [
      9904
    ],
    "1008.3858": [
      10
    ],
    "1009.0444": [
      13469
    ],
    "1009.0713": [
      1131
    ],
    "1009.0804": [
      7216
    ],
    "1009.1217": [
      2629,
      2683,
      2773
    ],
    "1009.1310": [
      24,
      104,
      151,
      2031
    ],
    "2301.02327v1": [
      4424
    ],
    "2508.14163v2": [
      4517
    ],
    "2510.21066v1": [
      1598
    ],
    "2511.00253v1": [
      133378
    ]
  }
}