{
  "22049": {
    "0704.2238": [
      3690
    ],
    "0704.2394": [
      3206
    ],
    "0704.2881": [
      9,
      20
    ],
    "0704.2949": [
      11
    ],
    "0705.0031": [
      284
    ],
    "0705.1311": [
      2433
    ],
    "0705.1494": [
      9
    ],
    "0705.1589": [
      18,
      21
    ],
    "0705.2901": [
      37
    ],
    "0705.3701": [
      3315
    ],
    "0705.4349": [
      1945
    ],
    "0706.2117": [
      15
    ],
    "0706.2545": [
      12
    ],
    "0707.1561": [
      18
    ],
    "0707.3161": [
      16,
      22
    ],
    "0707.3533": [
      19
    ],
    "0707.3537": [
      15
    ],
    "0812.4025": [
      1191
    ],
    "0812.4852": [
      8146,
      11023
    ],
    "0901.0419": [
      20
    ],
    "0901.0624": [
      1497,
      1519
    ],
    "0901.2778": [
      4599
    ],
    "0901.3421": [
      21
    ],
    "0901.4364": [
      5584
    ],
    "0901.4626": [
      13
    ],
    "0901.4934": [
      6242,
      7342
    ],
    "0902.0466": [
      3264
    ],
    "0902.1013": [
      62
    ],
    "0902.2746": [
      3120
    ],
    "0902.3134": [
      2263,
      2413
    ],
    "1007.0785": [
      20
    ],
    "1007.1310": [
      902
    ],
    "1007.2034": [
      18
    ],
    "1007.2057": [
      14
    ],
    "1007.2961": [
      21
    ],
    "1007.3297": [
      2951
    ],
    "1007.5393": [
      1423
    ],
    "1008.0432": [
      22
    ],
    "1008.1459": [
      3219
    ],
    "1008.2731": [
      409,
      691,
      1198,
      1870
    ],
    "1008.4837": [
      58
    ],
    "1008.4842": [
      23
    ],
    "1008.4924": [
      9
    ],
    "1008.5285": [
      33
    ],
    "1009.1140": [
      5263
    ],
    "2010.07049v1": [
      3208
    ],
    "2402.12829v2": [
      15762,
      16306
    ],
    "2409.09900v1": [
      32
    ],
    "2501.04107v2": [
      81
    ]
  },
  "36235": {
    "0705.2107": [
      1894
    ],
    "0705.2704": [
      1627
    ],
    "0705.4014": [
      36
    ],
    "2305.10959v2": [
      4519
    ]
  }
}