{
  "29413": {
    "0704.0468": [
      212,
      1978
    ],
    "0705.4662": [
      2391,
      2963
    ],
    "0706.1701": [
      179
    ],
    "0707.0134": [
      1016,
      7025
    ],
    "0812.4346": [
      3007
    ],
    "0901.0205": [
      1360,
      7636
    ],
    "0901.0695": [
      228,
      2839
    ],
    "0902.1609": [
      437,
      630,
      2494
    ],
    "0902.2149": [
      2858
    ],
    "1007.1283": [
      2352
    ],
    "1007.2503": [
      892,
      2983
    ],
    "1007.2678": [
      3710
    ],
    "1007.3043": [
      797,
      7203,
      7215
    ],
    "1007.3292": [
      2905
    ],
    "1007.4191": [
      4210
    ],
    "1008.0213": [
      360,
      3830
    ],
    "1008.3216": [
      173,
      740
    ],
    "1008.3938": [
      5322,
      5335
    ],
    "1009.0056": [
      3266
    ],
    "1803.01614v1": [
      4024
    ],
    "2307.05867v3": [
      16212
    ],
    "2409.05262v1": [
      14320
    ]
  },
  "46426": {
    "0707.3279": [
      925
    ]
  }
}