{
  "18326": {
    "0704.0320": [
      1216,
      5702
    ],
    "0704.0749": [
      7637
    ],
    "0704.1916": [
      651,
      761,
      1042
    ],
    "0704.2451": [
      1438
    ],
    "0705.0080": [
      2347
    ],
    "0705.0099": [
      2990
    ],
    "0705.0637": [
      3168,
      3229
    ],
    "0705.0797": [
      3093,
      4611
    ],
    "0705.1987": [
      2372
    ],
    "0705.3109": [
      9350
    ],
    "0705.3418": [
      12816,
      13721
    ],
    "0705.3598": [
      84,
      86,
      1865,
      1873,
      1879
    ],
    "0706.1960": [
      848
    ],
    "0706.2099": [
      860,
      2960
    ],
    "0706.3553": [
      5882
    ],
    "0707.1498": [
      2102
    ],
    "0707.2521": [
      1129,
      1200
    ],
    "0707.3130": [
      2931,
      3038
    ],
    "0707.3503": [
      1241
    ],
    "0707.3628": [
      1218
    ],
    "0707.3957": [
      1799
    ],
    "0707.4324": [
      3330,
      3351,
      3365
    ],
    "0901.0079": [
      1760,
      3497
    ],
    "0901.0171": [
      2508
    ],
    "0901.0467": [
      271,
      2670
    ],
    "0901.3730": [
      3878
    ],
    "0901.4713": [
      1468
    ],
    "0902.0095": [
      1814
    ],
    "0902.0098": [
      3772,
      3818,
      3985
    ],
    "0902.0099": [
      5793,
      6245
    ],
    "0902.0267": [
      1338
    ],
    "0902.1705": [
      5985
    ],
    "1007.1707": [
      3092,
      3378
    ],
    "1007.2334": [
      3051,
      3060
    ],
    "1007.2646": [
      13
    ],
    "1007.5446": [
      6024
    ],
    "1007.5504": [
      2981
    ],
    "1008.0471": [
      2112
    ],
    "1008.0535": [
      3731
    ],
    "1008.1341": [
      1005,
      3365
    ],
    "1008.1431": [
      28
    ],
    "1008.2180": [
      1239
    ],
    "1008.4698": [
      15641
    ],
    "1009.1138": [
      8785
    ],
    "1906.05728v1": [
      3997
    ],
    "1906.06705v2": [
      3616
    ],
    "1908.09670v3": [
      1780
    ],
    "2212.07323v2": [
      1458
    ],
    "2306.17432v1": [
      1209
    ],
    "2310.02834v5": [
      4390
    ],
    "2503.07264v1": [
      4593
    ]
  }
}