{
  "34620": {
    "0705.3201": [
      36
    ],
    "0706.2494": [
      26
    ],
    "0706.4438": [
      1502
    ],
    "0707.1696": [
      37
    ],
    "0902.2318": [
      3602
    ],
    "0902.2813": [
      3180
    ],
    "1007.1749": [
      4320
    ],
    "1007.4884": [
      6285,
      6610
    ],
    "1008.0645": [
      5645
    ],
    "1008.1442": [
      3086
    ],
    "1009.0845": [
      3706,
      3715
    ],
    "1905.06694v1": [
      62
    ],
    "2006.04440v2": [
      405
    ],
    "2009.11114v1": [
      4507
    ],
    "2105.06087v1": [
      5554
    ],
    "2110.05829v1": [
      3628
    ],
    "2206.01915v2": [
      6,
      420,
      446,
      491,
      494,
      568,
      579,
      769,
      858,
      1008,
      1014,
      1218,
      1655,
      1858,
      1922,
      2353,
      2485,
      2560,
      3681,
      3776,
      3857,
      4259,
      4378,
      4412,
      4516,
      4671,
      4678,
      4683,
      4918,
      4938,
      5421
    ],
    "2206.01917v1": [
      7,
      73,
      141,
      835,
      882,
      901,
      917,
      921,
      1223,
      1524,
      1559,
      1604,
      1705,
      1747,
      1757,
      1809,
      1813,
      1868,
      1967,
      2227,
      2669,
      2791,
      2831,
      3164,
      3325,
      3582,
      3677,
      3735,
      3756,
      3767,
      3854,
      3861,
      3878,
      3916,
      3944,
      3966,
      3987,
      4355,
      4554,
      4692,
      4746,
      4763
    ],
    "2412.14944v1": [
      653,
      1447
    ],
    "2510.01975v1": [
      5508
    ]
  }
}