{
  "52823": {
    "0704.0106": [
      344
    ],
    "0704.0945": [
      2158
    ],
    "0704.1956": [
      2655
    ],
    "0704.2124": [
      1051,
      2064,
      2258,
      4312
    ],
    "0705.1596": [
      34
    ],
    "0705.2010": [
      98
    ],
    "0706.0605": [
      1326
    ],
    "0706.1415": [
      171,
      189,
      206,
      215,
      322,
      411,
      455,
      492,
      582,
      2953,
      2966
    ],
    "0706.1546": [
      838,
      853,
      1855
    ],
    "0706.2060": [
      2139
    ],
    "0706.2064": [
      3044
    ],
    "0706.2514": [
      14
    ],
    "0706.2944": [
      66,
      4235,
      5122
    ],
    "0706.3406": [
      341
    ],
    "0706.3532": [
      96,
      145,
      282,
      1068,
      2142
    ],
    "0707.1070": [
      2136
    ],
    "0707.1600": [
      175,
      457
    ],
    "0707.2437": [
      1468
    ],
    "0707.3346": [
      1395
    ],
    "0707.4100": [
      238
    ],
    "0707.4417": [
      755
    ],
    "0901.0392": [
      21
    ],
    "0901.0618": [
      99
    ],
    "0901.1540": [
      540,
      764
    ],
    "0901.2823": [
      3103
    ],
    "0901.3746": [
      2122
    ],
    "0901.4711": [
      2300
    ],
    "0902.0377": [
      36177,
      81765
    ],
    "0902.0426": [
      1669
    ],
    "0902.0670": [
      377,
      429
    ],
    "0902.1493": [
      1723
    ],
    "0902.1678": [
      7176,
      8295
    ],
    "0902.2608": [
      229,
      1052
    ],
    "1007.1494": [
      1771
    ],
    "1007.1919": [
      2226
    ],
    "1007.3238": [
      23
    ],
    "1007.4812": [
      5598
    ],
    "1008.0179": [
      114,
      170,
      321,
      329,
      334,
      380,
      820,
      924,
      1053,
      1302
    ],
    "1008.0746": [
      268,
      293
    ],
    "1008.1771": [
      5269
    ],
    "1008.2550": [
      7079
    ],
    "1008.2725": [
      772,
      774
    ],
    "1008.2973": [
      5203
    ],
    "1008.2978": [
      579
    ],
    "1008.4540": [
      1237
    ],
    "1008.4860": [
      213
    ],
    "1009.0252": [
      19847,
      19851,
      19890,
      19901,
      20119,
      20121,
      20343
    ],
    "1009.0728": [
      2278
    ],
    "1009.1329": [
      3364,
      6558
    ],
    "2103.08254v2": [
      3122
    ],
    "2303.11875v1": [
      516
    ],
    "2511.14739v1": [
      3271
    ]
  },
  "40555": {
    "0704.0534": [
      2617
    ],
    "0705.1777": [
      5158
    ],
    "2309.04286v1": [
      6077,
      8423
    ]
  },
  "23647": {
    "0704.1608": [
      1464
    ],
    "0704.1956": [
      275,
      2539,
      2695
    ],
    "0705.1596": [
      1039
    ],
    "0707.0321": [
      398
    ],
    "0707.1600": [
      1844
    ],
    "0707.2314": [
      207
    ],
    "0707.2408": [
      2839
    ],
    "0812.4464": [
      1420
    ],
    "0901.0079": [
      3584
    ],
    "0901.2559": [
      557
    ],
    "0901.3660": [
      1479
    ],
    "0902.0377": [
      25801,
      84707
    ],
    "1009.1329": [
      1364
    ]
  },
  "19118": {
    "0704.1816": [
      5640
    ],
    "0705.2387": [
      1172
    ],
    "0707.4150": [
      431
    ],
    "0901.0299": [
      875
    ],
    "0901.0995": [
      446,
      2101
    ],
    "0901.4382": [
      901,
      1788,
      1954,
      3096
    ],
    "0902.0347": [
      139,
      292,
      497,
      809,
      1515,
      1564,
      1602,
      1613,
      1625,
      1641,
      1725,
      1759,
      1777,
      1983,
      2197,
      2545,
      2692,
      3132,
      3185
    ],
    "0902.2023": [
      1391
    ],
    "1007.1056": [
      1701,
      1982
    ]
  },
  "24104": {
    "0704.2200": [
      31,
      117,
      541,
      558,
      669,
      1571,
      1741,
      1832,
      1861,
      1875,
      1930
    ],
    "0704.2750": [
      2342
    ],
    "0707.3811": [
      1776,
      1788,
      5615
    ],
    "0812.4238": [
      499
    ],
    "1008.5166": [
      3176
    ]
  },
  "40554": {
    "0705.1656": [
      2753
    ],
    "0707.3811": [
      5875
    ],
    "0812.4238": [
      3960
    ],
    "2503.00117v1": [
      2756
    ],
    "2509.10883v1": [
      104408
    ],
    "2510.03473v1": [
      41
    ],
    "2511.04644v1": [
      2200,
      2445
    ]
  },
  "48187": {
    "0705.1730": [
      11150
    ]
  },
  "48186": {
    "0707.2270": [
      248
    ]
  },
  "32416": {
    "0707.3775": [
      4199
    ],
    "0707.3896": [
      3319
    ],
    "0707.3965": [
      8,
      13
    ],
    "0707.4210": [
      13
    ],
    "0901.1322": [
      4497,
      4500
    ],
    "1007.1009": [
      183
    ],
    "1007.4198": [
      306,
      2854
    ],
    "1007.4595": [
      8,
      12
    ],
    "1008.0114": [
      214
    ],
    "1008.1095": [
      4648
    ],
    "1008.4129": [
      119
    ],
    "2006.07747v2": [
      161
    ],
    "2206.01877v1": [
      26,
      180,
      187,
      196,
      203,
      4288,
      4299
    ],
    "2508.16513v1": [
      6312
    ],
    "2509.08999v1": [
      137
    ],
    "2511.00253v1": [
      143636,
      146527
    ]
  },
  "48188": {
    "1007.4184": [
      9834
    ]
  }
}