{
  "51677": {
    "0704.0731": [
      12213
    ],
    "0704.0885": [
      194,
      199,
      214,
      244,
      577,
      604
    ],
    "0704.3594": [
      477
    ],
    "0706.1366": [
      1429,
      1740,
      1811,
      2001
    ],
    "0707.0940": [
      6129
    ],
    "0707.1589": [
      5385
    ],
    "0707.2491": [
      336,
      1600,
      4364
    ],
    "0902.2332": [
      1685
    ],
    "1007.3034": [
      13,
      207,
      208,
      215,
      742,
      1273,
      1528,
      1800,
      2038,
      2281,
      2571,
      2775,
      2985,
      3233,
      3465,
      3822,
      4085,
      4500,
      4684
    ],
    "1007.4748": [
      1268
    ],
    "2203.13879v1": [
      4648
    ],
    "2406.05901v1": [
      18741
    ]
  },
  "43883": {
    "1008.3431": [
      4860
    ]
  }
}