{
  "52312": {
    "0704.1156": [
      623
    ],
    "0704.2950": [
      10097
    ],
    "0704.3539": [
      230,
      235
    ],
    "0705.1390": [
      628,
      639,
      712,
      734
    ],
    "0705.3593": [
      1852
    ],
    "0706.3562": [
      265,
      269,
      277,
      314
    ],
    "0707.0763": [
      2491,
      2504,
      2517,
      2526,
      2535
    ],
    "0707.1232": [
      5017
    ],
    "0707.2629": [
      1007,
      1012,
      1020
    ],
    "0707.3972": [
      20728
    ],
    "0708.0298": [
      445
    ],
    "0901.0564": [
      3156
    ],
    "0901.1060": [
      3811
    ],
    "0902.1803": [
      381
    ],
    "0902.3174": [
      6283,
      6297,
      6313
    ],
    "1007.4419": [
      2255,
      2735,
      2747
    ],
    "1008.0686": [
      677
    ],
    "1009.0434": [
      863
    ],
    "1009.0687": [
      388,
      1761,
      2382
    ],
    "1712.00582v2": [
      3082
    ],
    "1904.06688v1": [
      1558,
      1714,
      2715
    ],
    "2001.08595v2": [
      384
    ],
    "2005.07953v2": [
      998,
      1070
    ],
    "2007.13377v2": [
      721,
      734,
      2523
    ],
    "2008.08816v1": [
      622
    ],
    "2010.04042v1": [
      243,
      352,
      378,
      699,
      724,
      866,
      1441
    ],
    "2010.12560v3": [
      1636
    ],
    "2010.12991v1": [
      1567
    ],
    "2101.01440v1": [
      1889
    ],
    "2109.03753v1": [
      87,
      571,
      577,
      1183
    ],
    "2109.15106v2": [
      1804
    ],
    "2111.09002v1": [
      355,
      662
    ],
    "2204.09559v1": [
      417,
      459
    ],
    "2206.02478v1": [
      2022,
      5609,
      5655,
      10912,
      10918,
      10959,
      11510,
      11528,
      12343,
      18064,
      24534
    ],
    "2206.03530v1": [
      2599
    ],
    "2207.13864v1": [
      3905,
      3915,
      3998,
      4094
    ],
    "2208.00112v1": [
      868
    ],
    "2212.04990v2": [
      1443
    ],
    "2212.06261v1": [
      562
    ],
    "2212.06647v1": [
      1119
    ],
    "2303.11001v1": [
      194,
      952
    ],
    "2304.01553v1": [
      1669,
      6158,
      7641,
      7741
    ],
    "2304.08725v1": [
      724,
      2662
    ],
    "2304.09570v2": [
      4629
    ],
    "2306.05447v1": [
      1385
    ],
    "2307.14946v1": [
      2138
    ],
    "2309.05101v1": [
      483,
      663,
      1971,
      1979
    ],
    "2310.07111v1": [
      1146
    ],
    "2405.08648v1": [
      54,
      2257
    ],
    "2407.06140v2": [
      952
    ],
    "2411.02634v1": [
      602,
      872
    ],
    "2503.10456v1": [
      454
    ],
    "2505.10995v1": [
      1055,
      4536
    ],
    "2508.12737v1": [
      898,
      1710
    ],
    "2508.13015v1": [
      726
    ],
    "2508.19355v1": [
      1161,
      1170
    ],
    "2509.02157v1": [
      6523
    ],
    "2509.11627v1": [
      571,
      650
    ],
    "2509.19723v1": [
      747
    ],
    "2509.23636v1": [
      809
    ],
    "2510.00724v1": [
      593
    ],
    "2510.05439v1": [
      938,
      1112,
      1824,
      3664,
      4081,
      4447
    ],
    "2510.16288v1": [
      850,
      1443
    ],
    "2510.16647v1": [
      665
    ],
    "2510.17100v1": [
      1956
    ],
    "2510.22110v1": [
      3586,
      3877,
      3937,
      3970,
      3999,
      5775
    ],
    "2510.25068v1": [
      423
    ],
    "2511.04764v1": [
      810,
      3920,
      5341
    ],
    "2511.11915v1": [
      851,
      917
    ],
    "2511.13862v1": [
      777
    ]
  },
  "36217": {
    "0707.3559": [
      1350,
      1577,
      1585
    ]
  },
  "39693": {
    "1712.00582v2": [
      280,
      311
    ]
  }
}