{
  "52643": {
    "0705.2864": [
      218
    ],
    "0706.3008": [
      296,
      358,
      752
    ],
    "0707.0365": [
      1321,
      2887
    ],
    "0707.0485": [
      1057
    ],
    "0707.2941": [
      31,
      225
    ],
    "0707.4079": [
      277
    ],
    "0707.4611": [
      108
    ],
    "0812.4286": [
      2468
    ],
    "0901.0537": [
      14581
    ],
    "0901.2241": [
      4177
    ],
    "0901.3540": [
      24
    ],
    "0901.3687": [
      3013
    ],
    "1008.1009": [
      73
    ],
    "1008.3876": [
      1730
    ],
    "1710.06687v1": [
      3251
    ],
    "1808.07425v2": [
      3131
    ],
    "1906.10460v1": [
      3853,
      3873
    ],
    "1907.12813v1": [
      66
    ],
    "1908.08480v1": [
      2391
    ],
    "1908.10326v1": [
      1811
    ],
    "2002.07495v3": [
      2147
    ],
    "2305.05434v2": [
      118
    ],
    "2407.04134v1": [
      152
    ],
    "2407.04135v1": [
      172
    ],
    "2407.04136v1": [
      141
    ],
    "2407.04748v1": [
      151,
      489
    ],
    "2501.00176v1": [
      6062
    ],
    "2501.03174v4": [
      3531
    ],
    "2501.09724v1": [
      68
    ],
    "2501.18346v1": [
      59
    ],
    "2508.00642v1": [
      155
    ],
    "2508.00647v1": [
      170
    ],
    "2508.00661v1": [
      168,
      615
    ],
    "2508.00780v1": [
      171
    ],
    "2508.02594v1": [
      176
    ],
    "2508.07705v1": [
      31
    ],
    "2509.13104v1": [
      1136
    ],
    "2510.18498v1": [
      4939
    ],
    "2510.19477v1": [
      2344
    ],
    "2511.00253v1": [
      7732,
      40573,
      44087,
      44091,
      44095,
      62312,
      63631,
      63636,
      66337,
      68293,
      69103,
      69121,
      69134,
      95085,
      95132,
      96182,
      106904,
      106909,
      106912,
      107966,
      107970,
      108012,
      109141,
      109145,
      109172,
      109996,
      110006,
      110010
    ],
    "2511.11833v1": [
      3618
    ]
  }
}