{
  "21806": {
    "0704.1646": [
      429
    ],
    "0706.0033": [
      27
    ],
    "0706.0995": [
      805
    ],
    "0706.0999": [
      4688
    ],
    "0706.1325": [
      963
    ],
    "0706.2031": [
      20
    ],
    "0707.3899": [
      1013
    ],
    "0901.0810": [
      189
    ],
    "0901.1819": [
      20
    ],
    "0901.4334": [
      165
    ],
    "0901.4804": [
      153
    ],
    "1007.1022": [
      966,
      991,
      994,
      1001,
      1752
    ],
    "1008.1739": [
      44
    ],
    "1008.1840": [
      231
    ],
    "2501.00979v1": [
      32
    ],
    "2509.08962v1": [
      238
    ],
    "2511.00253v1": [
      1272
    ]
  }
}