{
  "36075": {
    "0704.1525": [
      4488
    ],
    "0705.1730": [
      26785
    ],
    "0706.0233": [
      1946
    ],
    "0902.0345": [
      1000,
      1066,
      1071,
      3478,
      4823,
      6097,
      6141,
      6192,
      6224,
      6272,
      6583,
      6632
    ],
    "0902.2744": [
      184
    ],
    "1007.2537": [
      464
    ],
    "1008.1764": [
      997
    ],
    "1711.11256v2": [
      1346
    ],
    "2003.08451v1": [
      476,
      1930
    ],
    "2102.02130v1": [
      2196
    ],
    "2112.11506v2": [
      6002
    ],
    "2112.13017v2": [
      5099
    ],
    "2203.02847v1": [
      3986
    ],
    "2302.14636v1": [
      4723
    ],
    "2305.08244v1": [
      3183
    ],
    "2405.07401v1": [
      156,
      182,
      2027,
      2342
    ]
  }
}