{
  "18730": {
    "0704.2784": [
      292
    ],
    "0704.3720": [
      7,
      5125,
      5347,
      5388,
      5427
    ],
    "0704.3826": [
      2665
    ],
    "0705.1730": [
      21311
    ],
    "0705.2774": [
      5286
    ],
    "0705.4302": [
      2254
    ],
    "0706.0369": [
      1828
    ],
    "0706.1087": [
      2346
    ],
    "0706.1669": [
      29
    ],
    "0706.3234": [
      3068
    ],
    "0707.1184": [
      1276
    ],
    "0901.2987": [
      262
    ],
    "0902.0647": [
      14
    ],
    "0902.1506": [
      4797
    ],
    "0902.1891": [
      1958,
      2157
    ],
    "1007.4192": [
      1522
    ],
    "1007.5492": [
      30
    ],
    "1007.5496": [
      11
    ],
    "1008.0871": [
      6040
    ],
    "1008.1739": [
      22
    ],
    "2212.08139v1": [
      3259
    ],
    "2508.07998v1": [
      1928
    ],
    "2509.15527v1": [
      6684
    ],
    "2509.22127v1": [
      214
    ],
    "2510.06474v1": [
      4099
    ],
    "2510.21895v1": [
      65,
      236
    ],
    "2511.08574v1": [
      5300
    ],
    "2511.10927v1": [
      90638
    ]
  }
}