{
  "33899": {
    "0705.4575": [
      10,
      639
    ],
    "0706.2208": [
      2686
    ],
    "0707.0576": [
      6264
    ],
    "1007.3310": [
      25,
      75,
      150,
      288
    ],
    "1008.2191": [
      10004
    ],
    "1009.1456": [
      13
    ],
    "2209.14143v5": [
      1835
    ]
  },
  "46474": {
    "0706.1985": [
      3063
    ],
    "2211.03868v1": [
      15428
    ]
  }
}