{
  "51676": {
    "0704.0338": [
      4143,
      4200
    ],
    "0704.1718": [
      1147
    ],
    "0704.1854": [
      115
    ],
    "0704.2941": [
      314,
      364,
      1104
    ],
    "0704.3833": [
      181
    ],
    "0705.0515": [
      1260
    ],
    "0705.3473": [
      1690
    ],
    "0706.0723": [
      1321
    ],
    "0706.4235": [
      1236
    ],
    "0707.3541": [
      375
    ],
    "0812.3936": [
      8010
    ],
    "0812.4263": [
      1353
    ],
    "0812.4503": [
      966,
      980,
      1281,
      1286
    ],
    "0901.0013": [
      2600
    ],
    "0901.1258": [
      843
    ],
    "0901.1610": [
      4424
    ],
    "0901.4695": [
      289,
      336,
      676,
      1800,
      2135
    ],
    "0902.1882": [
      144
    ],
    "1007.1745": [
      2008
    ],
    "1007.3418": [
      2647,
      2651,
      2696,
      2856,
      2887,
      2893,
      2916
    ],
    "1007.4329": [
      1991
    ],
    "1008.1489": [
      2830
    ],
    "1008.1508": [
      1237
    ],
    "1009.1047": [
      273
    ],
    "1705.05706v1": [
      3199,
      3726
    ],
    "1807.11750v1": [
      2724,
      3100
    ],
    "2412.01081v1": [
      4432,
      4447
    ],
    "2506.14918v1": [
      4897
    ],
    "2506.23764v1": [
      4203
    ],
    "2508.05035v1": [
      5662
    ],
    "2508.11407v1": [
      3786
    ],
    "2509.04558v1": [
      28
    ],
    "2510.19686v1": [
      4083
    ]
  },
  "25981": {
    "0705.3473": [
      269,
      286,
      668,
      690,
      730,
      921,
      2021
    ],
    "0902.0429": [
      4038,
      4141
    ],
    "2211.04405v1": [
      1212
    ],
    "2509.20590v2": [
      2732
    ]
  }
}