{
  "13249": {
    "0704.0185": [
      1839
    ],
    "0704.1412": [
      2476
    ],
    "0704.1444": [
      66,
      84,
      169,
      211,
      219,
      412,
      424,
      635,
      680,
      718,
      740,
      747,
      904,
      922,
      1084,
      1142,
      1151
    ],
    "0704.2098": [
      1026,
      1038
    ],
    "0704.2188": [
      1311
    ],
    "0704.2830": [
      508
    ],
    "0707.0510": [
      1446
    ],
    "0707.3436": [
      1098
    ],
    "0812.4327": [
      1182
    ],
    "0812.5032": [
      1384,
      1386,
      1388
    ],
    "0901.0491": [
      409
    ],
    "0901.0764": [
      1712
    ],
    "0901.3902": [
      1262
    ],
    "0902.0296": [
      1153
    ],
    "0902.1841": [
      468
    ],
    "0902.2958": [
      2986
    ],
    "1008.0336": [
      539,
      2041,
      2058
    ],
    "1008.3258": [
      1092,
      3024
    ],
    "1008.4720": [
      12,
      45,
      272,
      296,
      410,
      1067
    ],
    "1009.0927": [
      130
    ],
    "1009.1272": [
      818,
      933,
      939
    ],
    "1705.04847v3": [
      3676
    ],
    "1705.06763v2": [
      5364
    ],
    "1706.02772v1": [
      282,
      735,
      1110,
      1410,
      1728,
      2336,
      2341
    ],
    "1711.08015v1": [
      1075
    ],
    "1712.02818v1": [
      2034
    ],
    "1801.09513v1": [
      2810
    ],
    "1802.08273v1": [
      705,
      1260,
      1410
    ],
    "1807.00799v1": [
      1569,
      1574
    ],
    "1811.10710v1": [
      3905
    ],
    "1902.10438v1": [
      356,
      2331,
      2714,
      2729
    ],
    "1904.03747v1": [
      2366
    ],
    "1908.08362v2": [
      2188,
      2267,
      2277
    ],
    "2010.00864v1": [
      4213
    ],
    "2104.07862v1": [
      3836,
      3872
    ],
    "2110.03601v1": [
      2438
    ],
    "2210.08364v2": [
      1667,
      5456
    ],
    "2211.04392v2": [
      2155,
      4723
    ],
    "2301.10255v3": [
      3430
    ],
    "2302.02816v1": [
      2229
    ],
    "2305.02249v1": [
      1017,
      1234,
      1443,
      1647,
      1676,
      1722,
      1744,
      1756
    ],
    "2308.11926v1": [
      14047
    ],
    "2511.13424v1": [
      9994
    ]
  },
  "21125": {
    "0704.0316": [
      4533,
      4538
    ],
    "0704.1614": [
      259,
      502,
      3736
    ],
    "0704.3477": [
      1781,
      1790,
      1852
    ],
    "0704.3925": [
      5902
    ],
    "0705.0914": [
      2716
    ],
    "0705.1730": [
      40545
    ],
    "0706.1975": [
      5137
    ],
    "0707.4440": [
      1550
    ],
    "0707.4599": [
      6670
    ],
    "0812.4232": [
      8659,
      8962
    ],
    "0901.1748": [
      1567
    ],
    "0901.4135": [
      8230
    ],
    "0902.1983": [
      11004
    ],
    "1007.2823": [
      2464
    ],
    "1007.5065": [
      124,
      160,
      1451,
      1462
    ],
    "1008.0519": [
      4596
    ],
    "1008.0957": [
      1081
    ],
    "1909.06348v3": [
      3236
    ],
    "2506.13879v1": [
      2683
    ],
    "2508.15654v1": [
      4690
    ],
    "2508.21805v1": [
      4410
    ],
    "2509.06910v1": [
      3536
    ],
    "2509.11665v1": [
      4914
    ],
    "2510.02600v1": [
      6254
    ],
    "2510.17746v1": [
      6397
    ],
    "2511.08270v1": [
      5801,
      5825
    ]
  },
  "10472": {
    "0704.0705": [
      1774,
      1881
    ],
    "0704.3896": [
      22
    ],
    "0705.1051": [
      3355
    ],
    "0705.4146": [
      6668
    ],
    "0706.0087": [
      2400
    ],
    "0706.1814": [
      171
    ],
    "0706.3009": [
      2450
    ],
    "0706.3947": [
      2714
    ],
    "0706.3949": [
      590,
      2480,
      2500,
      2793,
      4057,
      4736,
      5968,
      5976,
      5987
    ],
    "0707.1167": [
      1287,
      1293,
      1340,
      1464,
      1468,
      1474,
      1482,
      1505,
      1517,
      1526
    ],
    "0707.1370": [
      1315,
      1334
    ],
    "0707.2767": [
      1327,
      1371
    ],
    "0901.3053": [
      1873
    ],
    "0901.4509": [
      221,
      269
    ],
    "0902.0191": [
      117,
      121,
      170,
      214,
      516,
      643,
      1176,
      1193,
      1342,
      2760,
      3174,
      5688,
      5929
    ],
    "1007.2885": [
      4433,
      4835,
      5000,
      5339
    ],
    "1007.2902": [
      867,
      5435
    ],
    "1007.4866": [
      5519
    ],
    "1007.5073": [
      1558,
      1569
    ],
    "1008.1105": [
      1102,
      2906
    ],
    "1008.1131": [
      8859
    ],
    "1008.1241": [
      2490
    ],
    "1008.3732": [
      5866
    ],
    "1008.4027": [
      1614,
      1625,
      1675,
      1694,
      1747,
      1761,
      1878,
      1928,
      1970,
      1990,
      2027,
      2372,
      2513,
      3082,
      3197,
      3231
    ],
    "1009.1355": [
      2687
    ],
    "1710.03004v1": [
      230
    ],
    "1901.11121v2": [
      2803
    ],
    "1902.00243v2": [
      1926
    ],
    "2003.03231v1": [
      15378
    ],
    "2010.14101v1": [
      10,
      138,
      164,
      621,
      1239,
      1406,
      1556
    ],
    "2105.06771v2": [
      3153,
      3176,
      3192,
      3229,
      4926
    ],
    "2203.01656v1": [
      10823,
      11182,
      11189,
      16848
    ],
    "2205.13786v3": [
      2142
    ],
    "2208.00892v2": [
      10765,
      10888,
      10946,
      10991,
      11608,
      13785
    ],
    "2209.10104v1": [
      949,
      3309
    ],
    "2210.03056v1": [
      0,
      51,
      66,
      139,
      147,
      169,
      184,
      266,
      477,
      485,
      603,
      850,
      1240,
      1248,
      1368,
      1387,
      1405,
      1440,
      1484,
      1534,
      1545,
      1554,
      1585,
      1621,
      1754,
      1956
    ],
    "2303.07860v2": [
      3079
    ],
    "2403.03131v1": [
      3636,
      3865
    ],
    "2403.13970v2": [
      1311,
      1725,
      1742,
      1755,
      1868,
      1871,
      1875,
      1902,
      2048,
      2055,
      2062,
      2069,
      2081,
      2386,
      2409,
      2427,
      2602,
      4773,
      15883,
      15886,
      15904,
      15958,
      15976,
      17831,
      19186,
      19524
    ],
    "2408.03075v1": [
      5255
    ],
    "2408.08334v1": [
      370,
      2862,
      2878,
      2880,
      2962,
      3109,
      3131,
      3237,
      3312,
      3532
    ],
    "2505.09307v1": [
      677
    ],
    "2506.08177v1": [
      381
    ],
    "2509.06103v1": [
      723,
      972,
      989,
      2334,
      2342,
      2616,
      5431
    ],
    "2510.13486v1": [
      3985
    ],
    "2510.24854v1": [
      237,
      294
    ]
  },
  "52379": {
    "0704.0802": [
      617
    ],
    "0704.0805": [
      792
    ],
    "0704.1257": [
      775
    ],
    "0704.1887": [
      1095,
      1165,
      1205
    ],
    "0704.2317": [
      21
    ],
    "0704.3202": [
      115
    ],
    "0704.3962": [
      4032,
      4043,
      4297,
      4309
    ],
    "0705.0299": [
      1062,
      1377,
      1451
    ],
    "0705.0532": [
      694,
      772
    ],
    "0705.3895": [
      6074
    ],
    "0706.1067": [
      1292
    ],
    "0706.1798": [
      656
    ],
    "0706.3430": [
      1837
    ],
    "0707.0163": [
      772
    ],
    "0707.0169": [
      187
    ],
    "0707.0763": [
      2085
    ],
    "0707.2153": [
      172
    ],
    "0707.3436": [
      1322
    ],
    "0901.0512": [
      165753,
      165755,
      165757,
      165759,
      165761,
      165765,
      176476,
      176478,
      176480,
      176482,
      176484
    ],
    "0901.3053": [
      1872
    ],
    "0901.3104": [
      17810,
      17828,
      20401,
      20419
    ],
    "0901.4306": [
      218,
      4307
    ],
    "0901.4727": [
      532
    ],