{
  "49192": {
    "0704.0886": [
      2635
    ],
    "0901.3221": [
      1225
    ],
    "0901.4844": [
      20,
      1577,
      1582,
      1589
    ],
    "0902.0242": [
      10,
      1107
    ],
    "0902.0322": [
      5424
    ],
    "0902.2728": [
      1696
    ],
    "1007.2217": [
      4114
    ],
    "1008.3534": [
      1613
    ],
    "1711.11126v1": [
      1934
    ],
    "1803.00302v2": [
      1506
    ],
    "2008.06765v1": [
      1894
    ],
    "2207.05977v3": [
      2592,
      2615,
      2987
    ],
    "2207.09832v3": [
      5004
    ],
    "2212.00960v2": [
      2600
    ],
    "2301.10566v1": [
      2522,
      2544,
      2569,
      2894,
      2993
    ],
    "2304.08254v1": [
      2860
    ],
    "2402.14325v1": [
      5814
    ],
    "2404.09234v1": [
      4007
    ],
    "2405.04647v1": [
      5869
    ],
    "2410.08550v1": [
      3756,
      3778,
      3792,
      3807,
      4060,
      4713
    ],
    "2412.14659v1": [
      4649,
      5024
    ],
    "2503.24052v1": [
      289,
      2394
    ],
    "2506.21919v2": [
      5306,
      5313
    ],
    "2511.07323v2": [
      4000
    ]
  },
  "49193": {
    "0705.2184": [
      4318
    ],
    "1007.4723": [
      739
    ]
  }
}