{
  "51417": {
    "0704.1632": [
      2625,
      2632
    ],
    "0704.2899": [
      5181
    ],
    "0705.1073": [
      2799,
      2815
    ],
    "0706.3388": [
      5319
    ],
    "0706.3748": [
      1418,
      1420,
      1427,
      1438,
      1443,
      1510,
      1512,
      1513
    ],
    "0707.0609": [
      6982
    ],
    "0707.0804": [
      2766
    ],
    "0707.1595": [
      1896,
      1897
    ],
    "0707.2135": [
      977,
      1039
    ],
    "0901.0147": [
      3038
    ],
    "0901.0377": [
      930,
      936
    ],
    "0901.1651": [
      1093,
      1098
    ],
    "0901.3075": [
      1017,
      1018
    ],
    "0901.3688": [
      8815
    ],
    "0902.0865": [
      514
    ],
    "1007.3851": [
      2528
    ],
    "1007.3920": [
      1166
    ],
    "1007.4159": [
      1894
    ],
    "1007.5267": [
      2757
    ],
    "1008.0715": [
      1256
    ],
    "1008.1655": [
      890,
      891,
      892,
      1116,
      1117,
      1118
    ],
    "1008.2425": [
      2764
    ],
    "1008.2469": [
      3432
    ],
    "1009.0672": [
      638,
      642,
      663
    ],
    "1009.0763": [
      3007
    ],
    "1710.01323v2": [
      1058
    ],
    "2303.07579v1": [
      6895
    ]
  }
}