{
  "28889": {
    "0704.0753": [
      37
    ],
    "0704.3854": [
      1744
    ],
    "0705.0459": [
      23
    ],
    "0705.1765": [
      21
    ],
    "0705.3619": [
      19
    ],
    "0705.4411": [
      22
    ],
    "0707.1548": [
      6331
    ],
    "0707.3559": [
      1351
    ],
    "0708.0107": [
      20
    ],
    "0901.2278": [
      715
    ],
    "0901.3330": [
      31
    ],
    "1007.1654": [
      1070
    ],
    "1008.0039": [
      4903
    ],
    "1008.2429": [
      3568
    ],
    "1008.3171": [
      1465
    ],
    "1009.0253": [
      2293
    ],
    "1911.10230v1": [
      4133
    ],
    "2104.08345v1": [
      2922
    ],
    "2206.15009v2": [
      2090
    ],
    "2209.13624v1": [
      3194
    ],
    "2301.02189v1": [
      9265
    ],
    "2306.04598v1": [
      3781,
      3809
    ],
    "2402.13813v1": [
      5608
    ],
    "2405.00143v1": [
      1999,
      2016
    ],
    "2407.17419v2": [
      1709
    ],
    "2411.13174v2": [
      5809,
      5867
    ],
    "2411.18083v1": [
      1399
    ],
    "2508.10088v1": [
      1615
    ],
    "2508.18348v1": [
      6776
    ],
    "2511.09040v1": [
      1856,
      7601,
      7623
    ]
  },
  "51263": {
    "0707.0729": [
      1564
    ],
    "0901.2681": [
      872
    ],
    "0901.3589": [
      8436
    ]
  }
}