{
  "52385": {
    "0705.4561": [
      6788,
      6791
    ],
    "0707.0113": [
      585,
      629,
      656,
      1719,
      1760
    ],
    "0707.4008": [
      297,
      397,
      442,
      479,
      486,
      615,
      720,
      767,
      1266,
      1505,
      1635
    ],
    "1811.07978v1": [
      55,
      108,
      311,
      387,
      390,
      598,
      629,
      812,
      927,
      1040,
      1051,
      1106,
      1129,
      1146,
      1251,
      1261,
      1285,
      1288,
      1344,
      1446,
      1657,
      1804,
      1860,
      2083,
      2106,
      2201,
      2312,
      2399,
      2469,
      2474,
      2610,
      2643,
      2957,
      3064,
      3158,
      3252,
      3570
    ],
    "2011.10504v3": [
      4495
    ],
    "2104.05543v2": [
      2389
    ],
    "2406.05901v1": [
      19020,
      19034,
      19053,
      19067
    ]
  }
}