{
  "19372": {
    "0704.0718": [
      6710
    ],
    "0704.1669": [
      7,
      1502,
      1584,
      1598,
      1760
    ],
    "0704.1800": [
      28341
    ],
    "0704.1805": [
      1935
    ],
    "0704.2274": [
      1464
    ],
    "0704.2568": [
      2263
    ],
    "0704.2593": [
      3024,
      3029
    ],
    "0704.3735": [
      3352
    ],
    "0706.0532": [
      3837
    ],
    "0706.2208": [
      2614
    ],
    "0706.2975": [
      2218
    ],
    "0706.3321": [
      5922,
      5933,
      6298
    ],
    "0706.3910": [
      2839
    ],
    "0706.3926": [
      1642,
      1646
    ],
    "0706.4039": [
      2172
    ],
    "0707.0064": [
      894,
      919,
      1355,
      1358,
      1387,
      1398
    ],
    "0707.4097": [
      3072
    ],
    "0708.0062": [
      1518
    ],
    "0812.4342": [
      3028,
      3032
    ],
    "0901.0408": [
      1834
    ],
    "0901.0603": [
      2237
    ],
    "0901.0883": [
      776,
      2287,
      2667,
      2685,
      2699,
      2709,
      2727
    ],
    "0901.2402": [
      587
    ],
    "0901.2405": [
      1213
    ],
    "0901.4199": [
      2265
    ],
    "0902.0156": [
      1389,
      1409
    ],
    "0902.0675": [
      4298
    ],
    "1007.3143": [
      3904
    ],
    "1007.4515": [
      1383
    ],
    "1008.0077": [
      1621
    ],
    "1008.0334": [
      50,
      445,
      879,
      885,
      888,
      910,
      915,
      935,
      952
    ],
    "1008.0436": [
      15,
      2425,
      2437,
      2459,
      2738,
      2744,
      2766
    ],
    "1008.2242": [
      301,
      512,
      1715,
      1889,
      1890,
      1992
    ],
    "1008.5192": [
      2482
    ],
    "1009.0277": [
      3051
    ],
    "1705.04847v3": [
      3465,
      3472
    ],
    "1710.00945v1": [
      2109
    ],
    "1904.01929v1": [
      3148
    ],
    "2003.06432v1": [
      3353,
      3510
    ],
    "2009.01908v1": [
      4022,
      6245
    ],
    "2104.07862v1": [
      3694
    ],
    "2108.01435v2": [
      20059
    ],
    "2210.14384v1": [
      2089
    ],
    "2510.14355v1": [
      2276,
      5411
    ]
  }
}