{
  "22204": {
    "0704.2199": [
      3866
    ],
    "0704.2839": [
      4178
    ],
    "0706.3570": [
      786
    ],
    "0706.4291": [
      884
    ],
    "0707.3572": [
      4531
    ],
    "0707.4372": [
      2639
    ],
    "0901.2607": [
      441
    ],
    "1007.3139": [
      895,
      2085,
      3276
    ],
    "1007.3922": [
      2910,
      6351
    ],
    "1008.4781": [
      5064
    ],
    "1008.4800": [
      1584
    ],
    "1008.5136": [
      2662
    ],
    "1008.5368": [
      6186
    ],
    "1009.0164": [
      1900
    ],
    "2206.13929v1": [
      1712
    ],
    "2507.02042v1": [
      843
    ],
    "2510.16707v1": [
      2547
    ]
  },
  "50861": {
    "0705.0070": [
      3262
    ],
    "0812.4286": [
      683
    ]
  }
}