{
  "15975": {
    "0704.1752": [
      2024
    ],
    "0705.1337": [
      1270
    ],
    "0706.1593": [
      1785,
      3186
    ],
    "0707.0504": [
      25
    ],
    "0707.0880": [
      14,
      1529,
      1541,
      1547,
      1551
    ],
    "0707.3905": [
      6633
    ],
    "0812.4955": [
      1773
    ],
    "0901.0537": [
      52280
    ],
    "0901.0632": [
      5382,
      10843
    ],
    "0901.2067": [
      1682
    ],
    "0901.2666": [
      1574
    ],
    "0901.3644": [
      3562
    ],
    "0901.3758": [
      7157
    ],
    "0902.0907": [
      1016
    ],
    "0902.2755": [
      55
    ],
    "1007.0927": [
      1379
    ],
    "1007.1062": [
      660
    ],
    "1007.1692": [
      1021
    ],
    "1007.2967": [
      1511
    ],
    "1007.3970": [
      2053
    ],
    "1007.4500": [
      1252
    ],
    "1007.5133": [
      1918
    ],
    "1008.1490": [
      1605
    ],
    "1008.3400": [
      1479
    ],
    "1008.3864": [
      2074
    ],
    "1008.4041": [
      2632,
      2646
    ],
    "1008.4508": [
      7265
    ],
    "1009.0439": [
      3235
    ],
    "1009.1355": [
      4520
    ],
    "1709.01219v1": [
      2346
    ],
    "1907.07459v2": [
      2499
    ],
    "1909.11632v1": [
      7371
    ],
    "1911.12788v1": [
      3538
    ],
    "1912.01518v5": [
      2022
    ],
    "2003.03231v1": [
      29793,
      29808
    ],
    "2008.07647v5": [
      4361
    ],
    "2109.07413v1": [
      2927
    ],
    "2409.06737v2": [
      5787
    ],
    "2503.05358v1": [
      3479
    ],
    "2508.08628v1": [
      4724
    ],
    "2508.15102v1": [
      5881,
      5898
    ],
    "2510.00169v1": [
      4371
    ],
    "2511.02871v1": [
      31534
    ],
    "2511.08624v1": [
      5652
    ],
    "2511.14809v1": [
      1373,
      2999,
      4486
    ]
  },
  "46427": {
    "0706.4325": [
      2780
    ],
    "0901.0963": [
      227
    ],
    "0902.0377": [
      54921
    ]
  }
}