{
  "20006": {
    "0704.0870": [
      4981,
      5060,
      5071
    ],
    "0704.2103": [
      735
    ],
    "0704.2591": [
      651
    ],
    "0704.2778": [
      235
    ],
    "0704.2899": [
      125,
      3573,
      3889
    ],
    "0704.3181": [
      3613
    ],
    "0704.3243": [
      1897
    ],
    "0704.3913": [
      1472
    ],
    "0705.1335": [
      424
    ],
    "0705.1704": [
      1079,
      1277
    ],
    "0705.2326": [
      1451
    ],
    "0706.0654": [
      2167
    ],
    "0706.0965": [
      134
    ],
    "0706.1248": [
      5662
    ],
    "0706.1856": [
      1644
    ],
    "0706.2136": [
      805
    ],
    "0706.2861": [
      423
    ],
    "0706.3709": [
      11
    ],
    "0706.3996": [
      2170
    ],
    "0706.4188": [
      3212
    ],
    "0707.0781": [
      696
    ],
    "0707.1361": [
      1604
    ],
    "0708.0325": [
      509
    ],
    "0812.4006": [
      2033,
      2076
    ],
    "0812.4905": [
      1597,
      8394,
      10406
    ],
    "0901.0307": [
      173
    ],
    "0901.0453": [
      1398
    ],
    "0901.4261": [
      2289
    ],
    "0901.4686": [
      6,
      225,
      741,
      1069,
      1321,
      1463,
      1827,
      2074,
      2254,
      2414,
      2728,
      2958,
      3496,
      3584
    ],
    "0902.0208": [
      4097
    ],
    "0902.0632": [
      1243
    ],
    "0902.2642": [
      13
    ],
    "0902.3122": [
      1798
    ],
    "1007.1214": [
      4078,
      4092,
      4109
    ],
    "1007.1415": [
      1034
    ],
    "1007.1632": [
      2767
    ],
    "1007.2211": [
      11
    ],
    "1007.2326": [
      101
    ],
    "1007.2770": [
      1579
    ],
    "1007.2986": [
      2882
    ],
    "1007.3758": [
      1864
    ],
    "1007.4420": [
      263
    ],
    "1007.4452": [
      5366
    ],
    "1007.4639": [
      506
    ],
    "1007.5172": [
      4020
    ],
    "1008.1396": [
      3845
    ],
    "1008.1732": [
      3776
    ],
    "1008.2388": [
      1455
    ],
    "1008.4260": [
      3484
    ],
    "1008.5166": [
      4216
    ],
    "1008.5309": [
      4847
    ],
    "1009.0393": [
      11384
    ],
    "1009.0863": [
      43,
      1796
    ],
    "1710.01725v1": [
      1555
    ],
    "1805.09278v1": [
      13287,
      14571
    ],
    "1807.10942v1": [
      3486,
      3514,
      3800,
      4086
    ],
    "2004.05447v1": [
      3987
    ],
    "2006.04479v1": [
      3402
    ],
    "2007.13856v1": [
      6123
    ],
    "2106.01531v1": [
      8394
    ],
    "2206.03958v1": [
      4026
    ],
    "2208.04485v2": [
      12713
    ],
    "2208.10131v1": [
      3400
    ],
    "2209.10686v2": [
      3682,
      5686,
      5706
    ],
    "2210.01896v1": [
      7424
    ],
    "2211.10216v1": [
      2459
    ],
    "2212.06261v1": [
      5140,
      5142,
      5817,
      11361,
      11455,
      11511,
      11526,
      11542,
      13272
    ],
    "2308.04851v1": [
      20557
    ],
    "2401.01604v2": [
      813,
      2134
    ],
    "2405.14983v1": [
      3223,
      4911
    ],
    "2504.00913v2": [
      7062
    ],
    "2504.11542v1": [
      3668
    ],
    "2508.12802v1": [
      4063
    ],
    "2509.03361v2": [
      2662
    ],
    "2509.19286v1": [
      4811
    ],
    "2509.21506v2": [
      2500
    ],
    "2510.02834v1": [
      3727
    ],
    "2510.22061v1": [
      3348
    ],
    "2511.05416v1": [
      3944
    ],
    "2511.08862v1": [
      7485
    ],
    "2511.13058v1": [
      981,
      1299
    ]
  }
}