{
  "21827": {
    "0704.0071": [
      1034,
      1060,
      1079,
      1084,
      1132,
      1147,
      1184,
      1188,
      1192,
      1215
    ],
    "0705.2485": [
      143
    ],
    "0705.4085": [
      8465,
      8716
    ],
    "0707.0600": [
      10,
      43,
      143,
      698,
      1608,
      1830,
      2208
    ],
    "0707.3234": [
      2561
    ],
    "0901.0270": [
      6209
    ],
    "0902.0347": [
      3766
    ],
    "2406.15365v1": [
      1517
    ],
    "2508.03425v1": [
      3621
    ],
    "2511.05429v1": [
      6381
    ]
  },
  "15735": {
    "0704.1084": [
      1556,
      1584
    ],
    "0704.1898": [
      9,
      3649,
      3657,
      3663,
      3693,
      3696,
      3751,
      3755,
      3758,
      3767,
      3795,
      3802
    ],
    "0704.3623": [
      2720
    ],
    "0704.3626": [
      2052
    ],
    "0705.0420": [
      14,
      2852,
      2864,
      2891,
      2902,
      2915,
      2922,
      2937,
      2940,
      2966
    ],
    "0705.2245": [
      10,
      4093,
      4112,
      4122,
      4138,
      4144,
      4151,
      4154,
      4164,
      4172,
      4176,
      4204,
      4219,
      4222,
      4225,
      4337,
      4364,
      4370
    ],
    "0705.2611": [
      245,
      940,
      1200,
      1232,
      1244
    ],
    "0705.4141": [
      6424
    ],
    "0706.0391": [
      2001
    ],
    "0706.2831": [
      3211,
      4063
    ],
    "0706.3283": [
      4161
    ],
    "0707.1062": [
      2915
    ],
    "0707.3234": [
      1703
    ],
    "0707.3240": [
      2146,
      2161,
      2180
    ],
    "0812.4516": [
      1453,
      1459,
      1467,
      1475,
      1481
    ],
    "0812.4641": [
      1514
    ],
    "0901.2195": [
      2854
    ],
    "0901.3640": [
      15784
    ],
    "0901.4214": [
      192,
      3136,
      3140,
      3143,
      3239
    ],
    "0901.4357": [
      2962
    ],
    "0902.0717": [
      3442,
      3455,
      3469,
      3472,
      3475,
      3530,
      3548,
      3559,
      3581
    ],
    "0902.2610": [
      1562
    ],
    "1007.1763": [
      1217,
      1224,
      1269,
      1301
    ],
    "1007.4035": [
      1428
    ],
    "1008.1743": [
      5604,
      5609,
      5614,
      5620,
      5662,
      5669,
      5675,
      5747,
      5755,
      5806,
      5812,
      5876
    ],
    "1008.2044": [
      3366,
      3381,
      3384,
      3386,
      3389,
      3392,
      3476,
      3541,
      3544
    ],
    "1008.2165": [
      2694
    ],
    "1009.0012": [
      2710
    ],
    "1009.0195": [
      3602,
      3615,
      3619
    ]
  },
  "20934": {
    "0705.3525": [
      1388
    ],
    "0706.3798": [
      1360,
      1461
    ],
    "0707.1704": [
      278,
      2361,
      2487
    ],
    "0707.3234": [
      9,
      63,
      330,
      886,
      1121,
      1126,
      1314,
      1629,
      1644,
      1665,
      1717,
      1725,
      1830,
      1840,
      2344,
      2491,
      2647
    ],
    "0707.3905": [
      5497
    ],
    "0901.1214": [
      145,
      386,
      789,
      1678,
      1969,
      2082,
      2810
    ],
    "1007.1376": [
      800
    ],
    "1007.4054": [
      1728
    ],
    "1007.4184": [
      12480
    ],
    "1008.0476": [
      28
    ],
    "1008.1508": [
      281
    ],
    "1009.0517": [
      2079
    ],
    "1811.06526v3": [
      3318
    ],
    "2006.03891v1": [
      604
    ],
    "2402.18691v1": [
      2143
    ],
    "2407.05199v1": [
      4769
    ],
    "2509.10883v1": [
      18360
    ],
    "2510.27635v1": [
      2407
    ],
    "2511.08964v1": [
      3857
    ]
  },
  "27057": {
    "0707.3559": [
      130,
      975,
      1002,
      1027,
      1045,
      1071,
      1103
    ],
    "1007.4792": [
      874,
      1177,
      1407
    ]
  }
}