{
  "23821": {
    "0704.2641": [
      63
    ],
    "0705.0022": [
      1265
    ],
    "0706.1713": [
      1375
    ],
    "0902.0468": [
      1055
    ],
    "1007.0824": [
      1768
    ],
    "1007.4497": [
      551
    ],
    "1007.4722": [
      225
    ],
    "1008.1367": [
      3143
    ],
    "1904.04284v2": [
      2489
    ],
    "2105.06087v1": [
      3950,
      5118
    ],
    "2203.02847v1": [
      388
    ],
    "2403.13970v2": [
      13742,
      13846
    ],
    "2412.04219v1": [
      3037
    ]
  },
  "35031": {
    "0707.0567": [
      107,
      327,
      3714
    ]
  }
}