{
  "20963": {
    "0704.0004": [
      751
    ],
    "0704.0206": [
      2250
    ],
    "0704.0335": [
      2579
    ],
    "0704.1433": [
      2245
    ],
    "0704.1783": [
      358
    ],
    "0704.2383": [
      1861
    ],
    "0704.2899": [
      1610
    ],
    "0704.3433": [
      1925
    ],
    "0705.0076": [
      630,
      1387,
      1618,
      1670
    ],
    "0705.0291": [
      1109
    ],
    "0705.0540": [
      5958
    ],
    "0705.1978": [
      1850
    ],
    "0705.3611": [
      953
    ],
    "0706.3194": [
      2650
    ],
    "0707.0108": [
      5665
    ],
    "0707.0449": [
      1821
    ],
    "0707.0771": [
      4546,
      4580
    ],
    "0707.1622": [
      1301
    ],
    "0707.2284": [
      105
    ],
    "0707.3482": [
      92
    ],
    "0707.4612": [
      2473
    ],
    "0707.4638": [
      440,
      498
    ],
    "0812.4010": [
      2680
    ],
    "0812.4232": [
      3768
    ],
    "0812.5073": [
      5745
    ],
    "0901.0381": [
      2514,
      4251,
      4275,
      4289,
      4304
    ],
    "0901.0402": [
      14
    ],
    "0901.2250": [
      2113
    ],
    "0901.2684": [
      9,
      20,
      1679
    ],
    "0901.2687": [
      14,
      550,
      972,
      2571,
      2596
    ],
    "0901.4192": [
      1736
    ],
    "0901.4353": [
      1363
    ],
    "0901.4775": [
      2018
    ],
    "0902.0029": [
      1374
    ],
    "1007.1114": [
      1568
    ],
    "1007.2352": [
      2886
    ],
    "1007.2593": [
      3655
    ],
    "1007.5274": [
      497,
      2804,
      6028,
      7724
    ],
    "1008.0160": [
      348
    ],
    "1008.0717": [
      8309
    ],
    "1008.1290": [
      5455
    ],
    "1008.1539": [
      1535
    ],
    "1008.1571": [
      1953
    ],
    "1008.2158": [
      2420
    ],
    "1009.1105": [
      695
    ],
    "1904.06370v1": [
      4860
    ],
    "2010.07049v1": [
      3770
    ],
    "2209.08517v1": [
      2868
    ],
    "2404.14959v1": [
      4353
    ],
    "2408.16805v2": [
      6196
    ],
    "2502.18692v1": [
      4379
    ]
  },
  "37366": {
    "0704.2096": [
      2594
    ],
    "0706.0453": [
      343
    ],
    "0706.4096": [
      7201
    ],
    "0812.3926": [
      754
    ],
    "0901.1879": [
      347
    ],
    "0901.4821": [
      973
    ],
    "0902.1587": [
      3061
    ],
    "1007.0787": [
      968
    ],
    "1008.4388": [
      764
    ],
    "2402.18691v1": [
      3503
    ]
  },
  "29872": {
    "0705.0835": [
      435
    ],
    "2208.00892v2": [
      9118,
      9164,
      9194,
      9206,
      9208,
      13102
    ]
  },
  "27894": {
    "0705.3251": [
      14542
    ],
    "0706.2986": [
      8808,
      8813
    ],
    "0706.3071": [
      1849
    ],
    "0706.4022": [
      594
    ],
    "0706.4096": [
      5712
    ],
    "0707.2557": [
      40
    ],
    "0707.4093": [
      3705
    ],
    "0707.4234": [
      738
    ],
    "0812.3969": [
      3635
    ],
    "0901.0934": [
      1565
    ],
    "0901.3405": [
      571
    ],
    "0902.1543": [
      438
    ],
    "0902.1644": [
      63
    ],
    "0902.2211": [
      250
    ],
    "0902.2347": [
      70
    ],
    "0902.2546": [
      5747
    ],
    "1007.4781": [
      442
    ],
    "1008.0342": [
      1175
    ],
    "1008.1958": [
      625
    ],
    "1008.2165": [
      546
    ],
    "1008.2322": [
      562
    ],
    "1009.0112": [
      2788
    ],
    "1009.0246": [
      4019
    ],
    "1009.0749": [
      2303
    ],
    "1009.0847": [
      802
    ],
    "1009.1332": [
      1947
    ],
    "2508.14570v1": [
      752
    ],
    "2509.04818v2": [
      2436
    ]
  }
}