{
  "53299": {
    "0705.0283": [
      1013,
      1016
    ],
    "0705.1624": [
      2641,
      2645
    ],
    "0705.3426": [
      508
    ],
    "0705.3899": [
      477,
      561,
      567,
      584,
      648,
      660,
      746
    ],
    "0706.0464": [
      388,
      399
    ],
    "0706.4395": [
      4448,
      4490
    ],
    "0707.0294": [
      417,
      524,
      529,
      682,
      690,
      695,
      698,
      758,
      764,
      770,
      776,
      945,
      950,
      956,
      961,
      966,
      1023,
      1486,
      1524
    ],
    "0707.1535": [
      323,
      400,
      404
    ],
    "0707.3012": [
      632
    ],
    "0707.3583": [
      8473,
      8486,
      8497,
      8518,
      8526,
      8536
    ],
    "0708.0186": [
      749,
      763
    ],
    "0708.0289": [
      1229,
      1252
    ],
    "0901.1673": [
      1054,
      2207,
      2565
    ],
    "0902.0367": [
      1220
    ],
    "0902.0845": [
      7666,
      7669,
      7687,
      7689,
      7698
    ],
    "1007.2199": [
      1155,
      1160
    ],
    "1007.3565": [
      763,
      791,
      794,
      802,
      822
    ],
    "1007.3601": [
      1923,
      1926
    ],
    "1008.0257": [
      1990,
      1991,
      1994,
      1996,
      4606,
      4855,
      4859,
      4863,
      4877,
      4927,
      4998,
      5321,
      5410,
      5412,
      5418,
      5429,
      5451,
      5469,
      5493,
      5513,
      5538,
      5599,
      5655,
      6283,
      7215,
      7238,
      7270,
      7280,
      7337,
      7341,
      7350,
      7409,
      7414,
      7621,
      7625,
      7628,
      7631
    ],
    "2012.10247v1": [
      146
    ],
    "2109.04366v2": [
      4294,
      4327,
      4328,
      4329,
      4386,
      4388,
      4389,
      4390,
      4592
    ],
    "2511.06707v1": [
      703
    ]
  },
  "53300": {
    "0901.1368": [
      667
    ]
  }
}