{
  "52365": {
    "0704.1908": [
      3867
    ],
    "0705.0816": [
      3935
    ],
    "0705.1661": [
      58,
      64,
      78,
      405,
      456,
      524,
      538,
      545,
      577,
      729,
      744,
      1891,
      1916,
      1957,
      2556,
      2568,
      2569,
      2572,
      2573,
      2583,
      2588,
      2589,
      2594,
      2783,
      3674,
      3675,
      3676,
      3677,
      3724,
      3745,
      3794,
      4080,
      5298,
      5302,
      5931,
      5947,
      8655
    ],
    "0705.2194": [
      1110,
      1126,
      1263
    ],
    "0705.2845": [
      470
    ],
    "0705.3353": [
      230
    ],
    "0705.3764": [
      680,
      707,
      709,
      753,
      826,
      871
    ],
    "0706.2523": [
      1575
    ],
    "0706.3505": [
      287,
      303,
      309,
      322
    ],
    "0706.3670": [
      649,
      3066
    ],
    "0707.1385": [
      2666
    ],
    "0707.1936": [
      61
    ],
    "0707.3372": [
      280
    ],
    "0812.4110": [
      3728
    ],
    "0901.0549": [
      21066
    ],
    "0901.0650": [
      729
    ],
    "0901.1106": [
      910,
      925
    ],
    "0901.3187": [
      2377
    ],
    "0901.3520": [
      756,
      765
    ],
    "0902.0598": [
      744,
      747
    ],
    "0902.1851": [
      957,
      961
    ],
    "1007.2411": [
      5270
    ],
    "1007.4522": [
      688,
      693
    ],
    "1007.5210": [
      2391,
      2402
    ],
    "1008.0152": [
      2932,
      2996,
      3012
    ],
    "1008.4305": [
      1416,
      1433
    ],
    "1009.0590": [
      775,
      799,
      805,
      806,
      839,
      940,
      956,
      1023,
      1040,
      1064,
      1105
    ],
    "2004.09658v1": [
      1882
    ],
    "2509.26148v1": [
      3950
    ]
  }
}