{
  "52805": {
    "0704.2402": [
      1584
    ],
    "0704.2834": [
      1205
    ],
    "0704.3332": [
      1479,
      1522
    ],
    "0705.0040": [
      1056,
      1059,
      1062
    ],
    "0705.1850": [
      2089
    ],
    "0706.0544": [
      6501
    ],
    "0706.3024": [
      4859,
      4910,
      5035,
      5041
    ],
    "0707.1172": [
      1107
    ],
    "0812.4057": [
      2422
    ],
    "0901.1730": [
      1209
    ],
    "0901.2699": [
      564
    ],
    "1007.1021": [
      2150,
      2175
    ],
    "1007.1119": [
      16482,
      16485
    ],
    "1007.2021": [
      2879
    ],
    "1007.2295": [
      4006
    ],
    "1007.5248": [
      5554,
      5557
    ],
    "1008.2365": [
      679,
      824
    ],
    "1008.4933": [
      676
    ],
    "1009.0282": [
      1511
    ],
    "1009.0938": [
      1518,
      1520
    ],
    "2007.03945v1": [
      1811
    ],
    "2110.07559v16": [
      17203,
      25965
    ],
    "2404.15429v1": [
      7367
    ]
  }
}