{
  "31375": {
    "0705.4125": [
      337,
      2268,
      2282,
      2295,
      2305
    ],
    "1007.1206": [
      654,
      2892,
      2905,
      2919,
      2929
    ],
    "1008.0940": [
      3008,
      3017,
      3028
    ]
  },
  "42367": {
    "0706.0523": [
      3736
    ],
    "0902.2684": [
      4259
    ],
    "1008.2021": [
      16,
      2424,
      2433,
      2526
    ],
    "1710.03825v1": [
      7239
    ],
    "1712.00218v1": [
      5088
    ],
    "1712.07301v1": [
      3992
    ],
    "1801.04201v1": [
      3208
    ],
    "1801.07818v1": [
      4799
    ],
    "1811.10695v1": [
      7757
    ],
    "1812.05423v1": [
      5492
    ],
    "1901.09921v1": [
      6564
    ],
    "1904.10859v2": [
      4528
    ],
    "1911.02880v1": [
      2406
    ],
    "1911.10817v1": [
      8147
    ],
    "1912.11731v1": [
      8276
    ],
    "2005.01238v1": [
      4218
    ],
    "2005.05049v1": [
      4918
    ],
    "2008.02576v2": [
      5218
    ],
    "2008.09005v1": [
      8170
    ],
    "2012.05857v1": [
      3352
    ],
    "2012.06116v1": [
      38002
    ],
    "2012.12635v1": [
      2861
    ],
    "2104.04261v1": [
      16027
    ],
    "2108.08072v2": [
      4954
    ],
    "2109.07200v4": [
      2929
    ],
    "2110.02664v1": [
      2445
    ],
    "2111.13337v1": [
      7780
    ],
    "2203.06976v1": [
      3197
    ],
    "2209.13057v1": [
      4622
    ],
    "2210.02782v1": [
      13820
    ],
    "2211.04887v1": [
      12236
    ],
    "2304.05264v1": [
      7325
    ],
    "2305.14339v1": [
      5495
    ],
    "2308.04851v1": [
      21004
    ],
    "2310.11310v1": [
      5596
    ],
    "2406.13090v1": [
      1102
    ]
  }
}