{
  "23641": {
    "0704.1325": [
      162
    ],
    "1007.0845": [
      29
    ],
    "1007.2018": [
      37
    ],
    "2501.08112v1": [
      26,
      35
    ],
    "2505.03701v1": [
      27,
      36
    ],
    "2506.11333v1": [
      48
    ],
    "2507.01162v1": [
      95,
      103
    ],
    "2508.21358v2": [
      5402
    ],
    "2509.03767v1": [
      51,
      60
    ],
    "2509.16383v1": [
      73
    ],
    "2510.21395v1": [
      380
    ],
    "2511.08574v1": [
      22
    ],
    "2511.11358v1": [
      31
    ]
  }
}