{
  "32009": {
    "0706.3464": [
      3955
    ],
    "1008.0331": [
      8577
    ],
    "2010.00699v3": [
      4992
    ],
    "2102.06005v1": [
      2471
    ],
    "2509.25892v1": [
      1687
    ]
  }
}