{
  "17609": {
    "0704.2140": [
      89,
      255,
      557,
      607,
      2399,
      2457,
      2597,
      3035,
      3053,
      3269,
      3837,
      4614,
      4662,
      4676,
      4680,
      4686,
      4745
    ],
    "0704.2839": [
      5779
    ],
    "0705.0039": [
      1654
    ],
    "0705.3257": [
      2398
    ],
    "0706.1332": [
      21456,
      21466,
      21503
    ],
    "0901.1135": [
      1064,
      1492,
      1671,
      1740,
      3742,
      5329
    ],
    "0901.4135": [
      8098
    ],
    "0902.0384": [
      5591,
      5599
    ],
    "0902.2279": [
      1240
    ],
    "0902.3195": [
      3419,
      6416,
      6832,
      6903
    ],
    "1009.1355": [
      1076
    ],
    "1802.04772v1": [
      5507
    ],
    "2509.06103v1": [
      1468,
      3621
    ],
    "2509.15727v2": [
      9686
    ]
  },
  "14693": {
    "0704.3966": [
      14
    ],
    "0705.0169": [
      308
    ],
    "0705.2562": [
      17,
      2375
    ],
    "0705.2605": [
      4023
    ],
    "0705.3003": [
      12
    ],
    "0705.3193": [
      34
    ],
    "0705.3815": [
      310
    ],
    "0705.4525": [
      9
    ],
    "0706.0437": [
      425
    ],
    "0706.0731": [
      19
    ],
    "0706.1577": [
      18
    ],
    "0706.1855": [
      14
    ],
    "0706.1952": [
      177,
      195
    ],
    "0706.1970": [
      16
    ],
    "0706.3024": [
      8131
    ],
    "0706.3234": [
      209,
      227
    ],
    "0706.3953": [
      1198
    ],
    "0707.0181": [
      2220
    ],
    "0707.2148": [
      4369
    ],
    "0707.2326": [
      702,
      714
    ],
    "0707.3372": [
      35
    ],
    "0707.3460": [
      17
    ],
    "0707.3465": [
      30
    ],
    "0707.3469": [
      21
    ],
    "0901.0527": [
      26
    ],
    "0901.0564": [
      239,
      3511,
      3523
    ],
    "0901.1440": [
      11167
    ],
    "0901.3329": [
      208
    ],
    "0902.0180": [
      271
    ],
    "0902.0293": [
      266
    ],
    "0902.0345": [
      5339,
      5629
    ],
    "0902.2776": [
      4887
    ],
    "1007.2308": [
      1392
    ],
    "1007.2467": [
      156,
      163
    ],
    "1007.2600": [
      43
    ],
    "1007.2777": [
      4913
    ],
    "1007.2791": [
      360
    ],
    "1007.4292": [
      2623
    ],
    "1007.5054": [
      1302
    ],
    "1008.0687": [
      71,
      1435
    ],
    "1008.0808": [
      16
    ],
    "1008.0851": [
      2420,
      5116
    ],
    "1008.1034": [
      6045
    ],
    "1008.1047": [
      3873
    ],
    "1008.1868": [
      3531
    ],
    "1008.2004": [
      13
    ],
    "1008.2923": [
      4010
    ],
    "1008.4357": [
      293
    ],
    "1008.5134": [
      5665
    ],
    "1009.0129": [
      30,
      3546
    ],
    "1009.0269": [
      225
    ],
    "1009.0582": [
      14
    ],
    "1009.0753": [
      15
    ],
    "1009.1334": [
      21
    ],
    "1704.00912v1": [
      4367
    ],
    "1812.11215v1": [
      21763,
      22367
    ],
    "2503.06971v3": [
      2639
    ],
    "2509.21517v2": [
      38
    ],
    "2510.23218v1": [
      53
    ],
    "2510.25329v1": [
      95
    ]
  },
  "50400": {
    "0705.1703": [
      1181
    ]
  },
  "50401": {
    "0706.2602": [
      3803
    ]
  },
  "50402": {
    "1009.0582": [
      20
    ]
  }
}