{
  "26935": {
    "0704.0059": [
      258
    ],
    "0704.2866": [
      2928
    ],
    "0705.0281": [
      3034
    ],
    "0705.0689": [
      796
    ],
    "0705.1270": [
      4859
    ],
    "0706.3822": [
      972
    ],
    "0706.3854": [
      1710
    ],
    "0706.4368": [
      906,
      2001
    ],
    "0707.1454": [
      3120
    ],
    "0812.4580": [
      668
    ],
    "0901.0253": [
      179
    ],
    "0901.2328": [
      470
    ],
    "0901.2646": [
      345,
      901
    ],
    "0901.4671": [
      1263,
      1267
    ],
    "0901.4872": [
      3116
    ],
    "0902.0845": [
      9270
    ],
    "0902.2678": [
      1139
    ],
    "0902.3134": [
      2398
    ],
    "1007.1875": [
      610,
      637
    ],
    "1007.1983": [
      1005
    ],
    "1007.2315": [
      1410
    ],
    "1007.2876": [
      3634
    ],
    "1007.5279": [
      3394
    ],
    "1008.2028": [
      820
    ],
    "1008.2121": [
      2381,
      2389
    ],
    "1008.4805": [
      868
    ],
    "2103.15748v1": [
      19407,
      19505
    ],
    "2404.12348v2": [
      6614,
      7830,
      7841
    ],
    "2502.13262v1": [
      2647,
      3345
    ],
    "2509.20202v3": [
      9695
    ],
    "2509.21467v1": [
      4564,
      4601,
      4829
    ],
    "2511.08270v1": [
      8159
    ]
  },
  "7725": {
    "0704.0105": [
      4586
    ],
    "0704.0280": [
      3134
    ],
    "0704.0302": [
      1092
    ],
    "0704.0305": [
      93
    ],
    "0704.0449": [
      6961
    ],
    "0704.0512": [
      1620
    ],
    "0704.0588": [
      352
    ],
    "0704.0653": [
      142
    ],
    "0704.0716": [
      7729
    ],
    "0704.0955": [
      497
    ],
    "0704.0959": [
      289
    ],
    "0704.1157": [
      2590
    ],
    "0704.1217": [
      5000
    ],
    "0704.1320": [
      2971
    ],
    "0704.1338": [
      201
    ],
    "0704.1476": [
      44272,
      44285
    ],
    "0704.1477": [
      127
    ],
    "0704.1632": [
      615
    ],
    "0704.1721": [
      1236
    ],
    "0704.1787": [
      209
    ],
    "0704.1838": [
      246
    ],
    "0704.1874": [
      1611
    ],
    "0704.2328": [
      4122
    ],
    "0704.2440": [
      2302
    ],
    "0704.2795": [
      1232
    ],
    "0704.2899": [
      1054,
      4837
    ],
    "0704.3130": [
      334
    ],
    "0704.3255": [
      2311
    ],
    "0704.3308": [
      4810,
      5225
    ],
    "0704.3324": [
      790
    ],
    "0704.3342": [
      4290
    ],
    "0704.3412": [
      638
    ],
    "0704.3447": [
      1041
    ],
    "0704.3818": [
      923,
      1651
    ],
    "0704.3907": [
      4837
    ],
    "0705.0164": [
      9593
    ],
    "0705.0198": [
      124,
      901,
      1835,
      2168
    ],
    "0705.0436": [
      85
    ],
    "0705.0643": [
      894
    ],
    "0705.0666": [
      3840
    ],
    "0705.0869": [
      189
    ],
    "0705.1016": [
      2518
    ],
    "0705.1050": [
      2848
    ],
    "0705.1073": [
      2616
    ],
    "0705.1130": [
      39253
    ],
    "0705.1201": [
      1744
    ],
    "0705.1207": [
      1992
    ],
    "0705.1232": [
      192
    ],
    "0705.1247": [
      3192
    ],
    "0705.1336": [
      802
    ],
    "0705.1482": [
      174
    ],
    "0705.1697": [
      177
    ],
    "0705.1794": [
      1787
    ],
    "0705.1816": [
      868
    ],
    "0705.1858": [
      268
    ],
    "0705.1979": [
      203
    ],
    "0705.2005": [
      4016
    ],
    "0705.2007": [
      579
    ],
    "0705.2140": [
      4490
    ],
    "0705.2202": [
      1623
    ],
    "0705.2250": [
      1178
    ],
    "0705.2272": [
      1424
    ],
    "0705.2273": [
      1424
    ],
    "0705.2484": [
      2995
    ],
    "0705.2570": [
      245
    ],
    "0705.2703": [
      2756
    ],
    "0705.2735": [
      5406
    ],
    "0705.2761": [
      831
    ],
    "0705.2872": [
      8719
    ],
    "0705.2880": [
      1082
    ],
    "0705.2891": [
      9563
    ],
    "0705.2893": [
      2803
    ],
    "0705.3201": [
      1293
    ],
    "0705.3271": [
      19
    ],
    "0705.3308": [
      440
    ],
    "0705.3416": [
      97
    ],
    "0705.4104": [
      1105
    ],
    "0705.4370": [
      47,
      177
    ],
    "0706.0013": [
      1921
    ],
    "0706.0096": [
      986
    ],
    "0706.0256": [
      5320
    ],
    "0706.0313": [
      4528
    ],
    "0706.0341": [
      1768
    ],
    "0706.0475": [
      2257
    ],
    "0706.0480": [
      3525
    ],
    "0706.0491": [
      116
    ],
    "0706.0635": [
      3442
    ],
    "0706.0651": [
      902
    ],
    "0706.0930": [
      1587
    ],
    "0706.0943": [
      932
    ],
    "0706.1144": [
      1300
    ],
    "0706.1314": [
      236
    ],
    "0706.1360": [
      374
    ],
    "0706.1590": [
      1653
    ],
    "0706.1642": [
      192
    ],
    "0706.1940": [
      1009
    ],
    "0706.1971": [
      1372
    ],
    "0706.2074": [
      38
    ],
    "0706.2114": [
      391
    ],
    "0706.2223": [
      483
    ],
    "0706.2244": [
      1031
    ],
    "0706.2309": [
      1227
    ],
    "0706.2416": [
      147
    ],
    "0706.2470": [
      211
    ],
    "0706.2771": [
      973
    ],
    "0706.2851": [
      3647
    ],
    "0706.2917": [
      1813
    ],
    "0706.3128": [
      1810
    ],
    "0706.3323": [
      71
    ],
    "0706.3553": [
      704
    ],
    "0706.3599": [
      587
    ],
    "0706.3696": [
      383
    ],
    "0706.3762": [
      3545
    ],
    "0706.3883": [
      305
    ],
    "0706.3915": [
      159
    ],
    "0706.4078": [
      1339
    ],
    "0706.4104": [
      4302
    ],
    "0706.4329": [
      5008
    ],
    "0706.4397": [
      1314
    ],
    "0706.4418": [
      122
    ],
    "0707.0086": [
      2839
    ],
    "0707.0142": [
      3064
    ],
    "0707.0209": [
      97
    ],
    "0707.0295": [
      906
    ],
    "0707.0577": [
      143
    ],
    "0707.0875": [
      546,
      781
    ],
    "0707.0997": [
      2494
    ],
    "0707.1099": [
      1945
    ],
    "0707.1121": [
      2189
    ],
    "0707.1189": [
      44
    ],
    "0707.1196": [
      4055
    ],
    "0707.1233": [
      770
    ],
    "0707.1284": [
      2225
    ],
    "0707.1461": [
      265
    ],
    "0707.1501": [
      28
    ],
    "0707.1557": [
      140
    ],
    "0707.1592": [
      1095
    ],
    "0707.1597": [
      4161
    ],
    "0707.1682": [
      118
    ],
    "0707.1739": [
      670
    ],
    "0707.1871": [
      79
    ],
    "0707.1889": [
      6337,
      22570
    ],
    "0707.2194": [
      1058
    ],
    "0707.2273": [
      1217
    ],
    "0707.2276": [
      191
    ],
    "0707.2305": [
      1310
    ],
    "0707.2311": [
      766
    ],
    "0707.2393": [
      2612
    ],
    "0707.2533": [
      245
    ],
    "0707.2839": [
      4076
    ],
    "0707.2875": [
      353
    ],
    "0707.2978": [
      305,
      725
    ],
    "0707.3039": [
      1231
    ],
    "0707.3050": [
      4275
    ],
    "0707.3102": [
      1879
    ],
    "0707.3471": [
      805
    ],
    "0707.3475": [
      5128
    ],
    "0707.3818": [
      1432
    ],
    "0707.3930": [
      125
    ],
    "0707.3992": [
      11880
    ],
    "0707.4177": [
      94
    ],
    "0707.4303": [
      106,
      2307
    ],
    "0707.4320": [
      1911
    ],
    "0707.4547": [
      67
    ],
    "0707.4551": [
      2854
    ],
    "0707.4588": [
      4626
    ],
    "0708.0017": [
      6568
    ],
    "0708.0079": [
      4487
    ],
    "0708.0117": [
      1038
    ],
    "0708.0134": [
      7162
    ],
    "0708.0167": [
      1380
    ],
    "0708.0177": [
      618
    ],
    "0708.0264": [
      90
    ],
    "0708.0319": [
      983
    ],
    "0812.3969": [
      3377
    ],
    "0812.4077": [
      7724
    ],
    "0812.4165": [
      575
    ],
    "0812.4166": [
      1431
    ],