{
  "29215": {
    "0705.1300": [
      6,
      214,
      554,
      789,
      1121,
      1382,
      1581
    ],
    "0902.2008": [
      3933
    ],
    "0902.2409": [
      3476
    ],
    "1008.1950": [
      2272
    ],
    "1009.1455": [
      5383
    ],
    "2508.17176v1": [
      19
    ],
    "2509.18635v1": [
      32
    ],
    "2509.26505v1": [
      38
    ],
    "2510.03916v1": [
      9,
      3217
    ],
    "2511.00253v1": [
      57204,
      60131
    ]
  }
}