{
  "31222": {
    "0704.3535": [
      16745
    ],
    "0706.0504": [
      15
    ],
    "0706.0506": [
      8
    ],
    "0706.4072": [
      6758
    ],
    "0707.4000": [
      3199
    ],
    "0707.4233": [
      2915
    ],
    "0708.0155": [
      1481
    ],
    "0812.4246": [
      1752
    ],
    "0812.4489": [
      1516
    ],
    "0901.0620": [
      1552
    ],
    "0901.1849": [
      7514
    ],
    "0902.2335": [
      309
    ],
    "0902.2846": [
      4606
    ],
    "1007.1230": [
      2840
    ],
    "1007.1498": [
      1678
    ],
    "1007.2801": [
      2670,
      2682,
      2714,
      2721
    ],
    "1008.1348": [
      651
    ],
    "1009.0530": [
      6887
    ],
    "1911.10165v2": [
      27
    ],
    "2508.20393v2": [
      1049,
      1621,
      2525,
      3049,
      3580,
      3903
    ]
  }
}