{
  "36083": {
    "0705.3147": [
      1934
    ],
    "0707.3685": [
      5037,
      5777
    ],
    "0812.4941": [
      974
    ],
    "0901.0710": [
      448,
      475,
      600
    ],
    "0901.1703": [
      3492
    ],
    "1007.2435": [
      2195
    ],
    "1008.1239": [
      538
    ],
    "1009.0673": [
      338,
      921
    ],
    "2508.19332v1": [
      1154
    ],
    "2509.22990v1": [
      566
    ],
    "2510.14747v1": [
      1173
    ],
    "2511.08790v1": [
      316,
      6452
    ]
  }
}