{
  "26256": {
    "0704.2928": [
      8
    ],
    "0705.1045": [
      5999,
      6018,
      6306,
      6329,
      16464
    ],
    "0707.0586": [
      272,
      942,
      1150
    ],
    "0707.0670": [
      1030
    ],
    "0707.3410": [
      1429
    ],
    "0812.4596": [
      875
    ],
    "0901.0192": [
      435
    ],
    "0901.0786": [
      2276,
      2278
    ],
    "0902.1719": [
      2564
    ],
    "1007.2041": [
      1051,
      1600
    ],
    "1007.2344": [
      3075
    ],
    "1007.3006": [
      70,
      127,
      152,
      197,
      456,
      485,
      495,
      663,
      683,
      823,
      868
    ],
    "1008.5194": [
      9731
    ],
    "1008.5314": [
      1775
    ],
    "2501.17336v1": [
      3151,
      3176,
      3231
    ],
    "2511.06669v2": [
      4399
    ]
  }
}