{
  "31825": {
    "0707.1224": [
      6750
    ],
    "1008.1468": [
      3019
    ],
    "1908.06961v1": [
      1530
    ],
    "2202.09539v2": [
      1207
    ],
    "2211.10818v1": [
      9143
    ]
  }
}