{
  "9918": {
    "0705.0809": [
      175,
      3827
    ],
    "0705.0877": [
      2421,
      4351,
      4909
    ],
    "0705.1778": [
      3275
    ],
    "0705.3176": [
      188,
      241,
      268,
      305,
      373,
      545,
      564,
      568,
      800,
      813,
      880,
      1036,
      1222,
      1287,
      1317,
      1377,
      1416
    ],
    "0705.3525": [
      665,
      791
    ],
    "0706.0090": [
      2729
    ],
    "0706.0115": [
      90
    ],
    "0706.0530": [
      193,
      261
    ],
    "0706.4128": [
      6798
    ],
    "0707.0067": [
      471
    ],
    "0812.3936": [
      6171
    ],
    "0901.1956": [
      1310
    ],
    "0901.3557": [
      285,
      349
    ],
    "0901.3644": [
      3356
    ],
    "0901.3672": [
      272,
      1771
    ],
    "1007.1301": [
      320,
      331
    ],
    "1007.2099": [
      4026
    ],
    "1007.5260": [
      4055,
      5107,
      5307
    ],
    "1008.0296": [
      1991,
      2015
    ],
    "1008.2938": [
      893,
      3985
    ],
    "1008.3438": [
      687
    ],
    "1008.4239": [
      2564
    ],
    "1008.4306": [
      3,
      19,
      59,
      61,
      93,
      269,
      427,
      436,
      580
    ],
    "1008.4893": [
      2005,
      2568,
      3598
    ],
    "1009.0614": [
      1316
    ],
    "1706.09635v1": [
      2615,
      2628,
      2644
    ],
    "1803.03853v1": [
      6416,
      8042
    ],
    "1804.00937v2": [
      4537
    ],
    "1808.01844v1": [
      4457
    ],
    "1810.08160v2": [
      293,
      370,
      381,
      391,
      472,
      486,
      504,
      558,
      1737,
      2065,
      2485,
      2493,
      3687,
      3992,
      4025,
      4252,
      4283
    ],
    "1811.07687v3": [
      189,
      248,
      268,
      294,
      328,
      423,
      501,
      596,
      652,
      666,
      707,
      748,
      767,
      1417,
      2485,
      2527,
      2650,
      2722
    ],
    "1811.09995v2": [
      361
    ],
    "1903.02461v2": [
      2124
    ],
    "1904.12224v1": [
      224
    ],
    "1905.01073v1": [
      261,
      3145,
      4453,
      4863
    ],
    "1905.12011v2": [
      216,
      2141,
      2850
    ],
    "1908.05497v1": [
      2443,
      2717
    ],
    "1912.02271v1": [
      3412
    ],
    "2006.08483v1": [
      148,
      152,
      153,
      186,
      2246
    ],
    "2007.12030v1": [
      210,
      3830,
      4048
    ],
    "2008.10029v3": [
      237,
      277,
      299,
      2159,
      2189,
      2190,
      2203
    ],
    "2009.00910v1": [
      3993,
      4218
    ],
    "2101.10082v1": [
      992
    ],
    "2103.01930v1": [
      38,
      203,
      2672,
      2728,
      2741,
      2742
    ],
    "2103.05240v1": [
      5408
    ],
    "2103.11213v1": [
      7117,
      7292
    ],
    "2103.12785v3": [
      3660
    ],
    "2105.02780v1": [
      319
    ],
    "2107.03138v1": [
      290
    ],
    "2107.10487v1": [
      549,
      1871
    ],
    "2108.01370v1": [
      5912
    ],
    "2108.12908v2": [
      3710
    ],
    "2109.04366v2": [
      1177
    ],
    "2111.06330v2": [
      2832
    ],
    "2111.06397v1": [
      2978
    ],
    "2111.09361v1": [
      768,
      800
    ],
    "2203.15403v1": [
      399,
      434,
      442,
      458,
      777,
      1040,
      1805,
      1934,
      1940,
      2324,
      2344,
      3266
    ],
    "2204.12850v2": [
      247
    ],
    "2205.00244v5": [
      1354,
      3879
    ],
    "2207.09832v3": [
      4853,
      5211
    ],
    "2208.00892v2": [
      10894
    ],
    "2210.01417v3": [
      29,
      160,
      2104,
      2117,
      2118,
      2134,
      2544
    ],
    "2210.13775v1": [
      581
    ],
    "2212.00960v2": [
      533
    ],
    "2301.10800v4": [
      1931,
      6239,
      8068
    ],
    "2302.02344v1": [
      1062,
      1387,
      1457,
      1666
    ],
    "2302.11374v1": [
      11609,
      12541,
      12556,
      12565
    ],
    "2306.09645v1": [
      2418,
      2804,
      2809,
      4987,
      8345,
      8674
    ],
    "2308.08145v2": [
      310,
      2339
    ],
    "2309.15885v1": [
      179
    ],
    "2311.06151v1": [
      3930
    ],
    "2312.00734v2": [
      2294
    ],
    "2402.01544v1": [
      554,
      9617
    ],
    "2407.08539v1": [
      5600,
      5601
    ],
    "2508.06381v1": [
      469
    ],
    "2509.10883v1": [
      16905
    ],
    "2511.14809v1": [
      4019
    ]
  }
}