{
  "17794": {
    "0704.0268": [
      4828
    ],
    "0704.0646": [
      787
    ],
    "0704.1243": [
      437
    ],
    "0704.3826": [
      2540
    ],
    "0704.3985": [
      13504
    ],
    "0705.0854": [
      1213
    ],
    "0705.1473": [
      2221
    ],
    "0705.2452": [
      2887,
      3366
    ],
    "0705.2517": [
      506
    ],
    "0705.3012": [
      6377,
      6393
    ],
    "0705.3703": [
      369
    ],
    "0705.3774": [
      1690,
      1988
    ],
    "0706.1066": [
      1296
    ],
    "0706.1127": [
      2001
    ],
    "0706.1402": [
      2184
    ],
    "0706.2443": [
      3018
    ],
    "0706.3550": [
      3103
    ],
    "0706.3562": [
      280
    ],
    "0707.0816": [
      931
    ],
    "0707.1187": [
      4917
    ],
    "0707.1210": [
      3443
    ],
    "0707.1316": [
      3173
    ],
    "0707.1719": [
      4708
    ],
    "0707.2012": [
      5208
    ],
    "0707.3029": [
      48,
      405,
      424,
      436,
      441,
      447,
      479,
      996,
      1027,
      1041,
      1568,
      1619,
      1919
    ],
    "0812.4360": [
      4207
    ],
    "0812.4907": [
      497
    ],
    "0901.0537": [
      51566
    ],
    "0901.2173": [
      3795
    ],
    "0901.3216": [
      2853
    ],
    "0901.3469": [
      1171
    ],
    "0901.3478": [
      17,
      81,
      131,
      165,
      345,
      363,
      499,
      507,
      521,
      564,
      596,
      622,
      734,
      961,
      1217,
      1297,
      1312,
      1317,
      1484,
      1610,
      1614,
      1630,
      1656,
      1671,
      1686,
      1693,
      2193,
      2467,
      2476,
      2600,
      2767,
      2801,
      2975,
      3003,
      3060,
      3087,
      3130,
      3144,
      3170,
      3179,
      3212,
      3254,
      3266,
      3274,
      3317,
      3331,
      3343,
      3403,
      3504,
      3511,
      3662
    ],
    "0901.3671": [
      446
    ],
    "0902.0744": [
      2694
    ],
    "0902.0768": [
      532
    ],
    "0902.1454": [
      3816
    ],
    "1007.1275": [
      3214,
      3222
    ],
    "1007.2156": [
      299
    ],
    "1007.4185": [
      1729
    ],
    "1008.2222": [
      13421
    ],
    "1008.2228": [
      2014,
      2128,
      2133,
      2146
    ],
    "1009.1000": [
      584
    ],
    "2004.13199v1": [
      2428
    ],
    "2012.01725v4": [
      9064
    ],
    "2201.00244v1": [
      6093
    ],
    "2310.18219v1": [
      3755
    ],
    "2407.00234v1": [
      6855
    ],
    "2411.10874v1": [
      12638
    ],
    "2412.14083v1": [
      3510
    ],
    "2506.23984v1": [
      2918,
      2926
    ],
    "2510.11922v1": [
      2187
    ],
    "2510.12197v1": [
      2191
    ],
    "2510.12410v1": [
      1279
    ]
  },
  "52062": {
    "0704.1496": [
      4178
    ],
    "0704.1757": [
      1369
    ],
    "0704.2702": [
      2335,
      2347
    ],
    "0704.3616": [
      1589,
      1603,
      1607
    ],
    "0705.0080": [
      398,
      979
    ],
    "0705.0476": [
      2485
    ],
    "0705.0665": [
      2066,
      2080,
      2082,
      2084,
      2098,
      2099,
      2111,
      2112,
      2113
    ],
    "0705.2032": [
      2371
    ],
    "0705.2412": [
      4853
    ],
    "0705.2829": [
      5130
    ],
    "0705.3719": [
      1152
    ],
    "0705.3895": [
      3540
    ],
    "0705.4569": [
      5238
    ],
    "0706.0058": [
      903
    ],
    "0706.2629": [
      1581,
      1593,
      1915
    ],
    "0706.2825": [
      1405
    ],
    "0706.3623": [
      2165,
      2552,
      2556
    ],
    "0707.0258": [
      3230
    ],
    "0707.0764": [
      864
    ],
    "0707.2084": [
      946,
      949
    ],
    "0707.2363": [
      224
    ],
    "0707.2426": [
      936
    ],
    "0707.2896": [
      4493
    ],
    "0707.3043": [
      2082,
      2151
    ],
    "0707.3272": [
      3823
    ],
    "0707.3345": [
      852
    ],
    "0707.4300": [
      1132
    ],
    "0707.4335": [
      1309,
      1431,
      1927
    ],
    "0708.0186": [
      591
    ],
    "0708.0209": [
      1420
    ],
    "0708.0223": [
      861,
      876
    ],
    "0812.4276": [
      191
    ],
    "0812.4422": [
      370
    ],
    "0812.4487": [
      1629,
      1687
    ],
    "0812.5026": [
      1635,
      1717
    ],
    "0812.5057": [
      605
    ],
    "0901.0516": [
      290
    ],
    "0901.1333": [
      1381
    ],
    "0901.2962": [
      3060
    ],
    "0901.3346": [
      401
    ],
    "0901.3478": [
      3125
    ],
    "0901.3938": [
      703,
      831,
      2442,
      2597
    ],
    "0901.3940": [
      572,
      826,
      1173,
      1175,
      1178,
      1180,
      1182,
      1183,
      1185,
      1188,
      1317,
      1386
    ],
    "0901.3975": [
      15288,
      15304,
      15313,
      17453,
      17477,
      17498,
      17518
    ],
    "0901.4105": [
      4460
    ],
    "0901.4661": [
      4050
    ],
    "0901.4937": [
      5905
    ],
    "0902.0274": [
      1444
    ],
    "0902.0659": [
      625,
      1443
    ],
    "0902.0690": [
      1497,
      1498
    ],
    "0902.0776": [
      1273
    ],
    "0902.0953": [
      661,
      675,
      794,
      796,
      798
    ],
    "0902.1138": [
      2512
    ],
    "0902.1579": [
      200,
      225,
      228,
      257,
      316,
      335,
      346,
      361,
      543,
      565,
      592,
      617,
      661,
      691,
      758,
      795,
      799,
      807,
      838,
      908,
      917,
      1011,
      1020,
      1045,
      1114,
      1202,
      1218,
      1237,
      1298,
      1307,
      1329,
      1437,
      1484,
      1485,
      1493,
      1495,
      1510,
      1515,
      1535
    ],
    "0902.1912": [
      1519,
      2851
    ],
    "0902.2068": [
      7493
    ],
    "0902.2495": [
      229
    ],
    "0902.3184": [
      186
    ],
    "1007.1331": [
      24
    ],
    "1007.2618": [
      1039,
      1075,
      1103
    ],
    "1007.3047": [
      1020
    ],
    "1007.3072": [
      446
    ],
    "1007.3768": [
      170
    ],
    "1007.4122": [
      3358,
      3468,
      4511,
      4527,
      4543,
      4559,
      4681,
      4696,
      4794,
      4810
    ],
    "1007.4715": [
      1756
    ],
    "1007.5231": [
      2097
    ],
    "1008.0142": [
      8796
    ],
    "1008.0328": [
      1546
    ],
    "1008.0717": [
      8918
    ],
    "1008.1261": [
      1992
    ],
    "1008.1386": [
      787
    ],
    "1008.1517": [
      2368,
      2556
    ],
    "1008.3540": [
      259,
      262,
      263
    ],
    "1008.3619": [
      1182,
      1881
    ],
    "1008.3999": [
      5947
    ],
    "1008.4178": [
      189,
      1551
    ],
    "1008.4990": [
      5188
    ],
    "1008.5101": [
      768
    ],
    "1008.5264": [
      4244
    ],
    "1009.0622": [
      7091
    ],
    "1009.0678": [
      3148,
      3236
    ],
    "1009.1218": [
      2215
    ],
    "1009.1462": [
      100,
      2320
    ],
    "1901.00143v1": [
      1635
    ],
    "1910.09757v1": [
      2817
    ],
    "2509.25785v1": [
      4776
    ],
    "2510.21070v1": [
      320,
      12616
    ],
    "2511.01873v1": [
      462
    ]
  },
  "21367": {
    "0704.1730": [
      1246,
      1394
    ],
    "0704.3231": [
      147
    ],
    "0705.0022": [
      3267
    ],
    "0705.0247": [
      3562
    ],
    "0705.1004": [
      5770
    ],
    "0705.1522": [
      1726
    ],
    "0705.1706": [
      975
    ],
    "0705.2859": [
      6284,
      6336,
      20264,
      20316
    ],
    "0705.4653": [
      652
    ],
    "0705.4661": [
      3185
    ],
    "0706.0579": [
      210
    ],
    "0706.0666": [
      72,
      285,
      1935,
      2673
    ],
    "0706.2785": [
      1939,
      1956,
      2044,
      3332,
      3543
    ],
    "0706.3228": [
      1587
    ],