{
  "7003": {
    "0704.0259": [
      352
    ],
    "0704.1523": [
      527
    ],
    "0704.1636": [
      1741,
      2208
    ],
    "0704.2253": [
      2482
    ],
    "0704.2489": [
      1206
    ],
    "0705.0986": [
      249,
      271,
      394
    ],
    "0705.2581": [
      3427,
      3548,
      3569,
      3587,
      3619,
      3652,
      3664,
      3691
    ],
    "0705.3662": [
      1828,
      3549
    ],
    "0706.0961": [
      5630,
      5724
    ],
    "0706.1140": [
      2292
    ],
    "0706.1988": [
      477,
      484,
      25453,
      25466,
      25474,
      25480,
      25968
    ],
    "0706.2601": [
      780,
      1052
    ],
    "0707.4515": [
      188,
      286,
      2296,
      2519,
      2524
    ],
    "0812.4290": [
      3080
    ],
    "0812.4525": [
      1541,
      2398,
      2423
    ],
    "0901.2200": [
      3227
    ],
    "0901.3011": [
      881,
      999,
      1067,
      1085,
      1278,
      1319
    ],
    "0901.4173": [
      130,
      717
    ],
    "0901.4511": [
      1379,
      1951
    ],
    "1007.1144": [
      4147
    ],
    "1007.2403": [
      1268,
      1291
    ],
    "1007.2541": [
      850,
      1630,
      3145
    ],
    "1007.2715": [
      275,
      706,
      711,
      715
    ],
    "1007.2954": [
      193,
      1086,
      1988,
      2564,
      2608
    ],
    "1007.3413": [
      1717,
      3849
    ],
    "1008.2364": [
      2960,
      2967,
      3187,
      3311,
      3908,
      4943
    ],
    "1008.4556": [
      185,
      547,
      748,
      1965,
      1971,
      1976,
      1979,
      2003,
      2033,
      2044,
      3276,
      3753,
      4497
    ],
    "1009.1396": [
      650
    ],
    "1705.09564v1": [
      82,
      2145,
      2481,
      3314,
      3526
    ],
    "1706.02096v1": [
      698,
      1402
    ],
    "1711.03813v1": [
      820
    ],
    "1712.08436v1": [
      897,
      1001,
      1917,
      2543,
      2630,
      2770,
      4223,
      4251,
      4277,
      4278,
      4281,
      4312,
      4335,
      4367,
      4416,
      4523,
      4569,
      4738
    ],
    "1802.02418v1": [
      1011,
      1075,
      1077,
      1083,
      1104,
      1133,
      1139,
      1157
    ],
    "1804.00937v2": [
      1154,
      1637,
      1782,
      1932,
      2072,
      2127,
      2535
    ],
    "1804.03331v2": [
      91,
      229,
      243,
      337,
      407,
      416,
      537,
      636,
      749,
      756
    ],
    "1806.09604v2": [
      1179,
      1439
    ],
    "1810.08160v2": [
      2363,
      3950,
      4262
    ],
    "1811.02323v2": [
      3894
    ],
    "1812.00346v1": [
      1858,
      1884,
      1939,
      2224,
      2463,
      2472,
      2596,
      2675,
      2820,
      2979,
      3825
    ],
    "1901.09921v1": [
      1386
    ],
    "1902.03921v1": [
      281
    ],
    "1903.00310v1": [
      1356,
      1879
    ],
    "1905.01073v1": [
      3291
    ],
    "1905.13355v1": [
      1643
    ],
    "1907.00839v1": [
      3230
    ],
    "1907.05480v1": [
      3177
    ],
    "1909.00639v1": [
      178
    ],
    "1909.06348v3": [
      1942
    ],
    "1912.02339v1": [
      1888
    ],
    "1912.02397v1": [
      1435,
      1945,
      1958
    ],
    "1912.02581v1": [
      203
    ],
    "1912.02639v1": [
      1721
    ],
    "1912.08838v2": [
      1161,
      2826,
      3239,
      3263,
      3275,
      3400,
      3463
    ],
    "1912.10879v1": [
      2237,
      5374
    ],
    "2001.03476v1": [
      590
    ],
    "2001.04587v2": [
      459
    ],
    "2002.04080v1": [
      244
    ],
    "2003.04016v1": [
      843
    ],
    "2003.12728v1": [
      4157,
      4193
    ],
    "2004.05449v1": [
      3789
    ],
    "2004.11520v1": [
      1546,
      1563,
      1574
    ],
    "2005.09773v1": [
      625
    ],
    "2006.03872v1": [
      14083,
      14120,
      14124,
      14140,
      14161
    ],
    "2007.09476v2": [
      427,
      2158
    ],
    "2009.06844v2": [
      2129,
      2624,
      6283,
      6653
    ],
    "2009.12633v1": [
      677
    ],
    "2009.12659v1": [
      1393,
      2844,
      3234
    ],
    "2011.05229v1": [
      343
    ],
    "2012.00005v1": [
      295
    ],
    "2104.09974v1": [
      2839,
      2984,
      3348,
      3465,
      3766,
      4273,
      4281,
      4587
    ],
    "2106.00189v1": [
      2330
    ],
    "2106.04685v1": [
      596
    ],
    "2106.15834v1": [
      849
    ],
    "2107.09875v2": [
      1799
    ],
    "2107.12999v1": [
      1099
    ],
    "2109.04366v2": [
      5276
    ],
    "2112.11506v2": [
      313,
      562,
      582,
      2155,
      2186,
      2198,
      2415,
      2716,
      2851,
      2897,
      3022,
      3384,
      4443
    ],
    "2112.13017v2": [
      266,
      276,
      426,
      436,
      455,
      468,
      868,
      962,
      1746,
      1808,
      1817,
      1885,
      1971,
      2396,
      2416,
      2475,
      2542,
      2656,
      2785,
      3023,
      3090,
      3218,
      3402,
      3456,
      3505,
      3567,
      4039,
      5445,
      5462,
      5490
    ],
    "2201.11772v1": [
      300,
      1142,
      1184,
      1497,
      1844,
      1957,
      1973,
      2345,
      2398
    ],
    "2202.04216v1": [
      1689
    ],
    "2202.09238v1": [
      2986
    ],
    "2203.01656v1": [
      1981,
      1998,
      3311,
      6490,
      6771,
      10285,
      10663,
      10913
    ],
    "2208.14016v1": [
      92,
      413,
      670,
      1166,
      1567,
      1584,
      1593,
      1622,
      1633,
      1652,
      1659,
      1671,
      1686,
      1736,
      1739,
      1745,
      1765,
      1794,
      1843,
      1900
    ],
    "2209.08517v1": [
      1336
    ],
    "2209.09927v1": [
      641
    ],
    "2210.03562v1": [
      1103,
      1429,
      1906,
      4006,
      4022,
      5707
    ],
    "2211.04887v1": [
      624
    ],
    "2212.02441v1": [
      684
    ],
    "2212.09534v1": [
      1841,
      1975,
      2092,
      2106
    ],
    "2301.02727v1": [
      1799,
      1927,
      1953,
      1959,
      19537
    ],
    "2301.05616v1": [
      521
    ],
    "2301.07480v1": [
      5380,
      5473,
      5499,
      5826,
      5876,
      5878,
      5880,
      5917,
      5944,
      5967,
      5974,
      6014,
      6037,
      6045,
      6066,
      6095,
      6126,
      6129,
      6246,
      6255,
      6609,
      6646
    ],
    "2302.11374v1": [
      5945
    ],
    "2303.00812v3": [
      3939
    ],
    "2303.07860v2": [
      2226
    ],
    "2303.14917v4": [
      6015
    ],
    "2305.08244v1": [
      1304,
      1339
    ],
    "2305.09498v1": [
      290,
      1032
    ],
    "2307.03016v1": [
      1001
    ],
    "2307.07865v1": [
      339,
      469,
      654,
      681,
      719,
      799,
      915,
      972,
      996,
      1005,
      1093,
      1106
    ],
    "2309.06432v1": [
      1598,
      1609,
      1634,
      1670,
      4249,
      4492,
      4733,
      5691
    ],
    "2309.11577v1": [
      1795
    ],
    "2312.00734v2": [
      675,
      1577,
      1592,
      1607,
      1611,
      1685,
      1689,
      1703,
      1707,
      1746,
      1750,
      1931,
      1935,
      2103,
      2107,
      2142,
      2151,
      2187,
      2309,
      2313,
      2328,
      2341,
      2355,
      2359,
      2388,
      2392,
      2425,
      2467,
      2477,
      2565,
      2569,
      2589,
      2652,
      2667,
      2671,
      2709,
      2713,
      2725,
      2741,
      2743,
      2754,
      2756
    ],
    "2401.02969v1": [
      2129,
      2194,
      2263,
      3022
    ],
    "2402.19069v1": [
      1487
    ],
    "2403.08141v2": [
      928
    ],
    "2403.13970v2": [
      3674
    ],