{
  "32937": {
    "0704.0071": [
      487,
      528,
      1020,
      1167
    ],
    "0705.0969": [
      615
    ],
    "0901.4496": [
      4433,
      4469
    ],
    "1703.06754v2": [
      2124
    ],
    "2402.18691v1": [
      4851
    ]
  }
}