{
  "46402": {
    "0706.4009": [
      3768
    ],
    "0902.1631": [
      5085
    ],
    "0902.2410": [
      3661
    ],
    "1007.1463": [
      2058
    ],
    "1008.0125": [
      2544
    ],
    "1009.0967": [
      1992
    ]
  },
  "28406": {
    "0901.3205": [
      5636,
      6238
    ],
    "1007.5367": [
      614
    ],
    "1008.1364": [
      5813
    ],
    "1008.2760": [
      5173
    ],
    "1008.3185": [
      1328
    ],
    "2310.20495v2": [
      1551
    ],
    "2509.21467v1": [
      17200
    ]
  }
}