{
  "26554": {
    "0706.3568": [
      1214
    ],
    "0901.2943": [
      642
    ],
    "0902.0007": [
      2422
    ],
    "1008.0931": [
      7675
    ],
    "1008.3134": [
      996,
      1927
    ],
    "1008.4589": [
      2040
    ],
    "2001.03473v1": [
      589
    ],
    "2104.10732v1": [
      1966
    ],
    "2207.04728v2": [
      4515
    ]
  }
}