{
  "21437": {
    "0704.1626": [
      302
    ],
    "0705.0006": [
      150
    ],
    "0705.1996": [
      1076
    ],
    "0705.2554": [
      4726
    ],
    "0705.3344": [
      910
    ],
    "0707.2832": [
      2575
    ],
    "0708.0211": [
      5664
    ],
    "0812.4874": [
      4041
    ],
    "0901.2577": [
      690
    ],
    "0901.2987": [
      1242
    ],
    "0902.2092": [
      1379
    ],
    "0902.2419": [
      535
    ],
    "1007.0769": [
      86
    ],
    "1008.0616": [
      14312
    ],
    "1008.0634": [
      3345
    ],
    "1008.5389": [
      1362
    ],
    "1009.0077": [
      857
    ],
    "1009.1439": [
      649
    ],
    "2503.03863v1": [
      2374
    ],
    "2509.16168v1": [
      4899
    ],
    "2509.25099v1": [
      3470
    ],
    "2511.08698v1": [
      4162
    ]
  },
  "52566": {
    "0704.3399": [
      71,
      95,
      107,
      145,
      196,
      228,
      242,
      249,
      309,
      346,
      373,
      391,
      418,
      466,
      528,
      655,
      660,
      668,
      687,
      729,
      777,
      821,
      835,
      893,
      899,
      905,
      910,
      912,
      918,
      945,
      1072,
      1098,
      1160,
      1167,
      1229,
      1247,
      1253,
      1296,
      1302,
      1327,
      1339,
      1359,
      1378,
      1517,
      1523,
      1582,
      1692,
      1697,
      1802,
      1835,
      1864
    ],
    "0704.3588": [
      2503,
      2507,
      2511,
      2719,
      2720,
      2732,
      2733
    ],
    "0705.0902": [
      957
    ],
    "0705.0909": [
      973
    ],
    "0705.2340": [
      5528,
      5596,
      5934,
      5946,
      5958,
      5970,
      5982,
      5994,
      6006,
      6018
    ],
    "0705.3344": [
      267,
      270,
      426,
      432,
      859,
      927,
      1181,
      1188
    ],
    "0705.4584": [
      330,
      2278
    ],
    "0706.2885": [
      255,
      268
    ],
    "0706.3358": [
      761
    ],
    "0707.0071": [
      597,
      610,
      685
    ],
    "0707.3826": [
      1599
    ],
    "0707.4607": [
      265
    ],
    "0812.4627": [
      588,
      591,
      604,
      617
    ],
    "0901.0512": [
      236328
    ],
    "0901.0783": [
      546
    ],
    "0901.0797": [
      136
    ],
    "0901.2407": [
      571,
      575,
      898,
      989,
      999,
      1215,
      1223,
      1271,
      1299,
      1437,
      1514,
      1527,
      1800,
      1806,
      1957,
      1960
    ],
    "0902.0191": [
      4351
    ],
    "0902.0814": [
      1518
    ],
    "0902.0892": [
      199
    ],
    "0902.3258": [
      6827
    ],
    "1007.0810": [
      3771,
      4177
    ],
    "1007.1259": [
      1492,
      4552
    ],
    "1007.1383": [
      416,
      1553,
      2331
    ],
    "1007.2113": [
      17242,
      17244,
      17296,
      17503
    ],
    "1007.2305": [
      1167
    ],
    "1007.2392": [
      141
    ],
    "1007.2580": [
      736,
      1374,
      1802,
      2233,
      2246,
      3691,
      3697,
      3807,
      3812,
      5093,
      5112
    ],
    "1007.2877": [
      167,
      369,
      385,
      447,
      537,
      795,
      1889,
      2224,
      2260
    ],
    "1007.4303": [
      1129
    ],
    "1008.0425": [
      241
    ],
    "1008.1766": [
      150,
      1306,
      4962,
      4969,
      4977,
      5006,
      5015,
      5044,
      5058,
      5290,
      5295,
      5389,
      6208,
      6513,
      6530,
      6562,
      6580,
      10089,
      10245,
      11076
    ],
    "1008.3562": [
      2833
    ],
    "1008.4595": [
      35,
      117,
      144,
      163,
      168,
      192,
      288,
      291,
      293,
      316,
      330,
      365,
      370,
      459,
      463,
      472,
      478,
      489,
      520,
      640,
      646,
      673,
      674,
      686,
      836,
      855,
      856,
      881,
      969,
      978,
      984,
      1064,
      1079,
      1141,
      1151,
      1176,
      1526,
      1546
    ],
    "1008.4668": [
      1482
    ],
    "1009.1355": [
      4471,
      4609
    ],
    "1810.01755v1": [
      2236
    ],
    "1811.06526v3": [
      3953
    ],
    "2106.01531v1": [
      9296
    ],
    "2308.04851v1": [
      14463
    ],
    "2310.14677v1": [
      1152
    ],
    "2501.08584v1": [
      1190,
      2771
    ]
  },
  "22424": {
    "0705.3867": [
      775
    ],
    "0706.2868": [
      1983
    ],
    "0707.1161": [
      10999
    ],
    "0707.2194": [
      4000
    ],
    "0901.0949": [
      583
    ],
    "0901.4712": [
      4403
    ],
    "1007.2615": [
      2582
    ],
    "1007.3700": [
      1160
    ],
    "1007.5274": [
      815
    ],
    "1008.1438": [
      1144
    ],
    "1008.4522": [
      4117
    ],
    "2006.04669v3": [
      3929
    ],
    "2212.06261v1": [
      2495
    ],
    "2212.06647v1": [
      4518
    ],
    "2301.02727v1": [
      8185
    ],
    "2504.00913v2": [
      1097
    ],
    "2507.14634v2": [
      79
    ],
    "2511.04735v1": [
      184
    ],
    "2511.08270v1": [
      798
    ]
  },
  "47188": {
    "0705.4107": [
      13060
    ],
    "1007.0999": [
      2668
    ]
  },
  "40096": {
    "0705.4315": [
      6977
    ],
    "0707.3786": [
      13
    ],
    "0902.2407": [
      15,
      1789,
      1827
    ],
    "0902.2708": [
      1663
    ],
    "1008.0881": [
      312
    ],
    "1810.04749v1": [
      713,
      2486
    ],
    "2203.01184v1": [
      44
    ],
    "2207.12292v1": [
      4456,
      4605
    ],
    "2508.14971v2": [
      43
    ],
    "2508.18410v1": [
      8830
    ],
    "2511.14613v1": [
      3913
    ]
  },
  "47189": {
    "0707.1414": [
      1639
    ],
    "0902.0394": [
      2609,
      2680,
      2838,
      3331
    ]
  },
  "40097": {
    "1007.1559": [
      434
    ],
    "1008.0455": [
      4770
    ]
  },
  "40098": {
    "2006.08483v1": [
      2443
    ],
    "2306.09645v1": [
      8577
    ]
  },
  "47190": {
    "2008.06538v1": [
      2359
    ]
  }
}