{
  "51426": {
    "0704.0955": [
      1728
    ],
    "0704.1881": [
      2498,
      2525
    ],
    "0704.1957": [
      1708,
      1726,
      1730,
      1748
    ],
    "0704.3084": [
      1819
    ],
    "0704.3725": [
      2709
    ],
    "0705.0174": [
      275,
      1518
    ],
    "0705.2613": [
      124,
      216,
      228,
      236,
      248,
      291,
      325,
      441,
      647,
      737
    ],
    "0705.3032": [
      1451
    ],
    "0705.3321": [
      974,
      1000,
      1013,
      1014,
      1015,
      1016,
      1025,
      1045,
      1051
    ],
    "0706.1404": [
      1955
    ],
    "0706.1710": [
      43
    ],
    "0706.1719": [
      957
    ],
    "0706.2331": [
      663
    ],
    "0706.2632": [
      759
    ],
    "0706.2966": [
      1868,
      8319
    ],
    "0706.3236": [
      754
    ],
    "0707.2746": [
      1055
    ],
    "0707.3147": [
      8957
    ],
    "0901.0827": [
      4040,
      13690
    ],
    "0901.1345": [
      908
    ],
    "0901.4299": [
      933
    ],
    "0902.0080": [
      2139
    ],
    "0902.0203": [
      2025
    ],
    "0902.2614": [
      670,
      918,
      949,
      1356
    ],
    "1007.1359": [
      566
    ],
    "1007.1911": [
      1414,
      1591,
      1649,
      1705,
      1709,
      1747,
      1824
    ],
    "1007.2888": [
      2571
    ],
    "1007.4882": [
      1383
    ],
    "1007.4934": [
      1282
    ],
    "1008.0265": [
      4254,
      4327
    ],
    "1008.0352": [
      3528
    ],
    "1008.3761": [
      6009,
      6010,
      6011,
      6034
    ],
    "1008.3854": [
      856
    ],
    "1008.4761": [
      796,
      4171
    ],
    "1008.4937": [
      958,
      982
    ],
    "1009.0178": [
      5446
    ],
    "1703.07377v1": [
      430,
      2239,
      2365,
      2376,
      2381,
      2434,
      2517
    ],
    "1705.05407v3": [
      9587
    ],
    "1705.07840v1": [
      4581
    ],
    "1706.02652v2": [
      7201
    ],
    "1706.03464v2": [
      5098,
      5108
    ],
    "1707.06548v1": [
      2127,
      2262
    ],
    "1707.08429v2": [
      2010
    ],
    "1708.05683v1": [
      3863,
      3872
    ],
    "1709.01403v1": [
      1421,
      1512
    ],
    "1710.02341v1": [
      5045,
      5145,
      5349
    ],
    "1711.01508v2": [
      1993,
      2002
    ],
    "1711.02664v1": [
      3560
    ],
    "1711.06371v1": [
      2984
    ],
    "1712.02269v2": [
      10166,
      10718
    ],
    "1712.09825v1": [
      3069
    ],
    "1801.07694v1": [
      1502
    ],
    "1802.00735v3": [
      1538
    ],
    "1802.04154v1": [
      11804
    ],
    "1802.06133v2": [
      2303
    ],
    "1802.08585v1": [
      3805,
      3929,
      3934
    ],
    "1803.04697v1": [
      4056,
      4073,
      4086,
      4716
    ],
    "1803.09572v1": [
      1894
    ],
    "1804.02109v2": [
      5480,
      5517,
      6490
    ],
    "1805.01466v1": [
      4333
    ],
    "1805.09278v1": [
      16413,
      16896
    ],
    "1806.00570v2": [
      4547
    ],
    "1806.05741v2": [
      6784
    ],
    "1806.08886v1": [
      1699,
      1845
    ],
    "1806.10665v1": [
      3508
    ],
    "1807.04376v1": [
      1756,
      1774
    ],
    "1807.05178v1": [
      3130,
      3290,
      3316
    ],
    "1807.11371v1": [
      1981
    ],
    "1808.00812v1": [
      3448,
      3505,
      3587,
      3675
    ],
    "1808.05885v1": [
      12355,
      14567
    ],
    "1809.00985v1": [
      3798
    ],
    "1809.05677v1": [
      2615
    ],
    "1810.04014v1": [
      3653,
      3662,
      3668,
      3793
    ],
    "1810.06004v1": [
      1790
    ],
    "1810.06013v1": [
      2286
    ],
    "1810.06237v2": [
      3500,
      3639
    ],
    "1810.12428v1": [
      3167
    ],
    "1811.01098v1": [
      3538,
      3598
    ],
    "1811.08873v1": [
      3446
    ],
    "1811.12421v2": [
      4106
    ],
    "1812.01899v1": [
      5869,
      5879,
      5884,
      6058
    ],
    "1812.05323v1": [
      3012,
      3020,
      3027
    ],
    "1812.09792v2": [
      7434
    ],
    "1901.11028v2": [
      4554
    ],
    "1901.11406v1": [
      2661,
      2766
    ],
    "1902.01476v4": [
      9366,
      9370
    ],
    "1902.03448v2": [
      10347,
      18743,
      24031,
      24040,
      24053,
      24066,
      24079,
      24099,
      24112,
      26623,
      29506,
      29522,
      29543
    ],
    "1903.11343v1": [
      2137,
      2155
    ],
    "1904.02695v2": [
      606,
      4040,
      4290
    ],
    "1904.06202v2": [
      3018
    ],
    "1904.07715v2": [
      2913,
      3339
    ],
    "1904.08272v1": [
      4094,
      4295
    ],
    "1905.02953v2": [
      6026
    ],
    "1905.08954v1": [
      2193
    ],
    "1905.08958v1": [
      4856,
      4864
    ],
    "1905.09466v1": [
      3419
    ],
    "1905.13355v1": [
      2316,
      2322
    ],
    "1906.02763v1": [
      2178,
      2187
    ],
    "1907.04878v1": [
      3207
    ],
    "1907.08502v2": [
      689,
      3913,
      3917,
      3924,
      3929,
      4070
    ],
    "1907.08930v1": [
      1907
    ],
    "1908.01902v1": [
      3127,
      3210,
      3220
    ],
    "1908.07680v1": [
      2181,
      2189
    ],
    "1908.07760v1": [
      3428,
      3435,
      3442,
      3514,
      3616
    ],
    "1908.09198v1": [
      3522,
      3807,
      3831
    ],
    "1909.09050v1": [
      7927,
      7931
    ],
    "1909.11525v2": [
      4256
    ],
    "1910.01506v1": [
      2040,
      2103
    ],
    "1912.00250v1": [
      2699,
      2706,
      2713,
      2719
    ],
    "1912.02348v1": [
      3548
    ],
    "1912.02518v1": [
      3467
    ],
    "1912.02673v1": [
      15828
    ],
    "1912.03871v2": [
      4184,
      4193
    ],
    "1912.09283v1": [
      3589
    ],
    "2001.09231v1": [
      8472
    ],
    "2002.11132v3": [
      2084
    ],
    "2003.04016v1": [
      4961,
      4992
    ],
    "2003.05409v1": [
      7524
    ],
    "2003.08245v1": [
      2253
    ],
    "2004.01102v1": [
      4338
    ],
    "2004.03009v1": [
      6173,
      6180
    ],
    "2004.06164v1": [
      2279
    ],
    "2005.03130v2": [
      5271,
      5850
    ],
    "2005.09308v2": [
      3775
    ],
    "2005.11181v1": [
      3897,
      3903
    ],
    "2005.12372v2": [
      4541
    ],
    "2006.02563v1": [
      7833
    ],
    "2006.06103v2": [
      4103
    ],
    "2006.08940v2": [
      4821,
      4838
    ],
    "2006.11839v2": [
      4308
    ],
    "2007.02290v1": [
      5965
    ],
    "2007.03945v1": [
      4014,
      4128
    ],
    "2007.07143v1": [
      2148,
      2156,
      2369
    ],
    "2008.13421v1": [
      4153
    ],
    "2009.04089v1": [
      2546,
      2555,
      2712
    ],
    "2010.01066v1": [
      3907,
      4048
    ],
    "2010.02578v1": [
      3456
    ],
    "2010.04264v2": [
      1951
    ],
    "2011.10504v3": [
      660,
      3593,
      4301,
      4733
    ],
    "2011.12346v1": [
      3882,
      4068,
      4138
    ],
    "2101.10937v1": [
      2604
    ],
    "2102.04117v1": [
      3372
    ],
    "2102.09654v2": [
      8333
    ],
    "2102.12513v2": [
      3061
    ],
    "2104.06851v1": [
      3624,
      3629,
      3817
    ],
    "2104.09242v1": [
      3528
    ],
    "2106.08764v1": [
      4364
    ],
    "2106.15747v1": [
      2114
    ],
    "2106.15975v2": [
      6136,
      6276,
      6391,
      6401
    ],
    "2107.01918v1": [
      3224
    ],
    "2107.12883v2": [
      3713,
      5988,
      6001
    ],
    "2108.01491v2": [
      1000,
      3596,
      3600,
      3651
    ],
    "2108.08528v1": [
      4089,
      4119
    ],
    "2108.10856v1": [
      1454,
      1707
    ],
    "2108.12252v1": [
      3809
    ],
    "2109.02694v1": [
      994
    ],
    "2109.03255v2": [
      5582
    ],