{
  "16822": {
    "0704.1244": [
      898
    ],
    "0704.1987": [
      3431
    ],
    "0704.3507": [
      369
    ],
    "0704.3508": [
      360
    ],
    "0705.1652": [
      2674,
      2807
    ],
    "0705.2483": [
      5256
    ],
    "0706.0626": [
      2402,
      2719
    ],
    "0706.1009": [
      1390
    ],
    "0706.2607": [
      633
    ],
    "0706.4088": [
      6569,
      7129
    ],
    "0707.0594": [
      4121,
      4125,
      4216,
      4226,
      4234,
      4238,
      4242,
      4246,
      4265,
      4269,
      4272,
      4276,
      4281,
      4288,
      4338,
      4348,
      4353,
      4371,
      4374,
      4395,
      4415,
      4488,
      4492,
      4496,
      4517,
      4646,
      4665,
      4675,
      4685,
      4689
    ],
    "0707.1020": [
      17996
    ],
    "0707.1143": [
      2374
    ],
    "0707.1668": [
      4148
    ],
    "0707.1710": [
      473
    ],
    "0707.3251": [
      390
    ],
    "0708.0038": [
      555
    ],
    "0812.4888": [
      2228
    ],
    "0901.0061": [
      1027
    ],
    "0901.0909": [
      4383
    ],
    "0901.0966": [
      48,
      263,
      304
    ],
    "0901.1273": [
      1040,
      1234,
      1532,
      1688
    ],
    "0901.2075": [
      2437
    ],
    "0901.3825": [
      1659,
      1817,
      1947,
      1986,
      2069,
      2106
    ],
    "0902.1740": [
      206
    ],
    "0902.2042": [
      385
    ],
    "0902.2043": [
      451
    ],
    "0902.2438": [
      1523
    ],
    "1007.2892": [
      3949
    ],
    "1007.3091": [
      2003,
      2154,
      2182,
      2524
    ],
    "1007.3603": [
      1095
    ],
    "1007.4566": [
      494,
      502
    ],
    "1008.0158": [
      909
    ],
    "1008.0978": [
      1792,
      1841
    ],
    "1008.2428": [
      6607,
      6621
    ],
    "1008.2846": [
      657,
      1405
    ],
    "1008.4703": [
      841
    ],
    "1008.4812": [
      2005
    ],
    "1008.4844": [
      8465
    ],
    "1009.0029": [
      3822
    ],
    "1009.0676": [
      3113,
      3752,
      3773
    ],
    "1912.04482v1": [
      2528
    ],
    "2010.15762v1": [
      5425
    ],
    "2209.03273v1": [
      4119
    ],
    "2401.05309v1": [
      3155,
      3670,
      3819
    ],
    "2501.08702v2": [
      857
    ],
    "2509.26268v1": [
      2502
    ],
    "2510.10007v1": [
      2188
    ]
  }
}