{
  "19983": {
    "0704.0751": [
      1135
    ],
    "0704.1240": [
      1278
    ],
    "0704.1617": [
      910
    ],
    "0704.1827": [
      1439
    ],
    "0704.2557": [
      5624
    ],
    "0704.2694": [
      2140
    ],
    "0704.2921": [
      3024
    ],
    "0704.2963": [
      3393
    ],
    "0705.3350": [
      131
    ],
    "0706.0272": [
      4734
    ],
    "0706.1500": [
      1535
    ],
    "0706.1513": [
      152
    ],
    "0706.2253": [
      2602
    ],
    "0706.2323": [
      4576
    ],
    "0706.2329": [
      141
    ],
    "0706.2566": [
      2307
    ],
    "0706.3710": [
      6433
    ],
    "0707.0436": [
      1348
    ],
    "0707.0463": [
      493,
      2047
    ],
    "0707.0802": [
      669
    ],
    "0707.0886": [
      3055
    ],
    "0707.1057": [
      929
    ],
    "0707.2291": [
      3829,
      4118
    ],
    "0707.3435": [
      7606
    ],
    "0707.4037": [
      1794
    ],
    "0707.4467": [
      360
    ],
    "0812.4160": [
      2520
    ],
    "0812.4648": [
      5718
    ],
    "0812.4898": [
      1258
    ],
    "0901.3283": [
      5205,
      9159
    ],
    "0901.3439": [
      2603,
      2656
    ],
    "0902.0830": [
      1638
    ],
    "0902.0902": [
      1197
    ],
    "0902.1099": [
      4181
    ],
    "0902.1616": [
      218,
      3817,
      3855
    ],
    "0902.2109": [
      15963
    ],
    "0902.2431": [
      1744
    ],
    "0902.3079": [
      1433
    ],
    "1007.1550": [
      827
    ],
    "1007.2671": [
      853
    ],
    "1007.4965": [
      4148
    ],
    "1008.1776": [
      3438
    ],
    "1008.2128": [
      3635
    ],
    "1008.2603": [
      1090
    ],
    "1008.3296": [
      5425
    ],
    "1008.3672": [
      1207
    ],
    "1008.4889": [
      780
    ],
    "1008.5265": [
      1269
    ],
    "1009.0029": [
      3815
    ],
    "1009.0440": [
      280
    ],
    "1009.0975": [
      501
    ],
    "1009.1140": [
      4730
    ],
    "1703.06192v1": [
      21,
      152,
      183,
      598,
      1001,
      1356,
      1607,
      1853,
      2027,
      2288,
      2651,
      2991,
      3570,
      3860,
      4274,
      4636,
      4756,
      5001,
      5329,
      5620,
      5863,
      6171,
      6705,
      7311,
      7916,
      8538
    ],
    "1711.10853v1": [
      23
    ],
    "1801.03489v1": [
      3271
    ],
    "1905.03755v1": [
      2616
    ],
    "2007.14711v1": [
      20
    ],
    "2012.06116v1": [
      41583
    ],
    "2012.07570v1": [
      21
    ],
    "2104.04727v1": [
      27
    ],
    "2107.14289v1": [
      3767
    ],
    "2109.07574v1": [
      6523
    ],
    "2209.03635v1": [
      39
    ]
  },
  "23752": {
    "0704.2835": [
      986
    ],
    "0705.0333": [
      3890
    ],
    "0705.3267": [
      995
    ],
    "0705.3302": [
      461
    ],
    "0706.2215": [
      1348
    ],
    "0706.3751": [
      16832
    ],
    "0707.1719": [
      854
    ],
    "0707.3029": [
      521
    ],
    "0901.2058": [
      3161
    ],
    "0902.2926": [
      3306
    ],
    "1008.3252": [
      92
    ],
    "1811.06526v3": [
      3986
    ],
    "2403.18070v2": [
      1619,
      1622
    ],
    "2501.09072v1": [
      8190
    ],
    "2509.16982v1": [
      8653
    ]
  },
  "37370": {
    "0705.1248": [
      16256
    ],
    "1007.5200": [
      22
    ],
    "2208.11637v1": [
      16755,
      16756
    ]
  },
  "37371": {
    "0705.2430": [
      674,
      1508
    ],
    "0707.0146": [
      2717
    ],
    "1911.02154v2": [
      618
    ],
    "2501.13314v1": [
      4489
    ]
  },
  "32786": {
    "0707.3990": [
      1363,
      1382
    ],
    "1007.5327": [
      2238
    ],
    "1008.3268": [
      2783,
      2857
    ]
  }
}