{
  "13329": {
    "0706.1214": [
      5771
    ],
    "0707.1075": [
      1065,
      1087,
      1108,
      1122,
      1147,
      1154
    ],
    "0707.2818": [
      492,
      498
    ],
    "0707.3690": [
      2009
    ],
    "1007.2225": [
      961,
      4574
    ],
    "1007.4419": [
      1013,
      5565
    ],
    "2301.03163v1": [
      6,
      149,
      165,
      597,
      783,
      791,
      851,
      1024,
      1028,
      1035
    ],
    "2503.04965v1": [
      233
    ],
    "2508.15079v1": [
      4802
    ],
    "2508.20169v1": [
      0,
      127,
      146,
      156,
      175,
      213,
      240,
      474,
      499,
      511,
      532,
      565,
      625,
      821,
      1498,
      1522,
      1562,
      2431,
      2454,
      2512,
      2753,
      2784,
      4197,
      4222,
      4368,
      4382,
      4386,
      4393,
      4408,
      4418,
      4425,
      4909,
      4936,
      4967,
      4969,
      4973,
      4990,
      5020,
      5037,
      5072,
      5125,
      5163,
      5186,
      5197,
      5243,
      5267,
      5290,
      5329,
      5346,
      5420,
      5435,
      5449,
      5476,
      5606,
      5720,
      5781,
      5844,
      5891,
      5899,
      6290,
      6309,
      6318,
      6334,
      6346,
      6352,
      6378,
      6413
    ],
    "2510.07034v1": [
      5911
    ],
    "2510.18124v1": [
      1895
    ]
  },
  "41934": {
    "1007.4419": [
      5569
    ],
    "1008.1367": [
      3166
    ]
  }
}