{
  "21574": {
    "0704.0232": [
      1879
    ],
    "0704.0957": [
      2570
    ],
    "0704.1545": [
      654
    ],
    "0704.2067": [
      1353
    ],
    "0704.2391": [
      297
    ],
    "0704.2491": [
      808
    ],
    "0704.3625": [
      1002
    ],
    "0705.1436": [
      2024
    ],
    "0705.1971": [
      2020
    ],
    "0705.3050": [
      2764
    ],
    "0705.3813": [
      619
    ],
    "0705.4566": [
      1907
    ],
    "0706.0285": [
      919
    ],
    "0706.1282": [
      1464,
      1498,
      1539
    ],
    "0707.0707": [
      7992
    ],
    "0707.2548": [
      3556
    ],
    "0707.2851": [
      1105
    ],
    "0707.3685": [
      6724
    ],
    "0707.4091": [
      2203
    ],
    "0708.0106": [
      1684
    ],
    "0901.0207": [
      1598
    ],
    "0901.3181": [
      565
    ],
    "0902.0306": [
      3538
    ],
    "0902.0560": [
      678
    ],
    "0902.0937": [
      1160
    ],
    "0902.2328": [
      1939
    ],
    "0902.2334": [
      3659
    ],
    "1007.1297": [
      1157
    ],
    "1007.1998": [
      4650
    ],
    "1007.2694": [
      3513
    ],
    "1007.2821": [
      627
    ],
    "1007.4644": [
      799
    ],
    "1007.5307": [
      2088
    ],
    "1007.5330": [
      2335
    ],
    "1008.0512": [
      1167
    ],
    "1008.0851": [
      2348
    ],
    "1008.0968": [
      1750,
      1754
    ],
    "1008.1040": [
      4827
    ],
    "1008.1652": [
      639
    ],
    "1008.1688": [
      1211
    ],
    "1008.1789": [
      7738,
      10196
    ],
    "1008.2159": [
      5947
    ],
    "1008.2181": [
      1068
    ],
    "1008.2501": [
      254
    ],
    "1008.2753": [
      3010
    ],
    "1008.3415": [
      1823
    ],
    "1008.3477": [
      14388
    ],
    "1008.4152": [
      3227
    ],
    "1008.4283": [
      575
    ],
    "1008.5012": [
      696
    ],
    "1009.0581": [
      3029
    ],
    "1009.1132": [
      1737,
      2236,
      3794,
      4078
    ],
    "1009.1430": [
      1661
    ],
    "1801.09389v1": [
      45
    ],
    "1804.06453v1": [
      1904
    ]
  }
}