{
  "25292": {
    "0704.2642": [
      739
    ],
    "0704.2891": [
      1119
    ],
    "0705.4321": [
      897
    ],
    "0706.1310": [
      4285
    ],
    "0706.1635": [
      2822
    ],
    "0706.3356": [
      19145
    ],
    "0707.2033": [
      6240
    ],
    "0707.2194": [
      4154,
      6291,
      6303,
      6323,
      6338
    ],
    "0707.2436": [
      1784
    ],
    "0812.4511": [
      780
    ],
    "0901.1160": [
      2130
    ],
    "0901.1815": [
      1247
    ],
    "0901.3333": [
      1472
    ],
    "0901.3359": [
      4053
    ],
    "0901.4950": [
      1444
    ],
    "0902.1694": [
      4210
    ],
    "0902.3173": [
      13914,
      15137,
      15168,
      15190
    ],
    "1007.2104": [
      288,
      292,
      346,
      405,
      677,
      694,
      703,
      718,
      1170,
      1203,
      1212
    ],
    "1007.2420": [
      7300,
      7965
    ],
    "1007.3553": [
      4377
    ],
    "1008.3555": [
      9539
    ],
    "1008.5317": [
      4280,
      8766
    ],
    "1009.0232": [
      1675
    ],
    "2306.09645v1": [
      4702
    ],
    "2511.14613v1": [
      3193
    ]
  }
}