{
  "28991": {
    "0706.1372": [
      272
    ],
    "0901.0342": [
      133
    ],
    "1008.2561": [
      144
    ],
    "2006.07747v2": [
      8420
    ],
    "2006.14682v1": [
      2258
    ],
    "2511.00253v1": [
      399,
      97403
    ]
  }
}