{
  "51359": {
    "0704.0874": [
      3581
    ],
    "0705.0077": [
      1601
    ],
    "0705.1730": [
      15569
    ],
    "0705.1808": [
      852,
      854
    ],
    "0706.0225": [
      3190
    ],
    "0706.2535": [
      3881
    ],
    "0706.3356": [
      16932
    ],
    "0706.4252": [
      7363
    ],
    "0707.1137": [
      290,
      303,
      309
    ],
    "0707.2972": [
      384,
      1889
    ],
    "0707.3979": [
      1253
    ],
    "0707.4486": [
      361,
      386,
      477,
      536
    ],
    "0812.4495": [
      1847,
      2969
    ],
    "0901.0047": [
      1069
    ],
    "0901.1653": [
      635
    ],
    "0901.2036": [
      653
    ],
    "0901.3640": [
      10421
    ],
    "0902.1107": [
      9176
    ],
    "0902.2616": [
      200
    ],
    "0902.3160": [
      982
    ],
    "1007.1841": [
      3376,
      3892
    ],
    "1007.4446": [
      3114,
      3126,
      3908
    ],
    "1008.1276": [
      943,
      973,
      1024,
      1037,
      1659,
      1770,
      1779,
      1901,
      1964,
      1991,
      2124,
      2209,
      2310,
      2399,
      4537,
      4563,
      4566
    ],
    "1009.0454": [
      1775
    ],
    "1803.06066v1": [
      2438
    ],
    "2012.07407v2": [
      7729
    ],
    "2012.12829v1": [
      5627,
      5926
    ],
    "2103.15748v1": [
      20204
    ],
    "2207.09490v1": [
      1141
    ],
    "2302.05335v1": [
      5724
    ],
    "2305.03566v1": [
      562,
      1440
    ],
    "2406.05848v2": [
      3475
    ],
    "2501.17336v1": [
      240,
      249,
      593,
      622,
      649,
      870,
      910,
      945,
      1321,
      1615,
      1666,
      1697,
      1704,
      1719,
      2090,
      2359,
      2367,
      3416
    ],
    "2503.12643v3": [
      82,
      93,
      135,
      373,
      386,
      470,
      485,
      510,
      554,
      739,
      759,
      777,
      787,
      981,
      1048,
      1177,
      1248,
      1257,
      1329,
      1348,
      1381,
      1390,
      1401,
      1406,
      1451,
      1509,
      1623,
      1635,
      2039,
      2088,
      2158,
      2344,
      2458,
      2679,
      2688,
      2772,
      2785,
      2788,
      2956,
      3269,
      3286,
      3306,
      3345,
      3359,
      3521,
      3585,
      3594,
      4116,
      4302,
      4333,
      4336,
      4428,
      4431,
      4510,
      4551,
      4556,
      4752,
      4990,
      5542,
      5569,
      5584,
      5632,
      5637,
      5779,
      5787,
      5940,
      5961,
      5986,
      6001,
      6043,
      6074,
      6085,
      6133,
      6138,
      6152,
      6161,
      6198,
      6204,
      6213,
      6226,
      6632,
      6715,
      6787,
      6798,
      6834,
      6843,
      6870,
      6930,
      6940,
      6956,
      7015,
      7107,
      7232,
      7234,
      7255,
      7257,
      7278,
      7280,
      7307,
      7309
    ],
    "2506.14918v1": [
      5479,
      5610
    ],
    "2508.01962v2": [
      5274
    ],
    "2508.08416v1": [
      11091
    ],
    "2509.19046v1": [
      3869,
      3871,
      3883,
      3982,
      3998,
      4007,
      4026,
      4140,
      4145,
      4203,
      4207,
      5190,
      5261,
      5286
    ],
    "2509.22990v1": [
      8662
    ],
    "2510.08721v1": [
      4653
    ]
  }
}