{
  "13824": {
    "0901.3843": [
      1505
    ],
    "2112.11506v2": [
      5265
    ],
    "2507.01162v1": [
      8112,
      8295
    ],
    "2508.01304v1": [
      3117,
      3129
    ],
    "2508.08845v1": [
      1524
    ],
    "2508.09482v2": [
      9885,
      9967
    ],
    "2508.12895v2": [
      3931
    ],
    "2508.15056v1": [
      4493,
      6769,
      7087
    ],
    "2508.16513v1": [
      7386,
      7414
    ],
    "2508.19666v1": [
      3023
    ],
    "2508.21805v1": [
      5435
    ],
    "2509.00471v2": [
      2096
    ],
    "2509.02441v1": [
      4512
    ],
    "2509.05243v1": [
      6318
    ],
    "2509.06886v2": [
      17657,
      18338,
      18925
    ],
    "2509.08784v1": [
      4667,
      4835
    ],
    "2509.10883v1": [
      83094,
      83106,
      84088,
      84098,
      84110,
      84790,
      95401,
      95413,
      95424
    ],
    "2509.11042v1": [
      5071
    ],
    "2509.12725v1": [
      2016,
      3417,
      3444,
      3600
    ],
    "2509.13009v1": [
      6561
    ],
    "2509.13413v1": [
      2952,
      2957,
      2963,
      3112,
      3359
    ],
    "2509.15580v1": [
      6027,
      6246
    ],
    "2509.18421v1": [
      10932
    ],
    "2509.22336v1": [
      3309
    ],
    "2509.22990v1": [
      7601,
      9646,
      9870,
      9915
    ],
    "2509.25306v2": [
      2622
    ],
    "2510.00891v1": [
      5505,
      5512
    ],
    "2510.01587v1": [
      5066
    ],
    "2510.02179v1": [
      566,
      2836
    ],
    "2510.06741v1": [
      5152
    ],
    "2510.15723v2": [
      6014
    ],
    "2510.21070v1": [
      35910,
      35951,
      37588,
      37857
    ],
    "2510.24877v1": [
      6892,
      9268
    ],
    "2510.25862v1": [
      7023,
      11151
    ],
    "2511.01954v1": [
      12801
    ],
    "2511.02150v1": [
      3938
    ],
    "2511.05248v1": [
      43630,
      45004,
      45014,
      46728,
      52110,
      52444
    ],
    "2511.07190v1": [
      5182
    ],
    "2511.07533v1": [
      9416
    ],
    "2511.08270v1": [
      9003
    ],
    "2511.08311v1": [
      4294
    ],
    "2511.14451v1": [
      8918,
      9085
    ],
    "2511.14596v1": [
      4652
    ],
    "2511.14830v1": [
      4946
    ]
  }
}