{
  "52437": {
    "0704.0296": [
      4934
    ],
    "0704.0596": [
      2019
    ],
    "0704.3034": [
      1671
    ],
    "0705.4138": [
      1458
    ],
    "0706.0139": [
      6983
    ],
    "0706.2788": [
      5297
    ],
    "0812.5017": [
      1587
    ],
    "0901.4782": [
      1311
    ],
    "1007.2432": [
      560,
      745,
      764,
      1061
    ],
    "1007.3767": [
      2248
    ],
    "1008.0852": [
      1331
    ],
    "1009.1471": [
      2054
    ],
    "2403.00029v1": [
      2247,
      2989,
      3005,
      3023,
      3030,
      3057,
      3415,
      3418,
      3429,
      3445,
      3461
    ],
    "2507.13783v1": [
      7068
    ],
    "2509.08426v1": [
      10245
    ],
    "2510.19800v1": [
      3624
    ]
  },
  "46686": {
    "0705.3113": [
      3656
    ]
  }
}