{
  "16863": {
    "0704.1275": [
      4194,
      4282
    ],
    "0704.1296": [
      8,
      1449
    ],
    "0704.1919": [
      4794
    ],
    "0704.2294": [
      936,
      1273,
      1734
    ],
    "0704.2923": [
      858,
      4371
    ],
    "0704.3171": [
      1880
    ],
    "0704.3266": [
      5124
    ],
    "0704.3884": [
      3962
    ],
    "0705.1780": [
      578,
      1478,
      1588,
      3625
    ],
    "0705.2505": [
      1706
    ],
    "0705.3009": [
      267,
      394,
      2863,
      2866,
      2869,
      2872
    ],
    "0705.3154": [
      3723,
      3725
    ],
    "0706.1646": [
      3240
    ],
    "0706.2225": [
      5742
    ],
    "0706.2301": [
      2629
    ],
    "0706.2710": [
      3703
    ],
    "0706.3096": [
      190,
      192,
      373,
      402,
      458,
      475,
      1104,
      1111,
      1114,
      1117,
      1120,
      1123,
      1125
    ],
    "0706.3683": [
      2608
    ],
    "0707.0924": [
      3565
    ],
    "0707.1524": [
      13373
    ],
    "0707.3943": [
      6163,
      6296
    ],
    "0901.1659": [
      1459
    ],
    "0901.1719": [
      1049
    ],
    "0901.2112": [
      1841
    ],
    "0901.2206": [
      1833
    ],
    "0901.4842": [
      1768,
      3025
    ],
    "0902.0728": [
      2376
    ],
    "0902.2406": [
      2508,
      11139
    ],
    "1007.1262": [
      1575
    ],
    "1007.1720": [
      1854,
      2315,
      2318,
      2320
    ],
    "1007.2383": [
      8554
    ],
    "1007.4782": [
      2466
    ],
    "1007.4846": [
      2216
    ],
    "1008.0495": [
      1752,
      1753
    ],
    "1008.0646": [
      631,
      1929
    ],
    "1008.0799": [
      936,
      1559
    ],
    "1008.1299": [
      429,
      2032,
      2048,
      2051,
      2053
    ],
    "1008.2630": [
      248,
      250,
      926,
      929,
      932
    ],
    "1008.2993": [
      2129,
      2130
    ],
    "1008.3025": [
      751,
      2457
    ],
    "1008.4885": [
      961
    ],
    "1009.0123": [
      2840,
      2842,
      2844
    ],
    "1009.0852": [
      13858
    ],
    "1009.1024": [
      1356
    ],
    "1009.1237": [
      1656,
      2015
    ],
    "1807.06088v2": [
      4421
    ],
    "1902.03448v2": [
      28883
    ],
    "1908.02206v1": [
      8758
    ],
    "2003.12728v1": [
      5263
    ],
    "2009.01908v1": [
      4522
    ],
    "2108.01435v2": [
      20452
    ],
    "2210.09072v1": [
      19821,
      19939
    ],
    "2403.14182v1": [
      7024
    ],
    "2502.07006v1": [
      4463
    ],
    "2504.18584v1": [
      1984
    ],
    "2508.08699v1": [
      8105
    ],
    "2508.11077v2": [
      7508
    ],
    "2508.18016v2": [
      3207,
      3521
    ],
    "2508.19386v5": [
      9734
    ],
    "2508.19695v1": [
      3758,
      4694,
      4767
    ],
    "2509.01577v2": [
      3632
    ],
    "2509.05401v1": [
      12717
    ],
    "2509.09996v1": [
      8634
    ],
    "2509.20202v3": [
      8040
    ],
    "2509.26319v1": [
      3619
    ],
    "2509.26421v1": [
      2765
    ],
    "2510.04955v1": [
      5545,
      5728
    ],
    "2510.11532v1": [
      3673,
      3977
    ],
    "2510.12341v1": [
      2808,
      5267,
      5270
    ],
    "2510.12500v3": [
      981,
      4074
    ],
    "2510.20048v1": [
      3820
    ],
    "2510.21465v1": [
      6872
    ],
    "2510.22278v1": [
      4310
    ],
    "2510.26220v1": [
      5295
    ],
    "2511.02801v1": [
      5251,
      5815,
      6068
    ],
    "2511.05780v1": [
      3572,
      3596
    ],
    "2511.14372v1": [
      4334,
      4641,
      4642,
      4645
    ],
    "2511.14372v2": [
      4338,
      4644,
      4645,
      4648
    ]
  },
  "37026": {
    "0704.2938": [
      470
    ],
    "0705.0782": [
      361
    ],
    "0707.1918": [
      507
    ],
    "0902.1641": [
      475
    ],
    "1008.0546": [
      1079
    ],
    "1008.4212": [
      306
    ],
    "1711.09348v1": [
      835
    ],
    "2409.03574v1": [
      2102
    ]
  },
  "48990": {
    "0705.4567": [
      1791
    ]
  },
  "27050": {
    "0707.0854": [
      21
    ],
    "0707.1044": [
      17
    ],
    "0707.1848": [
      339
    ],
    "0707.4028": [
      1376,
      2273
    ],
    "0707.4036": [
      19,
      2630,
      2661
    ],
    "0707.4038": [
      30,
      1666
    ],
    "0812.4446": [
      6725
    ],
    "0901.4129": [
      19
    ],
    "2011.13829v2": [
      9491
    ]
  }
}