{
  "15273": {
    "0704.0602": [
      824,
      923,
      1200
    ],
    "0704.1476": [
      41115,
      41124,
      41180
    ],
    "0704.1584": [
      2319
    ],
    "0704.1677": [
      1896
    ],
    "0704.3005": [
      7930,
      8040,
      8162
    ],
    "0705.0462": [
      836
    ],
    "0705.1730": [
      11532,
      18470
    ],
    "0705.3445": [
      2039
    ],
    "0705.4238": [
      1238
    ],
    "0705.4455": [
      1525
    ],
    "0706.0218": [
      2378
    ],
    "0706.1087": [
      223
    ],
    "0706.1611": [
      4237
    ],
    "0706.1617": [
      67
    ],
    "0706.1759": [
      535
    ],
    "0706.1988": [
      2094
    ],
    "0706.2280": [
      2289
    ],
    "0706.2680": [
      2544
    ],
    "0706.3919": [
      2239
    ],
    "0706.3952": [
      481
    ],
    "0706.3959": [
      7851
    ],
    "0707.0298": [
      248,
      9404
    ],
    "0707.1058": [
      3180,
      3541
    ],
    "0707.2052": [
      914
    ],
    "0812.4066": [
      2045
    ],
    "0812.4446": [
      2379,
      2386,
      2390,
      6770
    ],
    "0812.5115": [
      345
    ],
    "0901.0155": [
      1467
    ],
    "0901.1337": [
      114
    ],
    "0901.1717": [
      599
    ],
    "0901.2080": [
      628
    ],
    "0901.3975": [
      12182,
      28949
    ],
    "0901.4417": [
      528
    ],
    "0902.2196": [
      3409
    ],
    "0902.2489": [
      2286
    ],
    "0902.2504": [
      17489,
      23249,
      23375
    ],
    "1007.1958": [
      8639
    ],
    "1007.2123": [
      4268
    ],
    "1007.3122": [
      3483
    ],
    "1007.3224": [
      1790,
      2564
    ],
    "1007.3606": [
      3585
    ],
    "1007.4252": [
      537
    ],
    "1007.4427": [
      1185
    ],
    "1008.3349": [
      3142
    ],
    "1008.4979": [
      2176
    ],
    "2508.14875v2": [
      1914
    ],
    "2510.20946v1": [
      888
    ],
    "2510.26927v1": [
      1766
    ]
  },
  "36486": {
    "0705.1845": [
      1576,
      1655
    ],
    "0706.0691": [
      813
    ]
  }
}