{
  "22015": {
    "0705.0475": [
      256
    ],
    "0705.1951": [
      10591
    ],
    "0705.2060": [
      1288,
      1400
    ],
    "0706.2197": [
      1315
    ],
    "0901.0043": [
      4690
    ],
    "0901.0048": [
      4023
    ],
    "0901.0709": [
      135
    ],
    "0901.4104": [
      4675
    ],
    "1008.0648": [
      1231
    ],
    "1008.2904": [
      4260
    ],
    "1008.4985": [
      324
    ],
    "1009.0020": [
      344
    ],
    "1706.10129v1": [
      526,
      554
    ],
    "1803.10468v1": [
      1449
    ],
    "1912.03608v1": [
      3164
    ],
    "2206.02968v1": [
      2591
    ],
    "2311.16615v1": [
      1674
    ],
    "2509.13152v1": [
      159
    ]
  }
}