{
  "15391": {
    "0704.0058": [
      1344
    ],
    "0704.0492": [
      1596
    ],
    "0704.1132": [
      3290
    ],
    "0704.2232": [
      6438
    ],
    "0704.2466": [
      1248
    ],
    "0704.2729": [
      2887
    ],
    "0704.2790": [
      670
    ],
    "0705.0836": [
      5314
    ],
    "0705.2144": [
      1832
    ],
    "0705.2562": [
      1339
    ],
    "0705.2952": [
      4649
    ],
    "0705.3418": [
      4066
    ],
    "0705.4104": [
      1920
    ],
    "0705.4109": [
      237
    ],
    "0706.0622": [
      225
    ],
    "0706.2782": [
      375
    ],
    "0706.3379": [
      3224,
      3980
    ],
    "0707.0603": [
      1245
    ],
    "0707.0982": [
      94,
      3333
    ],
    "0707.1163": [
      1441
    ],
    "0707.2179": [
      4489
    ],
    "0707.3718": [
      4965
    ],
    "0707.3807": [
      782
    ],
    "0707.4225": [
      1201
    ],
    "0708.0148": [
      12061
    ],
    "0708.0173": [
      2222
    ],
    "0812.4931": [
      6904
    ],
    "0901.0155": [
      1632,
      1648
    ],
    "0901.2301": [
      4259
    ],
    "0901.2498": [
      1717
    ],
    "0901.4365": [
      1304
    ],
    "0901.4660": [
      541
    ],
    "0902.0346": [
      226
    ],
    "0902.0927": [
      1287
    ],
    "0902.1941": [
      1318
    ],
    "0902.2557": [
      131
    ],
    "0902.3005": [
      509
    ],
    "1007.0855": [
      504
    ],
    "1007.1378": [
      1939
    ],
    "1007.2420": [
      613
    ],
    "1007.2674": [
      1078
    ],
    "1007.4122": [
      328
    ],
    "1008.0306": [
      742
    ],
    "1008.2465": [
      337
    ],
    "1008.2524": [
      2393,
      7962
    ],
    "1008.2559": [
      215
    ],
    "1008.2863": [
      123
    ],
    "1008.3165": [
      678
    ],
    "1008.4537": [
      247,
      904
    ],
    "1008.4596": [
      791,
      1643,
      2291
    ],
    "1009.0200": [
      11637
    ],
    "2205.14117v1": [
      325
    ],
    "2210.02228v1": [
      1289
    ],
    "2401.13241v3": [
      2231
    ],
    "2501.02262v1": [
      2237
    ],
    "2510.20546v1": [
      294
    ]
  },
  "11712": {
    "0704.0484": [
      86,
      667
    ],
    "0704.0764": [
      1802
    ],
    "0704.0857": [
      1612
    ],
    "0704.0869": [
      1217
    ],
    "0704.0963": [
      1664,
      3509
    ],
    "0704.1064": [
      2962
    ],
    "0704.2083": [
      907,
      953
    ],
    "0704.2130": [
      406
    ],
    "0704.3535": [
      9516,
      9518,
      16191,
      16200,
      16206
    ],
    "0704.3708": [
      676
    ],
    "0705.3704": [
      2609
    ],
    "0706.1410": [
      934
    ],
    "0706.1723": [
      950,
      1042
    ],
    "0706.2012": [
      3519
    ],
    "0706.2508": [
      1326
    ],
    "0706.2615": [
      2116
    ],
    "0706.2625": [
      12838
    ],
    "0706.3610": [
      1496
    ],
    "0706.4255": [
      2893
    ],
    "0707.0895": [
      1224,
      1242,
      1489
    ],
    "0707.1163": [
      1145
    ],
    "0707.1195": [
      1518
    ],
    "0707.2914": [
      384
    ],
    "0707.2933": [
      2691,
      2867
    ],
    "0707.4235": [
      1356,
      1367,
      1677
    ],
    "0708.0101": [
      1239
    ],
    "0708.0233": [
      5257,
      5289,
      5335,
      5345
    ],
    "0812.3935": [
      9682
    ],
    "0812.4465": [
      8280,
      8367
    ],
    "0812.4561": [
      197,
      1856,
      1859
    ],
    "0812.4750": [
      7094
    ],
    "0901.0450": [
      3408
    ],
    "0901.1452": [
      2807,
      2852,
      2904,
      3088,
      3101,
      3105,
      3358,
      3362,
      3478,
      4337,
      4355,
      4771
    ],
    "0901.1767": [
      478
    ],
    "0901.2114": [
      206
    ],
    "0901.2342": [
      1965
    ],
    "0901.2503": [
      424
    ],
    "0901.3515": [
      1440
    ],
    "0901.3529": [
      2233
    ],
    "0901.4355": [
      5939
    ],
    "0901.4365": [
      1390
    ],
    "0901.4884": [
      181,
      198,
      199,
      257,
      302,
      755,
      913,
      949,
      986,
      1381,
      1726,
      1979,
      2231,
      2347,
      2637,
      2984,
      3014,
      3030,
      3051,
      3360,
      3483,
      3755,
      3817
    ],
    "0902.0056": [
      902
    ],
    "0902.0474": [
      1378
    ],
    "0902.0836": [
      8635
    ],
    "0902.1649": [
      614
    ],
    "0902.2211": [
      108
    ],
    "0902.2775": [
      674
    ],
    "1007.0954": [
      2674
    ],
    "1007.1035": [
      3958
    ],
    "1007.4016": [
      1501
    ],
    "1007.5331": [
      496
    ],
    "1008.1244": [
      4093
    ],
    "1008.1912": [
      238,
      3277
    ],
    "1008.2001": [
      139
    ],
    "1008.2483": [
      201
    ],
    "1008.2524": [
      934
    ],
    "1008.2635": [
      281
    ],
    "1008.2802": [
      388,
      2392
    ],
    "1008.2929": [
      315
    ],
    "1008.2946": [
      16
    ],
    "1008.3179": [
      10635
    ],
    "1008.3293": [
      4093
    ],
    "1008.3477": [
      1086
    ],
    "1008.3896": [
      7960
    ],
    "1008.4184": [
      1450
    ],
    "1008.4185": [
      950
    ],
    "1009.0108": [
      1147,
      1161,
      1170,
      1227,
      1679,
      1877,
      2850,
      4166
    ],
    "1009.0117": [
      575,
      632,
      1233
    ],
    "1009.1030": [
      363
    ],
    "1909.01014v1": [
      2000
    ],
    "2509.10883v1": [
      2215
    ],
    "2510.00891v1": [
      4165
    ],
    "2511.04254v1": [
      7283
    ]
  },
  "10919": {
    "0704.2083": [
      749,
      924
    ],
    "0704.3708": [
      38,
      555,
      571,
      1495,
      1792,
      1823,
      1894,
      1935,
      2012,
      2058,
      2135,
      2158,
      2300,
      2347,
      2405,
      2670,
      2810,
      3109,
      3279,
      3305,
      3323,
      3326
    ],
    "0704.3886": [
      715,
      3105
    ],
    "0705.1585": [
      584,
      786,
      1085,
      1291,
      1294
    ],
    "0706.1137": [
      1467
    ],
    "0706.3751": [
      874
    ],
    "0707.0895": [
      1803
    ],
    "0707.3269": [
      550
    ],
    "0901.1452": [
      434,
      2811,
      3022,
      3070,
      3086,
      4113
    ],
    "0901.2416": [
      670,
      671,
      714,
      740,
      846
    ],
    "0902.3026": [
      1655
    ],
    "0902.3027": [
      1809,
      2703
    ],
    "1008.0616": [
      4760
    ],
    "1008.0938": [
      1899
    ],
    "1009.0108": [
      195,
      657,
      869,
      1136,
      1223,
      1237,
      1246,
      1684,
      1694,
      1700,
      1704,
      1716,
      1721,
      1765,
      1789,
      1801,
      1861,
      1867,
      1886,
      1925,
      2009,
      2019,
      2073,
      2076,
      2080,
      2089,
      2100,
      2122,
      2140,
      2165,
      2176,
      2767,
      2773,
      2785,
      2953,
      2979,
      3133,
      3271,
      3299,
      3316,
      3341,
      3346,
      3384,
      3406,
      3443,
      3517,
      3592,
      3652,
      3664,
      3670,
      3685,
      3710,
      3738,
      3763,
      3776,
      3813,
      3850,
      3855,
      3895,
      4056,
      4202,
      4209,
      4216,
      4234,
      4252,
      4278,
      4303,
      4311,
      4373,
      4400,
      4408
    ],