{
  "51955": {
    "0704.3219": [
      505,
      508
    ],
    "0705.0016": [
      6496
    ],
    "0705.1951": [
      1711
    ],
    "0706.3635": [
      1218,
      1238,
      1306,
      1474
    ],
    "0707.0201": [
      1098
    ],
    "0707.0252": [
      138
    ],
    "0707.0991": [
      2962
    ],
    "0707.3886": [
      610,
      626,
      653,
      659,
      662
    ],
    "0901.1175": [
      1713
    ],
    "0901.1937": [
      3489
    ],
    "0901.2600": [
      996,
      997
    ],
    "0901.3735": [
      1170
    ],
    "0902.1135": [
      446
    ],
    "0902.2026": [
      2247
    ],
    "0902.2625": [
      662,
      1491
    ],
    "1007.2453": [
      2128
    ],
    "1007.5195": [
      753,
      756
    ],
    "1008.0852": [
      1146
    ],
    "1802.00331v1": [
      836
    ],
    "2012.12773v1": [
      5451
    ]
  }
}