{
  "51459": {
    "0704.3595": [
      733
    ],
    "0705.1366": [
      1736,
      1747
    ],
    "0706.2818": [
      270
    ],
    "0901.0113": [
      1076
    ],
    "0902.1904": [
      1280
    ],
    "0902.2239": [
      66,
      457,
      3477,
      3479,
      3488,
      3548,
      3553,
      3583,
      3626,
      3635,
      3640,
      3650,
      3659,
      3683
    ],
    "1007.3029": [
      2530,
      4390
    ],
    "1008.0774": [
      300,
      977,
      2039
    ],
    "1008.1948": [
      310,
      5341
    ],
    "1008.2658": [
      1098,
      1111
    ],
    "1008.4182": [
      1587
    ],
    "1803.01935v1": [
      1728
    ],
    "2005.00587v1": [
      6047
    ],
    "2401.11643v1": [
      1853
    ]
  }
}