{
  "24712": {
    "0708.0103": [
      1405
    ],
    "0901.1746": [
      488,
      545,
      546
    ],
    "1008.4540": [
      433,
      436,
      823
    ],
    "2210.08364v2": [
      3462
    ],
    "2212.01647v1": [
      3391,
      3447
    ],
    "2405.18903v1": [
      499
    ],
    "2412.11852v1": [
      2530
    ],
    "2509.00431v1": [
      4436
    ],
    "2510.04955v1": [
      6082
    ]
  }
}