{
  "52906": {
    "0704.1003": [
      1012
    ],
    "0704.1388": [
      288,
      841,
      897,
      937,
      1295,
      1298
    ],
    "0704.2836": [
      2575,
      2693,
      2806
    ],
    "0704.3375": [
      3521,
      3553,
      3592
    ],
    "0705.4195": [
      2393,
      4206
    ],
    "0706.2029": [
      694,
      2438,
      5277,
      5507
    ],
    "0706.2482": [
      581
    ],
    "0706.4080": [
      1797,
      1866
    ],
    "0707.3441": [
      93,
      309
    ],
    "0707.3507": [
      1171
    ],
    "0901.0174": [
      731,
      900,
      3057,
      3095
    ],
    "0901.0395": [
      164
    ],
    "0901.1478": [
      526
    ],
    "0901.2120": [
      8026
    ],
    "0901.3562": [
      716
    ],
    "0901.4010": [
      1507
    ],
    "0901.4019": [
      742,
      2872,
      3295,
      3426
    ],
    "0902.0301": [
      356,
      1243
    ],
    "0902.0711": [
      3850,
      8106
    ],
    "0902.2136": [
      1207,
      1217
    ],
    "0902.2527": [
      302
    ],
    "1007.2300": [
      161,
      220,
      424,
      437,
      531,
      1076
    ],
    "1007.2407": [
      2607,
      2619,
      2621,
      2627,
      2630,
      2782,
      2791,
      3406,
      3410,
      3422,
      3424,
      3425,
      3428
    ],
    "1007.2534": [
      5493,
      5496
    ],
    "1007.4184": [
      13914
    ],
    "1007.5063": [
      1929
    ],
    "1008.3579": [
      1186
    ],
    "1008.4490": [
      12759,
      12781
    ],
    "1009.0153": [
      863,
      864,
      865,
      1128,
      1129,
      1130,
      1131,
      1132,
      1135
    ],
    "1009.0193": [
      664
    ],
    "2107.11223v2": [
      2323
    ],
    "2111.02809v2": [
      1748
    ],
    "2508.20393v2": [
      3944
    ],
    "2509.05128v1": [
      872,
      1457,
      1458,
      1852,
      1990
    ],
    "2509.15580v1": [
      7306
    ],
    "2510.01587v1": [
      1420,
      2928,
      3920,
      4036,
      4044,
      4193
    ],
    "2510.01589v1": [
      244,
      775,
      809
    ],
    "2510.13593v1": [
      3234
    ],
    "2510.21070v1": [
      29590,
      29596,
      29606
    ],
    "2510.21465v1": [
      7296
    ],
    "2511.00253v1": [
      127578,
      127691
    ],
    "2511.04787v1": [
      2246,
      4082,
      5188,
      5680,
      9000
    ],
    "2511.05248v1": [
      52784
    ]
  }
}