{
  "47186": {
    "0707.1515": [
      99
    ],
    "2011.06620v1": [
      68
    ],
    "2011.08329v1": [
      78
    ],
    "2404.14718v1": [
      37
    ]
  }
}