{
  "51271": {
    "0706.3864": [
      1499
    ],
    "0901.2493": [
      2566
    ],
    "0902.0952": [
      4996
    ],
    "1008.2454": [
      1490
    ],
    "1705.03327v1": [
      7873
    ],
    "1709.03673v1": [
      1722
    ],
    "1803.07108v1": [
      867
    ],
    "1808.05997v1": [
      4431,
      5040,
      5052
    ],
    "1808.06611v2": [
      2194,
      2376,
      2565,
      2598
    ],
    "1809.05278v1": [
      1469,
      4532,
      5430
    ],
    "1811.12680v2": [
      2713
    ],
    "1903.07501v1": [
      5537,
      5557
    ],
    "1904.02298v1": [
      1937
    ],
    "1904.04284v2": [
      4674
    ],
    "1907.03425v1": [
      3074
    ],
    "1908.03537v2": [
      5448
    ],
    "1908.11021v1": [
      2977
    ],
    "1908.11138v1": [
      5296
    ],
    "1909.02783v1": [
      2826
    ],
    "1910.08580v1": [
      4566
    ],
    "1911.09823v1": [
      2079
    ],
    "2002.06787v1": [
      1827
    ],
    "2002.07864v1": [
      3649
    ],
    "2004.01152v1": [
      4353
    ],
    "2005.06643v1": [
      3137
    ],
    "2009.01908v1": [
      5225
    ],
    "2102.06054v1": [
      4590
    ],
    "2105.13227v1": [
      6760,
      12424,
      12441,
      14593
    ],
    "2107.10371v2": [
      4998
    ],
    "2110.02190v1": [
      6801
    ],
    "2110.12893v2": [
      2446
    ],
    "2110.13962v1": [
      3415
    ],
    "2110.13965v1": [
      4018
    ],
    "2201.05942v1": [
      1670
    ],
    "2201.10558v1": [
      5754
    ],
    "2205.01746v1": [
      5082
    ],
    "2205.14215v1": [
      958
    ],
    "2207.14115v1": [
      6105,
      8002,
      8389,
      17924,
      17942
    ],
    "2208.10333v1": [
      2784
    ],
    "2209.03521v1": [
      11116,
      11143
    ],
    "2301.02189v1": [
      7311
    ],
    "2303.09221v1": [
      5096,
      5388,
      8220
    ],
    "2308.09145v1": [
      1819
    ],
    "2309.16345v1": [
      2185
    ],
    "2402.01932v4": [
      4670
    ],
    "2402.19069v1": [
      6749,
      7364,
      7473
    ],
    "2403.05779v1": [
      2378
    ],
    "2404.11219v1": [
      4479
    ],
    "2406.09915v1": [
      2635,
      2640
    ],
    "2407.21673v1": [
      16,
      1213,
      1296,
      1370,
      1380,
      1410,
      1481,
      3379,
      3569,
      3578,
      3979,
      4614,
      4624
    ],
    "2409.05262v1": [
      15059
    ],
    "2410.22589v2": [
      3506,
      3661
    ],
    "2502.09186v2": [
      7236,
      8051,
      8234
    ],
    "2502.10643v1": [
      5738
    ],
    "2503.22873v1": [
      2891
    ],
    "2504.11542v1": [
      4609
    ],
    "2505.20461v1": [
      4264,
      4278
    ],
    "2506.17523v2": [
      4039
    ],
    "2507.16053v1": [
      4518
    ],
    "2509.09016v1": [
      625,
      2056
    ],
    "2509.20590v2": [
      3027
    ]
  }
}