{
  "53591": {
    "0704.0543": [
      1185
    ],
    "0704.3416": [
      1833,
      1835
    ],
    "0705.1224": [
      3535,
      3582
    ],
    "0705.2570": [
      2210
    ],
    "0706.0025": [
      12
    ],
    "0706.0964": [
      891,
      906
    ],
    "0706.2986": [
      759
    ],
    "0706.3909": [
      1752,
      1908
    ],
    "0707.2225": [
      1189
    ],
    "0707.2958": [
      929,
      988
    ],
    "0707.4181": [
      3934
    ],
    "0901.3354": [
      3058
    ],
    "0902.0681": [
      1309
    ],
    "0902.1985": [
      1656
    ],
    "1007.1042": [
      2129
    ],
    "1007.1093": [
      2125,
      2127
    ],
    "1007.4412": [
      2031
    ],
    "1008.0238": [
      6696
    ],
    "1008.4126": [
      1957
    ],
    "1009.0021": [
      396
    ],
    "1009.0182": [
      475,
      485
    ],
    "1009.1134": [
      1682
    ],
    "1901.06902v1": [
      1879
    ],
    "1908.00395v1": [
      217
    ],
    "2002.10984v2": [
      1159
    ],
    "2008.05435v1": [
      1340,
      1344,
      1348
    ],
    "2112.11506v2": [
      1679,
      3992
    ],
    "2112.13017v2": [
      2048
    ],
    "2208.06211v1": [
      517
    ],
    "2508.10984v1": [
      2853,
      2863,
      6535,
      6545,
      6569,
      6579
    ],
    "2508.11747v3": [
      1687
    ],
    "2509.09492v1": [
      4190
    ],
    "2510.03396v1": [
      1367
    ],
    "2510.12197v1": [
      2013,
      2122,
      2604
    ],
    "2510.24444v1": [
      477
    ],
    "2510.25624v1": [
      5385
    ],
    "2511.03889v1": [
      829
    ]
  }
}