{
  "35705": {
    "0704.3700": [
      13
    ],
    "0705.0633": [
      14
    ],
    "0706.2512": [
      1085
    ],
    "0901.0624": [
      1393
    ],
    "0901.0685": [
      3955
    ],
    "0901.1761": [
      2055
    ],
    "0901.4004": [
      1220,
      1296,
      1319
    ],
    "1007.2113": [
      17789,
      19015
    ],
    "1007.2420": [
      8490
    ],
    "1008.0335": [
      3636,
      3806,
      3835
    ],
    "1008.0621": [
      4010
    ],
    "1008.2711": [
      5208
    ],
    "1008.3703": [
      27749
    ],
    "1008.5291": [
      3957
    ],
    "1809.01730v3": [
      3348
    ],
    "1809.06119v5": [
      5024
    ],
    "2004.08837v2": [
      3226
    ],
    "2006.12205v1": [
      2527
    ],
    "2009.01525v7": [
      4231,
      4247
    ],
    "2009.04211v1": [
      5666
    ],
    "2302.11699v1": [
      5463
    ],
    "2302.14636v1": [
      4505,
      4826
    ],
    "2403.18070v2": [
      3123
    ],
    "2410.02311v1": [
      6738
    ],
    "2412.10601v2": [
      510,
      6912,
      7035,
      7275
    ],
    "2505.00175v1": [
      2816
    ],
    "2506.15243v1": [
      8476
    ],
    "2507.07009v3": [
      5131
    ],
    "2508.15059v1": [
      4069
    ]
  }
}