{
  "21899": {
    "0704.0022": [
      2135,
      4414
    ],
    "0704.0483": [
      3667
    ],
    "0704.1604": [
      1171
    ],
    "0704.3511": [
      7053,
      7066
    ],
    "0705.0496": [
      1116
    ],
    "0705.2632": [
      10397
    ],
    "0705.3496": [
      4080,
      4858
    ],
    "0705.3533": [
      3692
    ],
    "0706.0316": [
      1377
    ],
    "0706.2253": [
      2733
    ],
    "0706.2636": [
      3837
    ],
    "0706.3978": [
      3438
    ],
    "0707.0512": [
      1086
    ],
    "0707.1483": [
      2983
    ],
    "0707.2637": [
      2806
    ],
    "0707.2719": [
      2550
    ],
    "0707.3203": [
      6883
    ],
    "0707.3859": [
      5969
    ],
    "0708.0326": [
      3163
    ],
    "0901.0012": [
      4011,
      4103
    ],
    "0901.0281": [
      3066
    ],
    "0901.1598": [
      5875
    ],
    "0901.3080": [
      1872,
      1880
    ],
    "0901.4035": [
      3119
    ],
    "0901.4449": [
      6713,
      6769
    ],
    "1007.2225": [
      10863
    ],
    "1007.2448": [
      1610
    ],
    "1007.2494": [
      1345
    ],
    "1008.2963": [
      1422
    ],
    "1008.3431": [
      4952
    ],
    "1008.3605": [
      5829
    ],
    "1008.3860": [
      833
    ],
    "1009.0986": [
      1576
    ],
    "2407.05199v1": [
      4958,
      5943
    ],
    "2508.15889v1": [
      3617
    ],
    "2509.14539v1": [
      10311,
      10664,
      11029,
      11558,
      11577
    ],
    "2509.19158v2": [
      1638,
      6764
    ],
    "2509.26033v1": [
      3018
    ],
    "2510.02639v1": [
      4882
    ],
    "2510.04106v1": [
      6767
    ],
    "2510.14022v1": [
      5113
    ],
    "2510.16564v1": [
      3914
    ],
    "2510.19635v1": [
      7677
    ],
    "2511.09628v1": [
      5060
    ]
  },
  "53568": {
    "0704.0158": [
      1319
    ],
    "0704.0201": [
      273,
      1139,
      3312
    ],
    "0704.0266": [
      608
    ],
    "0704.0271": [
      2396,
      2403
    ],
    "0704.0304": [
      2915
    ],
    "0704.0512": [
      2655
    ],
    "0704.1149": [
      4442
    ],
    "0704.1274": [
      10107
    ],
    "0704.1421": [
      627
    ],
    "0704.1849": [
      206,
      1448
    ],
    "0704.1899": [
      1578
    ],
    "0704.2096": [
      6826
    ],
    "0704.2168": [
      4097
    ],
    "0704.2235": [
      4364
    ],
    "0704.2249": [
      4861
    ],
    "0704.2486": [
      2832
    ],
    "0704.2525": [
      2733,
      2809
    ],
    "0704.2689": [
      1668
    ],
    "0704.2750": [
      2448
    ],
    "0704.3069": [
      1492
    ],
    "0704.3262": [
      2111,
      2379
    ],
    "0704.3321": [
      2274
    ],
    "0704.3368": [
      3524
    ],
    "0704.3621": [
      4176
    ],
    "0705.0093": [
      1783
    ],
    "0705.0173": [
      1433
    ],
    "0705.0716": [
      334,
      1090,
      1174,
      1295
    ],
    "0705.0975": [
      656,
      2420,
      2746,
      4254
    ],
    "0705.1053": [
      1367
    ],
    "0705.1373": [
      3687,
      4370
    ],
    "0705.1445": [
      3401,
      5624
    ],
    "0705.1462": [
      1357
    ],
    "0705.1705": [
      2674,
      2805
    ],
    "0705.1730": [
      34081,
      41286
    ],
    "0705.1740": [
      910,
      1366,
      3207,
      6153,
      6927
    ],
    "0705.1921": [
      4846,
      8402,
      8407
    ],
    "0705.2007": [
      2728
    ],
    "0705.2008": [
      13283
    ],
    "0705.2159": [
      1593
    ],
    "0705.2706": [
      8628
    ],
    "0705.3048": [
      5170
    ],
    "0705.3057": [
      622
    ],
    "0705.3066": [
      1162
    ],
    "0705.3158": [
      4717,
      4917
    ],
    "0705.4128": [
      4646
    ],
    "0705.4366": [
      1888
    ],
    "0705.4503": [
      1978
    ],
    "0705.4607": [
      1256,
      1313
    ],
    "0705.4634": [
      4131
    ],
    "0705.4643": [
      4648
    ],
    "0706.0183": [
      1140,
      4936,
      4961
    ],
    "0706.0415": [
      289,
      3280
    ],
    "0706.0500": [
      6667,
      6671,
      6674
    ],
    "0706.0674": [
      691
    ],
    "0706.0880": [
      6088
    ],
    "0706.0977": [
      2201
    ],
    "0706.1086": [
      1455,
      1680
    ],
    "0706.1273": [
      2611,
      2704
    ],
    "0706.1321": [
      2834
    ],
    "0706.1345": [
      2636
    ],
    "0706.1518": [
      3571
    ],
    "0706.1803": [
      1433
    ],
    "0706.1824": [
      1564
    ],
    "0706.2037": [
      1559
    ],
    "0706.2364": [
      2478
    ],
    "0706.2783": [
      1384
    ],
    "0706.2854": [
      27
    ],
    "0706.2892": [
      2382
    ],
    "0706.3015": [
      1263
    ],
    "0706.3045": [
      2733
    ],
    "0706.3100": [
      1940
    ],
    "0706.3148": [
      2128
    ],
    "0706.3344": [
      1429
    ],
    "0706.3814": [
      2226
    ],
    "0706.3882": [
      2015
    ],
    "0706.4088": [
      6192,
      6197,
      6696
    ],
    "0706.4139": [
      585,
      1801,
      1815,
      7149,
      7281,
      7326,
      7344,
      7614,
      7650,
      7978,
      7985,
      8004,
      8185
    ],
    "0706.4349": [
      2340
    ],
    "0707.0034": [
      1200
    ],
    "0707.0324": [
      3160
    ],
    "0707.0393": [
      401,
      421,
      657,
      5435,
      5439,
      5443,
      5448,
      5453,
      5460,
      5463,
      5544,
      5587,
      5596,
      5617
    ],
    "0707.0522": [
      1881
    ],
    "0707.0576": [
      6741
    ],
    "0707.1283": [
      3887
    ],
    "0707.1533": [
      6937
    ],
    "0707.1850": [
      2802
    ],
    "0707.2187": [
      1881
    ],
    "0707.2237": [
      4021,
      4052
    ],
    "0707.2337": [
      317,
      6383,
      6526,
      7002,
      7688
    ],
    "0707.2379": [
      6411
    ],
    "0707.2389": [
      5624
    ],
    "0707.2671": [
      3150
    ],
    "0707.2693": [
      47,
      2169
    ],
    "0707.4498": [
      3367
    ],
    "0707.4598": [
      5000,
      5005,
      5179,
      5186,
      5337
    ],
    "0708.0226": [
      2951,
      3060,
      3426
    ],
    "0708.0234": [
      1335
    ],
    "0812.3918": [
      4843
    ],
    "0812.3968": [
      1886
    ],
    "0812.4523": [
      2142,
      2162,
      2256
    ],
    "0812.4813": [
      5034
    ],
    "0901.0216": [
      2879,
      3054,
      3079,
      3096
    ],
    "0901.0356": [
      10228
    ],
    "0901.0410": [
      3204
    ],
    "0901.0707": [
      4488
    ],
    "0901.1009": [
      2339
    ],
    "0901.1316": [
      2124
    ],
    "0901.1674": [
      2753
    ],
    "0901.1716": [
      5648
    ],
    "0901.2074": [
      981
    ],
    "0901.2187": [
      2771
    ],
    "0901.2791": [
      3160
    ],
    "0901.2810": [
      6409
    ],
    "0901.2870": [
      19932
    ],
    "0901.3229": [
      4421,
      4433
    ],
    "0901.3473": [
      738,
      3022
    ],
    "0901.3484": [
      1394,
      4827
    ],
    "0901.4112": [
      2800,
      2819
    ],
    "0901.4113": [
      3161
    ],
    "0901.4338": [
      7613,
      7756,
      7841
    ],
    "0901.4363": [
      1496,
      1501,
      1507,
      1668,
      1809
    ],
    "0901.4407": [
      3013,
      3017
    ],
    "0901.4536": [
      2002
    ],
    "0901.4589": [
      2139
    ],
    "0901.4776": [
      6202,
      6223
    ],
    "0902.0438": [
      1355
    ],
    "0902.0854": [
      6501
    ],
    "0902.0979": [
      689,
      701,
      776,
      778,
      1309,
      7205,
      8026,
      8030,
      8121,
      8168
    ],
    "0902.1448": [
      162,
      4100
    ],
    "0902.1479": [
      2039
    ],
    "0902.1489": [
      1365
    ],
    "0902.1527": [
      1902
    ],
    "0902.1535": [
      7057
    ],
    "0902.1908": [
      3964
    ],
    "0902.2078": [
      1490
    ],