{
  "34539": {
    "2210.08364v2": [
      12,
      5106,
      5352
    ],
    "2210.16992v1": [
      13
    ]
  }
}