{
  "52345": {
    "0707.3227": [
      1313,
      1346,
      2116,
      2137,
      2139,
      2158,
      2171,
      2177,
      2184,
      2482,
      2508
    ],
    "0901.1028": [
      1910
    ],
    "0901.1440": [
      3717
    ],
    "1007.4216": [
      1034
    ],
    "1008.1811": [
      6484,
      6500,
      6531,
      6532,
      6536
    ],
    "1008.4425": [
      1010
    ],
    "1009.0067": [
      673
    ],
    "2007.10906v1": [
      1587
    ],
    "2510.26220v1": [
      6061
    ]
  }
}