{
  "20124": {
    "0704.2561": [
      1391
    ],
    "0705.1260": [
      926
    ],
    "0705.3202": [
      1413
    ],
    "0705.3898": [
      1603
    ],
    "0707.2592": [
      633
    ],
    "0707.2884": [
      2613
    ],
    "0902.1089": [
      4340
    ],
    "0902.1915": [
      1042
    ],
    "1007.1749": [
      1240
    ],
    "1007.5473": [
      630,
      638,
      653,
      694,
      718,
      727,
      735,
      745,
      940,
      947,
      1034
    ],
    "1008.1118": [
      4103
    ],
    "1008.1942": [
      4110
    ],
    "1008.3272": [
      4311
    ],
    "2110.07559v16": [
      36713
    ],
    "2508.13467v2": [
      3636
    ],
    "2509.15131v1": [
      5814,
      6153
    ]
  },
  "47539": {
    "0706.0704": [
      1817
    ],
    "0902.0177": [
      3427
    ]
  }
}