{
  "19700": {
    "0706.4129": [
      1087
    ],
    "0707.0426": [
      2817
    ],
    "0707.3679": [
      75
    ],
    "1007.5446": [
      384,
      5347,
      5442
    ],
    "1008.1139": [
      2840
    ],
    "1008.1851": [
      27
    ],
    "1008.5028": [
      4102
    ],
    "1009.1259": [
      696,
      1743,
      2174,
      2190
    ],
    "1009.1312": [
      1344
    ],
    "2506.19340v3": [
      3158
    ],
    "2509.09776v1": [
      3309,
      3890,
      4028
    ],
    "2509.19605v2": [
      1703
    ],
    "2510.01441v1": [
      1342
    ],
    "2510.06885v1": [
      104,
      4283,
      4466,
      4563,
      4649,
      4819,
      5013,
      5217
    ],
    "2510.18124v1": [
      2489,
      2628,
      2776
    ],
    "2511.13756v1": [
      4503
    ]
  }
}