{
  "18015": {
    "0704.0020": [
      1038
    ],
    "0704.0296": [
      3771,
      3843,
      3892
    ],
    "0704.0522": [
      538
    ],
    "0704.0630": [
      1044
    ],
    "0704.1266": [
      536
    ],
    "0704.1478": [
      544
    ],
    "0704.2080": [
      535
    ],
    "0704.2889": [
      3845
    ],
    "0704.3593": [
      537
    ],
    "0705.0398": [
      535
    ],
    "0705.0704": [
      537
    ],
    "0705.1190": [
      533
    ],
    "0705.1798": [
      533
    ],
    "0705.1820": [
      530
    ],
    "0705.2157": [
      1036
    ],
    "0705.4008": [
      539
    ],
    "0705.4499": [
      2817
    ],
    "0706.1059": [
      537
    ],
    "0706.2870": [
      528
    ],
    "0706.3011": [
      4255
    ],
    "0706.3885": [
      536
    ],
    "0706.3893": [
      535
    ],
    "0707.0214": [
      3095
    ],
    "0707.1043": [
      537
    ],
    "0707.1633": [
      534
    ],
    "0707.1648": [
      537
    ],
    "0707.2655": [
      532
    ],
    "0707.2670": [
      540
    ],
    "0707.2758": [
      533
    ],
    "0707.2798": [
      534
    ],
    "0707.2843": [
      533
    ],
    "0707.2922": [
      532
    ],
    "0707.2980": [
      537
    ],
    "0707.2981": [
      567
    ],
    "0707.3461": [
      3439,
      3449
    ],
    "0707.4561": [
      535
    ],
    "0708.0050": [
      531
    ],
    "0708.0182": [
      528
    ],
    "0812.4683": [
      316
    ],
    "0901.0634": [
      1642
    ],
    "0901.1223": [
      444
    ],
    "0901.3092": [
      7615
    ],
    "0901.3522": [
      452
    ],
    "0901.3703": [
      457
    ],
    "0901.4158": [
      1103
    ],
    "0902.1744": [
      592
    ],
    "0902.2051": [
      449
    ],
    "0902.2663": [
      1417
    ],
    "0902.3235": [
      1523
    ],
    "1007.1370": [
      449
    ],
    "1007.2139": [
      892
    ],
    "1007.2732": [
      413
    ],
    "1007.3526": [
      417
    ],
    "1007.4215": [
      1021
    ],
    "1007.4464": [
      412
    ],
    "1007.4646": [
      417
    ],
    "1008.0011": [
      3711
    ],
    "1008.0104": [
      408
    ],
    "1008.1743": [
      3908
    ],
    "1008.2218": [
      6001
    ],
    "1008.4080": [
      419
    ],
    "1009.0384": [
      25
    ]
  },
  "25863": {
    "0704.1225": [
      1335,
      1447
    ],
    "2103.15748v1": [
      17224
    ],
    "2212.09079v1": [
      7964
    ],
    "2508.12963v1": [
      4502,
      4828,
      4832
    ],
    "2508.20891v2": [
      4767
    ],
    "2509.20202v3": [
      6984,
      7535,
      8189,
      11825
    ],
    "2509.21348v1": [
      5954
    ],
    "2510.17547v1": [
      3621
    ]
  }
}