{
  "12937": {
    "0704.0292": [
      6186
    ],
    "0704.3943": [
      2124
    ],
    "0705.0214": [
      268
    ],
    "0705.1064": [
      157
    ],
    "0705.2378": [
      3093
    ],
    "0705.4562": [
      217,
      851,
      917,
      3555
    ],
    "0706.3219": [
      1000
    ],
    "0706.4375": [
      2400
    ],
    "0707.0895": [
      1511
    ],
    "0707.1442": [
      355
    ],
    "0812.4852": [
      1818
    ],
    "0901.0675": [
      277
    ],
    "0901.1042": [
      818,
      851
    ],
    "0901.1781": [
      122
    ],
    "0901.2262": [
      2396
    ],
    "0901.3629": [
      18804
    ],
    "0901.4235": [
      4233
    ],
    "0901.4282": [
      97
    ],
    "0901.4495": [
      4437
    ],
    "0901.4640": [
      699
    ],
    "0902.0344": [
      355
    ],
    "0902.0664": [
      149,
      2174
    ],
    "0902.0668": [
      57
    ],
    "0902.2923": [
      1664
    ],
    "0902.2990": [
      320
    ],
    "1007.0817": [
      372
    ],
    "1007.1326": [
      449
    ],
    "1007.3551": [
      81
    ],
    "1007.4088": [
      50
    ],
    "1007.4132": [
      84
    ],
    "1007.4149": [
      91
    ],
    "1007.4209": [
      6071
    ],
    "1008.0440": [
      4880
    ],
    "1008.0771": [
      10077
    ],
    "1008.4386": [
      1227
    ],
    "1008.4692": [
      1436
    ],
    "1008.4716": [
      1142
    ],
    "1009.0885": [
      3638
    ],
    "1009.0990": [
      394
    ],
    "1009.1411": [
      2739
    ],
    "1712.08751v1": [
      290
    ],
    "1901.09596v1": [
      450
    ],
    "1902.00243v2": [
      83
    ],
    "1909.03806v1": [
      3822,
      3889
    ],
    "1912.02856v1": [
      966
    ],
    "2003.10326v4": [
      2228
    ],
    "2008.09456v1": [
      536
    ],
    "2009.09254v2": [
      220
    ],
    "2010.10302v1": [
      1173
    ],
    "2011.10437v1": [
      4028
    ],
    "2012.10420v1": [
      2441
    ],
    "2103.07063v2": [
      229
    ],
    "2106.05612v1": [
      1333
    ],
    "2107.10600v1": [
      113,
      2594
    ],
    "2109.11232v1": [
      2242
    ],
    "2110.02681v1": [
      194
    ],
    "2111.09261v1": [
      579
    ],
    "2112.09918v1": [
      2172
    ],
    "2204.03524v4": [
      4091
    ],
    "2207.12292v1": [
      1085
    ],
    "2208.09059v1": [
      700
    ],
    "2210.10736v1": [
      386
    ],
    "2211.04887v1": [
      9637
    ],
    "2301.00903v1": [
      152,
      933,
      2260
    ],
    "2303.00843v2": [
      2741,
      2798
    ],
    "2304.05103v1": [
      6890,
      11871
    ],
    "2305.06914v1": [
      298
    ],
    "2306.06537v1": [
      2349
    ],
    "2307.02210v3": [
      59
    ],
    "2308.05479v1": [
      225,
      3072
    ],
    "2309.06407v1": [
      485
    ],
    "2312.08669v2": [
      1632
    ],
    "2404.00105v1": [
      8372
    ],
    "2408.10354v1": [
      2064
    ],
    "2409.03090v2": [
      145
    ],
    "2412.08404v1": [
      118
    ],
    "2501.00255v1": [
      792
    ],
    "2502.02469v1": [
      130,
      240,
      440,
      838,
      1584
    ],
    "2502.07666v2": [
      228
    ],
    "2504.19711v1": [
      1199
    ],
    "2507.02174v1": [
      5189
    ],
    "2509.12608v2": [
      67
    ],
    "2510.18742v1": [
      451
    ],
    "2511.01679v1": [
      1225,
      1290
    ],
    "2511.07546v1": [
      3267
    ],
    "2511.08891v1": [
      4129
    ]
  },
  "25640": {
    "0704.0646": [
      5730,
      5733
    ],
    "0705.1475": [
      85
    ],
    "0705.4562": [
      207,
      2351
    ],
    "0706.1966": [
      239
    ],
    "0706.4400": [
      2096
    ],
    "1007.2080": [
      175
    ],
    "1007.3117": [
      90,
      93
    ],
    "1007.4566": [
      2402,
      2405
    ]
  },
  "30773": {
    "0704.0646": [
      5870
    ],
    "0706.4400": [
      1615
    ],
    "1007.2080": [
      7,
      61,
      172,
      1389
    ]
  },
  "18921": {
    "0704.0766": [
      1263
    ],
    "0704.2014": [
      1736
    ],
    "0704.3643": [
      3621
    ],
    "0705.2097": [
      128
    ],
    "0706.0640": [
      6039
    ],
    "0706.1572": [
      1894,
      1927
    ],
    "0706.1966": [
      238
    ],
    "0707.1904": [
      1262
    ],
    "0901.1853": [
      173,
      181,
      224,
      871,
      879,
      945,
      2600,
      2623
    ],
    "0902.2422": [
      3067
    ],
    "0902.2501": [
      25
    ],
    "1007.2593": [
      80,
      456,
      638,
      767,
      1595,
      1625,
      2379,
      3294,
      3401,
      3842,
      3961
    ],
    "1007.3650": [
      610
    ],
    "1008.2122": [
      377,
      425
    ]
  },
  "19285": {
    "0704.0857": [
      1641
    ],
    "0704.3574": [
      3710
    ],
    "0705.2818": [
      395
    ],
    "0706.1160": [
      1471
    ],
    "0707.0143": [
      279
    ],
    "0707.3398": [
      1445
    ],
    "0901.1042": [
      1671
    ],
    "1007.3207": [
      815
    ],
    "1007.4973": [
      45
    ],
    "1008.2864": [
      155
    ],
    "1009.0650": [
      83
    ],
    "1009.0688": [
      4032
    ],
    "1703.07411v2": [
      315
    ],
    "1912.02856v1": [
      108,
      209,
      419,
      1499,
      1522
    ],
    "2002.09837v1": [
      400
    ],
    "2012.10420v1": [
      252
    ],
    "2101.00830v2": [
      722
    ],
    "2101.06279v2": [
      582
    ],
    "2201.02377v1": [
      2350
    ],
    "2208.11637v1": [
      4670
    ],
    "2210.10736v1": [
      114,
      1372
    ],
    "2305.06914v1": [
      2028
    ],
    "2310.12134v1": [
      252
    ],
    "2402.16916v1": [
      557
    ],
    "2510.25336v1": [
      455,
      3140
    ]
  },
  "7193": {
    "0704.2841": [
      179
    ],
    "0704.3144": [
      3283
    ],
    "0705.0122": [
      98
    ],
    "0705.1514": [
      3861
    ],
    "0705.1905": [
      3,
      247
    ],
    "0706.1212": [
      966
    ],
    "0706.3910": [
      2649
    ],
    "0706.4453": [
      2789
    ],
    "0707.1118": [
      1019
    ],
    "0707.4518": [
      1067
    ],
    "0708.0123": [
      5356
    ],
    "0901.1503": [
      3,
      20,
      57,
      92,
      231,
      586,
      1017,
      1031
    ],
    "0901.2832": [
      3547
    ],
    "0902.0966": [
      155,
      1685
    ],
    "0902.0990": [
      531
    ],
    "0902.1926": [
      148
    ],
    "1007.1164": [
      174,
      1142
    ],
    "1007.2119": [
      1180
    ],
    "1007.2530": [
      1653
    ],
    "1007.2839": [
      2723,
      2773,
      2968,
      3305,
      3380,
      3688
    ],
    "1007.3476": [
      1192,
      3619
    ],
    "1007.3786": [
      1570
    ],
    "1007.4068": [
      5366
    ],
    "1007.5341": [
      659
    ],
    "1007.5517": [
      353
    ],
    "1008.0793": [
      928
    ],
    "1008.3515": [
      689
    ],
    "1008.3705": [
      812
    ],
    "1008.4096": [
      2308
    ],
    "1008.4416": [
      1327
    ],
    "1008.4990": [
      24,
      112,
      1137
    ],
    "1009.0055": [
      403
    ],
    "1009.1138": [
      2731,
      5207,
      5378
    ],
    "1703.07377v1": [
      773
    ],
    "1704.07256v1": [
      308
    ],
    "1706.04905v1": [
      1399,
      1644,
      1745
    ],
    "1706.05443v1": [
      1367
    ],
    "1707.06916v4": [
      511
    ],
    "1707.09190v4": [
      1694
    ],
    "1709.08017v4": [
      1313
    ],
    "1710.04966v1": [
      757,
      880
    ],
    "1710.10977v2": [
      1427,
      2129
    ],
    "1711.01145v1": [
      538
    ],
    "1711.02664v1": [
      106,
      148,
      1012,
      1473,
      1866,
      2125,
      2129,
      2444,
      2861
    ],
    "1711.08262v2": [
      5503,
      5532
    ],
    "1803.05370v3": [
      1415,
      11299
    ],
    "1806.07030v1": [
      3995
    ],
    "1806.10601v1": [
      151,
      833
    ],