{
  "13124": {
    "0704.1209": [
      27
    ],
    "0704.1620": [
      24
    ],
    "0705.4026": [
      66,
      90,
      106,
      131,
      170,
      483,
      498,
      1166,
      1888,
      2019,
      2072,
      2128,
      2159,
      2270,
      2283,
      2604,
      2620,
      2636
    ],
    "0705.4302": [
      1976
    ],
    "0706.0011": [
      4970
    ],
    "0706.1492": [
      1936,
      3386
    ],
    "0706.1762": [
      325,
      982,
      1035,
      1043,
      1067,
      1102,
      1126,
      1157,
      1180,
      1209,
      1256,
      1523,
      1604,
      2197,
      2211,
      2223,
      2232,
      2238,
      2251,
      2255,
      2268,
      2275,
      2291,
      2395,
      2408
    ],
    "0707.3203": [
      4273
    ],
    "0707.3674": [
      96
    ],
    "0812.4148": [
      89
    ],
    "0812.4938": [
      3148
    ],
    "0901.4541": [
      31
    ],
    "0902.1709": [
      16
    ],
    "0902.1747": [
      1198
    ],
    "0902.2707": [
      22
    ],
    "0902.2717": [
      37
    ],
    "0902.2781": [
      1899,
      1928,
      3293,
      3889,
      4213
    ],
    "1007.1063": [
      43
    ],
    "1007.1096": [
      68
    ],
    "1007.1777": [
      457
    ],
    "1007.2549": [
      460
    ],
    "1007.2605": [
      22
    ],
    "1007.2634": [
      20
    ],
    "1008.2872": [
      25
    ],
    "1712.07103v1": [
      398,
      430,
      437,
      445,
      522,
      539,
      554,
      690
    ],
    "2110.02681v1": [
      1127,
      2099,
      4215,
      4275,
      4327
    ],
    "2303.01138v1": [
      2597,
      2643
    ],
    "2407.18262v2": [
      2501,
      2518
    ],
    "2411.09234v1": [
      2271,
      2294,
      3245,
      3752
    ],
    "2411.10460v1": [
      2507,
      2531,
      3340,
      3794
    ],
    "2508.20438v1": [
      740
    ],
    "2509.10901v1": [
      3579,
      3590,
      3603
    ]
  },
  "39871": {
    "0705.4026": [
      1234,
      1252
    ]
  }
}