{
  "32328": {
    "1008.2211": [
      1347
    ],
    "1912.02856v1": [
      3687
    ],
    "2112.04526v1": [
      4642
    ],
    "2410.04595v1": [
      7993
    ],
    "2510.14355v1": [
      5910
    ]
  }
}