{
  "13837": {
    "0704.0148": [
      4580
    ],
    "0704.1294": [
      701
    ],
    "0704.2416": [
      341
    ],
    "0704.2736": [
      906
    ],
    "0704.3063": [
      1217
    ],
    "0704.3271": [
      1665
    ],
    "0705.1278": [
      328
    ],
    "0705.1330": [
      3893
    ],
    "0705.2952": [
      7526
    ],
    "0705.3194": [
      5935
    ],
    "0705.3198": [
      1313
    ],
    "0705.3377": [
      6745
    ],
    "0705.3466": [
      558
    ],
    "0705.3591": [
      3481
    ],
    "0705.4392": [
      2882
    ],
    "0706.1436": [
      1154
    ],
    "0706.3075": [
      4262
    ],
    "0706.3903": [
      1226
    ],
    "0706.4428": [
      5639
    ],
    "0707.0857": [
      1817
    ],
    "0707.1194": [
      371
    ],
    "0707.2550": [
      465
    ],
    "0707.2836": [
      447
    ],
    "0707.3478": [
      257
    ],
    "0707.4133": [
      2310
    ],
    "0707.4538": [
      244
    ],
    "0707.4597": [
      519
    ],
    "0707.4660": [
      129
    ],
    "0812.4946": [
      2980
    ],
    "0901.0512": [
      154351
    ],
    "0901.0955": [
      297
    ],
    "0901.1265": [
      1023
    ],
    "0901.1366": [
      1606
    ],
    "0901.2166": [
      5145
    ],
    "0901.2191": [
      1858
    ],
    "0901.3026": [
      1008
    ],
    "0901.3113": [
      1387
    ],
    "0901.3426": [
      392
    ],
    "0901.3529": [
      622
    ],
    "0901.4304": [
      42
    ],
    "0901.4669": [
      338
    ],
    "0901.4799": [
      388
    ],
    "0902.0603": [
      1149
    ],
    "0902.0620": [
      2812
    ],
    "1007.0839": [
      267
    ],
    "1007.0940": [
      2154
    ],
    "1007.1558": [
      316
    ],
    "1007.2792": [
      332
    ],
    "1007.4943": [
      235
    ],
    "1008.0053": [
      236
    ],
    "1008.0058": [
      922
    ],
    "1008.3543": [
      972
    ],
    "1009.0669": [
      458
    ],
    "1009.1211": [
      759
    ],
    "1703.07411v2": [
      1567
    ],
    "1901.02286v1": [
      1602
    ],
    "1904.05363v3": [
      14263
    ],
    "2011.13424v1": [
      85
    ],
    "2102.08300v3": [
      2271
    ],
    "2210.06165v1": [
      252
    ],
    "2210.08364v2": [
      71
    ],
    "2211.09493v2": [
      410
    ],
    "2303.09502v2": [
      815
    ],
    "2306.01078v1": [
      1510
    ],
    "2309.15852v1": [
      515
    ],
    "2310.19617v1": [
      323
    ],
    "2311.03720v1": [
      1919,
      2553,
      2779,
      2819,
      3731,
      3748,
      4301,
      4427,
      5298,
      5438
    ],
    "2401.04212v1": [
      158
    ],
    "2401.16924v1": [
      64
    ],
    "2407.09457v1": [
      370
    ],
    "2409.06737v2": [
      2415
    ],
    "2502.02469v1": [
      3103
    ],
    "2507.16101v2": [
      23,
      239
    ],
    "2508.06892v1": [
      288
    ],
    "2511.04821v2": [
      235
    ]
  },
  "36220": {
    "0704.3119": [
      848
    ],
    "0705.2183": [
      237
    ],
    "0707.1189": [
      1606
    ]
  },
  "24479": {
    "0704.3647": [
      2813
    ],
    "0705.0421": [
      1263
    ],
    "0705.2960": [
      200
    ],
    "0705.3889": [
      2606
    ],
    "0706.0487": [
      805
    ],
    "0707.0590": [
      1085
    ],
    "0707.1506": [
      821
    ],
    "0708.0024": [
      1142
    ],
    "0901.1853": [
      1220
    ],
    "1007.1688": [
      671
    ],
    "1007.1826": [
      122
    ],
    "1007.4243": [
      658
    ],
    "1008.2361": [
      1238
    ],
    "2210.16693v2": [
      1730
    ]
  },
  "46346": {
    "2511.07554v1": [
      3287
    ]
  }
}