{
  "52115": {
    "0704.3489": [
      6328
    ],
    "0704.3943": [
      18880
    ],
    "0705.0650": [
      46
    ],
    "0705.2895": [
      1597,
      1614
    ],
    "0705.3123": [
      22,
      83,
      263,
      322,
      409,
      421,
      429,
      516,
      551,
      606,
      612,
      882,
      1013,
      1508,
      1623,
      1738,
      1819,
      1886,
      1940,
      2071,
      2093,
      2176,
      2268,
      2291,
      2316,
      2478,
      2566,
      2582,
      2626,
      2802,
      2816,
      2849,
      2972,
      2982,
      3135
    ],
    "0705.3639": [
      6895
    ],
    "0706.1939": [
      4302,
      4628
    ],
    "0706.2628": [
      1034
    ],
    "0706.3150": [
      64
    ],
    "0707.0697": [
      223
    ],
    "0707.0960": [
      2830
    ],
    "0707.4109": [
      1425
    ],
    "0707.4250": [
      927
    ],
    "0708.0274": [
      1757
    ],
    "0812.4188": [
      3039
    ],
    "0812.4629": [
      142,
      458,
      572,
      610,
      729,
      733,
      743
    ],
    "0902.0113": [
      1521,
      1536
    ],
    "1007.0811": [
      1269
    ],
    "1007.1065": [
      3635
    ],
    "1007.1988": [
      8200
    ],
    "1007.4812": [
      6002
    ],
    "1806.07030v1": [
      5343
    ],
    "1808.05885v1": [
      10880
    ],
    "2209.12251v1": [
      3631
    ],
    "2301.01281v1": [
      3666,
      3689
    ],
    "2505.09180v1": [
      3298
    ],
    "2508.19127v1": [
      4821
    ],
    "2509.15126v1": [
      4860
    ],
    "2510.20899v1": [
      1099,
      2178,
      3013,
      3613,
      4618,
      5637,
      6101,
      6256,
      6575,
      7295,
      7742
    ],
    "2511.12807v1": [
      1288
    ]
  }
}