{
  "38951": {
    "2007.00896v1": [
      1072
    ],
    "2412.02055v1": [
      3623
    ]
  }
}