{
  "13102": {
    "0704.0192": [
      1871
    ],
    "0704.1976": [
      3171
    ],
    "0704.3087": [
      1414
    ],
    "0704.3213": [
      7119,
      7279
    ],
    "0705.3638": [
      377,
      583
    ],
    "0706.0412": [
      1359
    ],
    "0706.4147": [
      721
    ],
    "0707.1719": [
      2375,
      4517
    ],
    "0708.0056": [
      2842
    ],
    "0812.4181": [
      638,
      785
    ],
    "0812.4892": [
      14
    ],
    "0901.0061": [
      4125
    ],
    "0901.1095": [
      257,
      492,
      888,
      1768,
      1955,
      2042,
      2053,
      2075,
      2099,
      2156,
      2232,
      2855,
      2919,
      2977,
      2987,
      3040,
      3047,
      3079,
      3106,
      3129,
      3252,
      3264,
      3266,
      3308,
      3334,
      3484
    ],
    "0901.1906": [
      25
    ],
    "0901.4534": [
      1629
    ],
    "0902.1065": [
      10,
      176,
      536,
      721,
      967,
      1148,
      1352
    ],
    "0902.1610": [
      1435
    ],
    "1007.0957": [
      15
    ],
    "1007.1054": [
      6185
    ],
    "1007.1266": [
      135
    ],
    "1007.3637": [
      1685
    ],
    "1007.3855": [
      9,
      220,
      690,
      1033,
      1309,
      1565,
      1752,
      2073,
      2357,
      2594,
      2766,
      2998,
      3260,
      3642
    ],
    "1007.5088": [
      1231,
      3820,
      3852,
      3859,
      3867,
      3880,
      3888,
      3903,
      3934,
      3945
    ],
    "1008.1724": [
      3468
    ],
    "1008.2083": [
      3261
    ],
    "1008.3640": [
      234
    ],
    "1008.3895": [
      26
    ],
    "1008.5015": [
      232
    ],
    "2508.03964v1": [
      2252,
      2605
    ],
    "2509.07298v1": [
      2807
    ],
    "2510.23732v2": [
      6978,
      6979,
      6980,
      6989,
      6990,
      6991,
      6992,
      6993,
      7133
    ],
    "2510.24655v1": [
      1846
    ],
    "2511.10785v1": [
      17872
    ]
  },
  "51503": {
    "0704.1333": [
      321
    ],
    "0704.1800": [
      28970
    ],
    "0705.0581": [
      3546
    ],
    "0705.0603": [
      2197,
      5810
    ],
    "0705.0737": [
      4476,
      4485,
      17666,
      17702,
      17734,
      17742
    ],
    "0705.1226": [
      3100,
      3257
    ],
    "0705.1614": [
      278
    ],
    "0705.1713": [
      2394
    ],
    "0705.1963": [
      917
    ],
    "0705.2319": [
      712
    ],
    "0705.4495": [
      1620
    ],
    "0706.1068": [
      3633
    ],
    "0706.3541": [
      1860
    ],
    "0706.3854": [
      1407
    ],
    "0707.0758": [
      726
    ],
    "0707.2148": [
      744,
      3988
    ],
    "0707.2970": [
      4230
    ],
    "0707.4482": [
      1143
    ],
    "0812.4317": [
      3327
    ],
    "0901.0636": [
      3115
    ],
    "0901.2208": [
      11791
    ],
    "0901.2943": [
      799,
      852
    ],
    "0901.3473": [
      12912
    ],
    "0901.4784": [
      1974
    ],
    "0902.0043": [
      2588
    ],
    "0902.0574": [
      3239
    ],
    "0902.1904": [
      418
    ],
    "0902.2234": [
      2395
    ],
    "0902.2908": [
      2946
    ],
    "1007.4007": [
      218
    ],
    "1008.1971": [
      6622,
      6794,
      7723,
      7782
    ],
    "1008.2218": [
      1286
    ],
    "1008.2575": [
      511
    ],
    "1008.3999": [
      6088
    ],
    "1008.4850": [
      82,
      450,
      665,
      4041
    ],
    "1009.0647": [
      964,
      986
    ],
    "1009.1413": [
      2824,
      3219,
      3291,
      3301,
      3303
    ],
    "1703.06754v2": [
      3655
    ],
    "1704.03419v1": [
      133
    ],
    "1904.01929v1": [
      2931
    ],
    "2107.03437v1": [
      5546
    ],
    "2311.04376v2": [
      10027
    ],
    "2405.01856v2": [
      2564
    ],
    "2510.27619v1": [
      6484,
      6636
    ],
    "2511.03457v1": [
      2864,
      5759,
      6172
    ]
  },
  "42984": {
    "0704.1530": [
      33
    ],
    "0901.0512": [
      2331
    ],
    "0901.1170": [
      21,
      28
    ],
    "1007.1988": [
      6851
    ],
    "1007.4525": [
      13,
      27
    ],
    "1007.5423": [
      13171
    ],
    "1008.0609": [
      29,
      43
    ],
    "1008.2461": [
      3833
    ],
    "1008.4384": [
      18
    ],
    "1807.04513v1": [
      32
    ]
  },
  "38113": {
    "0704.1830": [
      1635
    ],
    "0706.2258": [
      6986
    ],
    "0902.0784": [
      2734,
      3115
    ]
  },
  "25353": {
    "0704.1893": [
      965
    ],
    "0704.2623": [
      73
    ],
    "0705.1098": [
      361
    ],
    "0705.2077": [
      4514
    ],
    "0706.0269": [
      4733
    ],
    "0706.1486": [
      3234
    ],
    "0706.2693": [
      803
    ],
    "0706.3309": [
      10303
    ],
    "0706.4381": [
      991
    ],
    "0707.3341": [
      1433
    ],
    "0707.3522": [
      189
    ],
    "0707.3949": [
      71
    ],
    "0812.4779": [
      420
    ],
    "0812.5110": [
      2867
    ],
    "0901.0549": [
      14974,
      17285
    ],
    "0901.0636": [
      4438,
      12003
    ],
    "0901.4136": [
      879
    ],
    "0902.2193": [
      551
    ],
    "0902.2908": [
      2806
    ],
    "1007.3452": [
      494
    ],
    "1007.4348": [
      1448
    ],
    "1007.4643": [
      1705
    ],
    "1008.0074": [
      217
    ],
    "1008.5347": [
      23
    ],
    "1009.0351": [
      73
    ],
    "1806.00226v1": [
      358,
      413,
      495
    ],
    "1810.10536v1": [
      312,
      1861
    ],
    "1903.05428v1": [
      1747
    ],
    "1904.01929v1": [
      2948
    ],
    "1912.08153v1": [
      2019
    ],
    "2005.12621v1": [
      1576
    ],
    "2007.14711v1": [
      3457
    ],
    "2012.01152v2": [
      3409
    ],
    "2202.07927v1": [
      2712
    ],
    "2209.10104v1": [
      3286
    ],
    "2308.11926v1": [
      11010
    ],
    "2310.14460v2": [
      712,
      1138,
      1196,
      1205,
      1219,
      1232,
      1238,
      1266,
      1953,
      1956,
      1975,
      2096,
      2188,
      2198
    ],
    "2505.09180v1": [
      971
    ],
    "2508.18363v1": [
      2139
    ],
    "2508.20681v1": [
      4263
    ],
    "2511.14539v1": [
      2401
    ]
  },
  "19203": {
    "0704.2058": [
      3876
    ],
    "0704.2919": [
      119,
      2751
    ],
    "0704.3471": [
      3967
    ],
    "0705.0598": [
      1187
    ],
    "0705.0604": [
      980
    ],
    "0705.0607": [
      1075
    ],
    "0705.1027": [
      5,
      190,
      718,
      1017,
      1410,
      1800,
      2160,
      2512,
      2629,
      2949,
      3153,
      3442,
      3792
    ],
    "0705.2441": [
      5926
    ],
    "0705.2507": [
      1666
    ],
    "0706.0242": [
      2275
    ],
    "0706.0564": [
      2677
    ],
    "0706.0838": [
      1443
    ],
    "0706.1539": [
      2496
    ],
    "0706.1623": [
      3514
    ],
    "0706.4444": [
      1688
    ],
    "0707.0845": [
      4252
    ],
    "0707.1460": [
      5765
    ],
    "0707.2019": [
      3408
    ],
    "0708.0214": [
      3608,
      3650,
      3658
    ],
    "0708.0258": [
      3564
    ],
    "0812.5046": [
      1932
    ],
    "0901.0035": [
      3641
    ],
    "0901.0784": [
      1509
    ],
    "0901.2702": [
      13,
      143
    ],
    "0901.3317": [
      1276
    ],
    "0901.4939": [
      726
    ],
    "0902.1007": [
      4066
    ],
    "0902.1557": [
      2611
    ],
    "0902.2016": [
      1648,
      1680,
      1960
    ],
    "0902.2406": [
      10195,
      10711,
      11187,
      11293
    ],
    "1007.1314": [
      335,
      9972
    ],
    "1007.2439": [
      4306
    ],
    "1007.2548": [
      1045
    ],
    "1007.3702": [
      2023
    ],
    "1007.4986": [
      3011
    ],
    "1008.1291": [
      2487
    ],
    "1008.1836": [
      594,
      3281
    ],