{
  "51533": {
    "0704.1349": [
      3623
    ],
    "0704.3265": [
      175
    ],
    "0704.3320": [
      565
    ],
    "0705.1163": [
      174,
      175,
      212
    ],
    "0705.1297": [
      3260
    ],
    "0705.3581": [
      4757,
      4784
    ],
    "0705.4589": [
      1308,
      1317,
      1325,
      1329
    ],
    "0705.4635": [
      1489
    ],
    "0706.0150": [
      2217,
      2358
    ],
    "0706.3818": [
      2721
    ],
    "0707.1528": [
      712,
      726,
      729
    ],
    "0707.3157": [
      545,
      553,
      655,
      663,
      709,
      729,
      768,
      866,
      952,
      968,
      978
    ],
    "0707.3356": [
      5047,
      5262
    ],
    "0707.3641": [
      735
    ],
    "0707.4212": [
      89,
      510,
      514,
      1248,
      1264,
      1277,
      1285,
      1353,
      1560,
      1585,
      1595,
      1604,
      1620,
      1634,
      1654,
      1679,
      1683,
      1710,
      1715,
      1730,
      1741,
      1789,
      1812,
      1861,
      1866,
      1879,
      1889,
      1922,
      1939,
      1962,
      1974,
      1982,
      1995,
      2007,
      2016,
      2059,
      2076,
      2087,
      2130,
      2167,
      2174,
      2200,
      2234,
      2333,
      2401,
      2427,
      2447,
      2493
    ],
    "0901.0924": [
      3372,
      5617,
      5626,
      5728
    ],
    "0901.1108": [
      2004,
      2150
    ],
    "0901.2392": [
      2003,
      2009
    ],
    "0901.2559": [
      3554
    ],
    "0901.2560": [
      1217
    ],
    "0901.2816": [
      582
    ],
    "0901.3586": [
      6095
    ],
    "0901.3875": [
      381
    ],
    "0902.1540": [
      3954
    ],
    "0902.2758": [
      2966
    ],
    "0902.3078": [
      3623
    ],
    "1007.2372": [
      391,
      478,
      537,
      734
    ],
    "1007.2606": [
      4183
    ],
    "1007.4397": [
      1580,
      1629,
      1884
    ],
    "1007.4542": [
      1118
    ],
    "1007.5467": [
      225,
      289
    ],
    "1008.0123": [
      383
    ],
    "1008.0141": [
      1476
    ],
    "1008.2246": [
      394
    ],
    "1703.06192v1": [
      2443
    ],
    "1806.09604v2": [
      2525
    ],
    "2304.04266v1": [
      724
    ],
    "2510.21076v1": [
      1658,
      3019,
      3021
    ],
    "2510.23220v1": [
      2311,
      2324,
      2421,
      2481,
      2646,
      2689,
      2823,
      3682,
      3960
    ]
  }
}