{
  "26027": {
    "0704.0322": [
      3467,
      3481
    ],
    "0704.2621": [
      1355
    ],
    "0704.3808": [
      1933
    ],
    "0705.4485": [
      4836
    ],
    "0706.0294": [
      2901
    ],
    "0706.1204": [
      1208
    ],
    "0706.1468": [
      1312
    ],
    "0706.2040": [
      1852
    ],
    "0706.3913": [
      902
    ],
    "0707.0018": [
      1849
    ],
    "0901.3640": [
      204
    ],
    "0902.2587": [
      9,
      192,
      497,
      692,
      835,
      1077,
      1227,
      1467
    ],
    "0902.3147": [
      3690
    ],
    "1007.2271": [
      12310
    ],
    "1007.3947": [
      1974
    ],
    "1008.0705": [
      2447
    ],
    "1008.2991": [
      1929
    ],
    "1008.4776": [
      3610
    ],
    "2108.00520v1": [
      2577
    ],
    "2206.01877v1": [
      5015
    ],
    "2305.16015v1": [
      5560
    ],
    "2509.08525v1": [
      5772
    ]
  },
  "18534": {
    "0704.2782": [
      1927
    ],
    "0704.3941": [
      1547
    ],
    "0705.0155": [
      2072
    ],
    "0705.1730": [
      39633
    ],
    "0705.2083": [
      529,
      938
    ],
    "0705.2269": [
      4802
    ],
    "0705.3198": [
      4281
    ],
    "0706.1062": [
      3617
    ],
    "0706.3074": [
      273
    ],
    "0707.0080": [
      1301
    ],
    "0707.0854": [
      5463,
      5468
    ],
    "0707.1347": [
      5066
    ],
    "0707.1711": [
      1231
    ],
    "0707.4498": [
      600
    ],
    "0708.0238": [
      1907
    ],
    "0901.2846": [
      1525
    ],
    "0901.3564": [
      3416
    ],
    "0901.4104": [
      2241
    ],
    "0902.0328": [
      358
    ],
    "0902.0775": [
      3759
    ],
    "1008.1371": [
      2886
    ],
    "1008.1524": [
      1230
    ],
    "1008.3143": [
      2819
    ],
    "1009.0669": [
      622
    ],
    "1706.10129v1": [
      524
    ],
    "1708.06364v1": [
      2891
    ],
    "1910.07932v1": [
      429
    ],
    "2106.15491v1": [
      318
    ],
    "2207.12292v1": [
      5281
    ],
    "2305.12124v1": [
      1928
    ],
    "2405.04127v2": [
      978
    ],
    "2509.04127v1": [
      4151
    ],
    "2509.14539v1": [
      5621
    ]
  }
}