{
  "53606": {
    "0705.0647": [
      3338,
      3339,
      3354,
      3378
    ],
    "0706.0619": [
      898,
      937,
      3758
    ],
    "0706.2227": [
      250,
      506,
      583,
      1002
    ],
    "0707.3278": [
      712
    ],
    "0707.3483": [
      4444,
      4549,
      4601,
      4606,
      4623,
      4656,
      4685,
      4692,
      4760,
      4918,
      4923,
      5007
    ],
    "0902.1023": [
      406,
      421,
      448,
      455,
      529
    ],
    "1007.0923": [
      329
    ],
    "1007.2153": [
      2997
    ],
    "1008.4662": [
      174
    ],
    "1009.1147": [
      3470,
      3554
    ],
    "2403.06187v1": [
      3205,
      3211,
      3277,
      3301,
      5860,
      5884
    ],
    "2509.20289v1": [
      1571,
      1575,
      3401,
      3411,
      4568,
      4681
    ]
  }
}