{
  "15152": {
    "0704.1169": [
      1354
    ],
    "0705.0857": [
      6144,
      6150
    ],
    "0705.1730": [
      15001,
      43799
    ],
    "0705.2881": [
      1343
    ],
    "0705.3195": [
      2109
    ],
    "0706.0440": [
      4724
    ],
    "0706.1935": [
      724,
      1096
    ],
    "0706.2897": [
      2451
    ],
    "0707.1276": [
      4315
    ],
    "0707.2234": [
      3692
    ],
    "0812.4331": [
      1371
    ],
    "0901.1448": [
      2961
    ],
    "0901.1805": [
      1529
    ],
    "0901.1970": [
      2579,
      3715
    ],
    "0901.3229": [
      4204,
      4213,
      4591
    ],
    "0901.3621": [
      232,
      1528,
      1531,
      2461
    ],
    "0902.2167": [
      3490
    ],
    "1007.0792": [
      3577
    ],
    "1007.0848": [
      3350
    ],
    "1007.4059": [
      436
    ],
    "1007.5420": [
      1497
    ],
    "1008.0353": [
      1938
    ],
    "1008.0836": [
      1704
    ],
    "1008.1163": [
      2518
    ],
    "1008.1457": [
      2025,
      2115
    ],
    "1008.1752": [
      9410
    ],
    "1008.2176": [
      2741,
      2909
    ],
    "1008.2798": [
      4249
    ],
    "1008.2876": [
      1532
    ],
    "1008.2922": [
      6966,
      6986
    ],
    "1008.3882": [
      4064
    ],
    "1008.3933": [
      10737
    ],
    "1008.3960": [
      1362
    ],
    "1008.3976": [
      127,
      785,
      798
    ],
    "1008.4595": [
      1621,
      1689
    ],
    "1008.4704": [
      2732,
      3382
    ],
    "1009.1290": [
      1940
    ],
    "2106.08945v1": [
      2328,
      2630,
      2691,
      3541,
      5677
    ],
    "2201.00244v1": [
      6061
    ],
    "2406.15365v1": [
      3957
    ],
    "2507.12495v1": [
      5493
    ],
    "2509.10883v1": [
      101336
    ],
    "2510.17032v1": [
      3600
    ],
    "2511.04644v1": [
      2168
    ],
    "2511.04781v1": [
      6750
    ]
  },
  "35687": {
    "0705.2346": [
      1162,
      1708,
      1741
    ],
    "0708.0187": [
      3676
    ]
  }
}