{
  "33637": {
    "0901.1495": [
      940
    ],
    "0902.0406": [
      2028
    ],
    "2511.00253v1": [
      146121
    ],
    "2511.02871v1": [
      11614
    ]
  }
}