{
  "52587": {
    "0704.2935": [
      324
    ],
    "0704.3695": [
      282
    ],
    "0704.3855": [
      701
    ],
    "0705.2412": [
      3849,
      4092
    ],
    "0705.4512": [
      10441
    ],
    "0706.1635": [
      3386,
      3401,
      3429,
      3441,
      3448
    ],
    "0707.2564": [
      2156,
      2179
    ],
    "0707.3510": [
      1163,
      1708
    ],
    "0901.1005": [
      90,
      138,
      260,
      543,
      651,
      658,
      843,
      911,
      1113,
      1385,
      1417,
      1470,
      1552,
      1667,
      1714,
      1759,
      1840,
      1875,
      1938,
      1962,
      2008,
      2140,
      2220,
      2262,
      2315,
      3221,
      3328,
      3374
    ],
    "0901.1136": [
      3007
    ],
    "0901.1391": [
      2448
    ],
    "0901.1473": [
      8197
    ],
    "0901.3780": [
      3183,
      3219
    ],
    "0901.4136": [
      2534
    ],
    "0902.0948": [
      5583
    ],
    "0902.1129": [
      1688
    ],
    "0902.1184": [
      781
    ],
    "1007.1704": [
      1744
    ],
    "1007.2243": [
      2908
    ],
    "1007.3456": [
      653
    ],
    "1008.0428": [
      1402
    ],
    "1008.0668": [
      2032
    ],
    "1008.1776": [
      14920
    ],
    "1008.3434": [
      25482
    ],
    "1008.3540": [
      1044
    ],
    "1008.4588": [
      4088
    ],
    "1009.0076": [
      1503
    ],
    "1009.0081": [
      2735
    ],
    "1009.0192": [
      1521
    ],
    "2211.03868v1": [
      4253,
      6055,
      6144,
      6154
    ],
    "2304.01553v1": [
      3454
    ],
    "2310.04212v1": [
      5933
    ],
    "2405.04647v1": [
      5445
    ],
    "2411.12706v1": [
      4738
    ],
    "2509.11694v1": [
      1742,
      3358,
      4686,
      6093
    ]
  },
  "47247": {
    "0705.2312": [
      1624
    ],
    "0901.1650": [
      89,
      759,
      805
    ],
    "0901.2895": [
      1478,
      1542
    ],
    "0902.2584": [
      1434
    ],
    "1007.3505": [
      4996
    ],
    "1008.3695": [
      201,
      2228
    ],
    "1008.3933": [
      11175
    ],
    "1009.0723": [
      5270
    ]
  }
}