{
  "51841": {
    "0705.0825": [
      702
    ],
    "0705.1342": [
      1503,
      1507
    ],
    "0705.2070": [
      1257
    ],
    "0706.1290": [
      3674
    ],
    "0706.3981": [
      1264
    ],
    "0707.0154": [
      1462,
      1474,
      1481,
      1495
    ],
    "0707.4214": [
      1817,
      1837,
      1840
    ],
    "0812.4017": [
      450,
      482
    ],
    "0901.0015": [
      1824,
      1826,
      1829
    ],
    "0901.2083": [
      1265
    ],
    "0901.2504": [
      8050,
      11344
    ],
    "0901.2899": [
      1942,
      1971
    ],
    "0902.0467": [
      846
    ],
    "0902.2518": [
      1492,
      1525
    ],
    "1007.2263": [
      1156
    ],
    "1008.1149": [
      4566,
      4715,
      4739
    ],
    "1008.1745": [
      1757,
      1777,
      1781,
      2124,
      2135
    ],
    "1008.1961": [
      270,
      710,
      715
    ],
    "1008.2282": [
      727
    ],
    "1008.2528": [
      2283
    ],
    "1008.4020": [
      1572
    ],
    "1009.0249": [
      3175,
      3209
    ],
    "2104.00515v1": [
      824
    ],
    "2106.10416v1": [
      1885
    ],
    "2110.03886v1": [
      2448
    ],
    "2307.03795v2": [
      1072
    ],
    "2505.08983v1": [
      1318,
      1319
    ],
    "2505.15527v1": [
      3257
    ],
    "2510.26220v1": [
      2813
    ]
  }
}