{
  "24541": {
    "0704.0660": [
      2650
    ],
    "0704.1676": [
      3227
    ],
    "0704.3316": [
      2380
    ],
    "0705.0695": [
      2854,
      2923
    ],
    "0705.1380": [
      1212
    ],
    "0705.2420": [
      1455
    ],
    "0705.2631": [
      1963
    ],
    "0705.3166": [
      1703
    ],
    "0706.0522": [
      1391
    ],
    "0706.4150": [
      1592
    ],
    "0707.3038": [
      2995,
      3099
    ],
    "0707.3224": [
      3462
    ],
    "0812.4046": [
      1538
    ],
    "0901.0832": [
      1503,
      2502
    ],
    "0901.2687": [
      12,
      2427,
      2572
    ],
    "0901.3432": [
      1290
    ],
    "0902.2092": [
      1352
    ],
    "0902.2866": [
      2467
    ],
    "1008.4411": [
      1510
    ],
    "2306.05967v1": [
      4408
    ]
  },
  "32261": {
    "0707.4628": [
      928,
      936,
      961
    ],
    "0902.0110": [
      10891
    ],
    "2511.08270v1": [
      4008
    ]
  }
}