{
  "14581": {
    "0704.1217": [
      1730
    ],
    "0704.1885": [
      5986
    ],
    "0704.2240": [
      3054
    ],
    "0704.2549": [
      2739
    ],
    "0705.0701": [
      3087,
      3095
    ],
    "0705.1206": [
      5159,
      5175,
      5444,
      5463,
      5501,
      5517,
      5530,
      5547
    ],
    "0705.2570": [
      3272
    ],
    "0705.2804": [
      3389,
      3529
    ],
    "0705.2808": [
      2494,
      2625,
      2659
    ],
    "0706.2077": [
      1823
    ],
    "0706.2745": [
      71,
      1501
    ],
    "0706.3857": [
      1398,
      1403,
      1471
    ],
    "0706.4029": [
      239,
      241,
      244,
      247
    ],
    "0707.2428": [
      5453,
      5502
    ],
    "0707.2978": [
      840,
      3289,
      3302
    ],
    "0707.3234": [
      441
    ],
    "0901.0066": [
      620,
      994
    ],
    "0901.3667": [
      4712,
      4852
    ],
    "0902.1526": [
      2054
    ],
    "0902.1536": [
      2243
    ],
    "0902.1579": [
      1953
    ],
    "0902.2177": [
      2095
    ],
    "0902.2199": [
      3262,
      3541,
      3563,
      3619
    ],
    "0902.2265": [
      267,
      974,
      1232,
      2149,
      2151,
      2166,
      2198,
      2247,
      2264,
      2273
    ],
    "1007.2810": [
      1838,
      1996
    ],
    "1008.0600": [
      4963,
      4966
    ],
    "1008.1210": [
      1339
    ],
    "1009.0334": [
      3206
    ],
    "1009.0635": [
      1496
    ],
    "2107.03437v1": [
      4794
    ],
    "2112.04526v1": [
      4455,
      4473
    ],
    "2210.03397v3": [
      2331
    ],
    "2509.15527v1": [
      5265
    ],
    "2510.18959v1": [
      12474
    ],
    "2511.11541v1": [
      4553,
      4582
    ]
  },
  "22692": {
    "0704.1438": [
      2491,
      2517
    ],
    "0704.3013": [
      2800
    ],
    "0705.0008": [
      3803
    ],
    "0705.2059": [
      1733
    ],
    "0705.3043": [
      4857
    ],
    "0705.3517": [
      1555
    ],
    "0706.0667": [
      1946
    ],
    "0706.3049": [
      2157
    ],
    "0707.4270": [
      5948
    ],
    "0812.4216": [
      1560
    ],
    "0901.0080": [
      1584
    ],
    "0901.0471": [
      1680
    ],
    "0902.1067": [
      4491
    ],
    "0902.3147": [
      4257
    ],
    "1007.1762": [
      3585
    ],
    "1007.4330": [
      4342
    ],
    "1008.4286": [
      4260
    ]
  }
}