{
  "20294": {
    "0704.1374": [
      4125,
      7936
    ],
    "0704.2781": [
      2759
    ],
    "0704.3675": [
      4336,
      4849
    ],
    "0704.3831": [
      3435
    ],
    "0705.0769": [
      296,
      339,
      408,
      1100,
      1154,
      1595,
      2284,
      2335,
      3074,
      3188,
      3194,
      3198
    ],
    "0705.1686": [
      2798,
      2800
    ],
    "0705.3649": [
      4460
    ],
    "0705.4091": [
      2518
    ],
    "0706.3715": [
      3421
    ],
    "0707.0132": [
      3512,
      3521
    ],
    "0707.1403": [
      3291
    ],
    "0812.4517": [
      1679
    ],
    "0812.4628": [
      3381
    ],
    "0901.1089": [
      6624
    ],
    "0901.1660": [
      266,
      2265
    ],
    "0901.3447": [
      3442
    ],
    "0901.4325": [
      4186,
      4513,
      5205,
      5243
    ],
    "0902.0978": [
      5254,
      8638
    ],
    "0902.1525": [
      2921
    ],
    "1007.1465": [
      3168
    ],
    "1007.2647": [
      10172
    ],
    "1007.4060": [
      1504
    ],
    "1007.4991": [
      2481
    ],
    "1008.1720": [
      2933
    ],
    "1008.5369": [
      7203,
      7205
    ],
    "1009.0157": [
      1857
    ],
    "2106.03398v5": [
      2633
    ],
    "2112.04543v1": [
      7495
    ],
    "2205.07542v1": [
      5294
    ],
    "2504.04439v1": [
      2185
    ],
    "2508.16855v1": [
      6934,
      6959,
      6986
    ],
    "2509.12898v1": [
      4720,
      4932
    ],
    "2509.17424v1": [
      5728
    ],
    "2509.18421v1": [
      12582
    ],
    "2510.11802v1": [
      3666
    ],
    "2510.15832v1": [
      6330
    ],
    "2510.27591v1": [
      5879
    ],
    "2511.01595v1": [
      5182
    ],
    "2511.08311v1": [
      4264
    ],
    "2511.11358v1": [
      10473
    ],
    "2511.15347v1": [
      6506
    ]
  },
  "26652": {
    "0705.4378": [
      312,
      930,
      979,
      1012,
      1025,
      1034,
      1052,
      1224,
      1281
    ],
    "0706.0999": [
      1950
    ],
    "1009.0729": [
      569
    ]
  }
}