{
  "52876": {
    "0704.1926": [
      4313,
      4316
    ],
    "0704.2811": [
      759,
      787,
      820,
      832,
      1117
    ],
    "0704.3931": [
      4486
    ],
    "0704.3983": [
      937
    ],
    "0705.1067": [
      2132
    ],
    "0705.3934": [
      739
    ],
    "0706.1311": [
      4859,
      5249,
      5272
    ],
    "0706.2576": [
      2025
    ],
    "0707.4542": [
      2032,
      2036,
      2220
    ],
    "0901.2561": [
      1043
    ],
    "0901.3424": [
      305
    ],
    "0902.0101": [
      1896
    ],
    "0902.0160": [
      1853,
      2272
    ],
    "1007.3255": [
      886,
      911,
      912,
      924,
      925
    ],
    "1007.4732": [
      429
    ],
    "1008.0419": [
      2914
    ],
    "1008.0882": [
      1212,
      1298,
      1306
    ],
    "1008.0900": [
      1077
    ],
    "1008.1843": [
      401
    ],
    "1008.2159": [
      1171,
      6066
    ],
    "1008.2814": [
      3147,
      3154,
      3172,
      3663,
      3699,
      3734
    ],
    "1008.3890": [
      880,
      881
    ],
    "1009.0182": [
      593
    ],
    "2212.01390v1": [
      1247
    ],
    "2401.17519v1": [
      3504
    ],
    "2407.09996v1": [
      1747
    ],
    "2501.07222v2": [
      2579,
      2623,
      2624,
      4542,
      4551,
      4568,
      4569
    ]
  }
}