{
  "53458": {
    "0704.1874": [
      36,
      622,
      627
    ],
    "0705.1911": [
      1766
    ],
    "0705.2085": [
      621
    ],
    "0705.2810": [
      1114
    ],
    "0706.0574": [
      1936
    ],
    "0706.1565": [
      1623
    ],
    "0706.2163": [
      263
    ],
    "0707.1161": [
      6490
    ],
    "0707.2457": [
      38,
      183,
      253,
      262,
      287,
      605,
      633,
      681,
      748,
      840,
      864,
      1024,
      1077,
      1156,
      1173,
      1199
    ],
    "0707.3015": [
      27,
      178,
      196,
      354,
      697,
      762
    ],
    "0707.3693": [
      439,
      480
    ],
    "0901.0910": [
      2402,
      2633,
      2647,
      2687,
      2694
    ],
    "0901.1183": [
      1404,
      1410
    ],
    "0901.1358": [
      2371,
      2377,
      2382,
      2433,
      3380,
      3389,
      3391,
      3426,
      3428,
      3494,
      3785,
      4169,
      5734,
      8475,
      8480,
      8538
    ],
    "0901.3303": [
      3506,
      3521
    ],
    "1007.0868": [
      1653
    ],
    "1007.1241": [
      990
    ],
    "1007.1419": [
      1872
    ],
    "1007.3528": [
      4286,
      4305,
      4306,
      4739,
      4747,
      4802,
      4936
    ],
    "1007.4377": [
      2910,
      4186
    ],
    "1007.4948": [
      4016
    ],
    "1008.1816": [
      576
    ],
    "1008.2348": [
      1673
    ],
    "1008.2369": [
      1699,
      1720,
      17845,
      17866
    ],
    "1008.2643": [
      138,
      264,
      574,
      632,
      634,
      800,
      808,
      921,
      928,
      1054,
      1200,
      1208,
      1276,
      1299
    ],
    "1008.4384": [
      1779,
      1798
    ],
    "1009.1202": [
      1654
    ],
    "1708.07322v1": [
      1719,
      1729,
      2261
    ],
    "1708.08617v1": [
      278,
      299,
      3644
    ],
    "1709.01259v1": [
      217,
      3285
    ],
    "1710.07414v1": [
      3651,
      3756
    ],
    "1711.08134v1": [
      807,
      1333,
      2223
    ],
    "1802.04078v1": [
      993
    ],
    "1803.00302v2": [
      38
    ],
    "1803.03853v1": [
      804,
      1216,
      7655
    ],
    "1811.02392v1": [
      274
    ],
    "1811.02992v1": [
      1202
    ],
    "1812.08878v1": [
      5372
    ],
    "1904.09577v1": [
      102,
      2807
    ],
    "1905.09600v1": [
      4380
    ],
    "1908.05497v1": [
      6368
    ],
    "2003.04013v1": [
      3950
    ],
    "2005.05192v1": [
      293
    ],
    "2006.07747v2": [
      5763,
      6723,
      6793,
      6804,
      12165,
      12229,
      12240,
      12247
    ],
    "2006.14721v1": [
      224,
      671,
      3246,
      3313
    ],
    "2008.02910v2": [
      225,
      4033,
      4200
    ],
    "2012.13324v1": [
      7582
    ],
    "2101.10691v1": [
      1253
    ],
    "2103.03347v2": [
      207,
      6123
    ],
    "2103.03957v2": [
      2824
    ],
    "2106.12721v1": [
      91
    ],
    "2106.15843v1": [
      2091,
      4293
    ],
    "2107.03437v1": [
      1406,
      1890
    ],
    "2107.11532v1": [
      4153
    ],
    "2203.02218v3": [
      292,
      2427
    ],
    "2206.01907v1": [
      2448
    ],
    "2206.01915v2": [
      4383
    ],
    "2206.01917v1": [
      403,
      764,
      794,
      875,
      1521,
      1529,
      1553,
      1564,
      1674,
      1733,
      1745,
      4147
    ],
    "2208.06211v1": [
      1356,
      1365
    ],
    "2209.00708v1": [
      2888,
      2902
    ],
    "2209.07700v1": [
      2396
    ],
    "2209.14545v1": [
      30936
    ],
    "2211.03586v2": [
      1421
    ],
    "2211.09738v1": [
      987,
      1003,
      2959
    ],
    "2302.06138v1": [
      154,
      817
    ],
    "2304.05103v1": [
      10838
    ],
    "2305.05381v2": [
      2576
    ],
    "2307.05687v1": [
      3052,
      3070
    ],
    "2308.09496v1": [
      50
    ],
    "2312.04387v1": [
      225,
      288,
      4803
    ],
    "2401.16932v1": [
      197
    ],
    "2404.02603v1": [
      1277
    ],
    "2405.14204v1": [
      648,
      684
    ],
    "2406.00962v2": [
      3567,
      3605
    ],
    "2406.05848v2": [
      3070
    ],
    "2407.04748v1": [
      1172,
      1181
    ],
    "2409.07758v1": [
      13,
      113,
      250,
      264,
      330,
      348,
      2525,
      2561,
      2740
    ],
    "2410.10386v1": [
      272,
      1823,
      2958,
      3404
    ],
    "2502.01811v1": [
      2552
    ],
    "2504.06056v2": [
      5560
    ],
    "2506.08665v1": [
      2053
    ],
    "2507.05684v1": [
      2185
    ],
    "2507.08823v1": [
      3208,
      3227
    ],
    "2507.11755v2": [
      3891
    ],
    "2508.00386v1": [
      2799,
      2804
    ],
    "2508.00661v1": [
      1682,
      1691
    ],
    "2510.26594v1": [
      4069
    ]
  }
}