{
  "21198": {
    "0704.0350": [
      923
    ],
    "0704.0535": [
      649
    ],
    "0704.1218": [
      4273
    ],
    "0704.1313": [
      1799
    ],
    "0704.3424": [
      6590
    ],
    "0705.0032": [
      2572,
      4514,
      6863
    ],
    "0705.1044": [
      2957
    ],
    "0705.1339": [
      656
    ],
    "0705.1730": [
      26350
    ],
    "0705.3107": [
      2489
    ],
    "0705.3113": [
      4389
    ],
    "0705.3868": [
      2605
    ],
    "0706.0132": [
      1454
    ],
    "0706.1535": [
      2543
    ],
    "0706.2055": [
      1615
    ],
    "0706.2789": [
      381
    ],
    "0706.3391": [
      4872
    ],
    "0706.4444": [
      584
    ],
    "0707.0214": [
      3401
    ],
    "0707.0971": [
      919
    ],
    "0707.3645": [
      5136
    ],
    "0708.0015": [
      1444
    ],
    "0708.0195": [
      2462
    ],
    "0812.4838": [
      4403
    ],
    "0812.4877": [
      1772
    ],
    "0901.0482": [
      2283
    ],
    "0901.2443": [
      947
    ],
    "0901.3353": [
      665
    ],
    "0901.3534": [
      24
    ],
    "0901.3631": [
      3504
    ],
    "0901.4211": [
      2062
    ],
    "0901.4411": [
      479
    ],
    "0901.4511": [
      342,
      707
    ],
    "1007.1541": [
      323,
      18384
    ],
    "1007.1632": [
      106
    ],
    "1007.1931": [
      3033
    ],
    "1007.2152": [
      2612
    ],
    "1007.2582": [
      1695,
      1762
    ],
    "1007.2689": [
      481
    ],
    "1007.3485": [
      1023
    ],
    "1007.3519": [
      11684
    ],
    "1007.4212": [
      3918
    ],
    "1007.5137": [
      2316
    ],
    "1007.5234": [
      836
    ],
    "1008.0634": [
      948
    ],
    "1008.1695": [
      507
    ],
    "1008.2237": [
      1678
    ],
    "1008.4915": [
      4879
    ],
    "1008.5273": [
      281,
      644,
      2092
    ],
    "1009.0833": [
      1315
    ],
    "1902.10122v1": [
      31
    ],
    "2001.11026v1": [
      895,
      3979
    ],
    "2012.05772v1": [
      2112
    ],
    "2110.07559v16": [
      1606,
      10757,
      15899,
      18052,
      34460
    ]
  },
  "30994": {
    "0705.3430": [
      214
    ],
    "0901.1392": [
      21
    ],
    "1705.02238v1": [
      5026,
      5686,
      5693
    ],
    "2404.07740v2": [
      1073
    ]
  }
}