{
  "12317": {
    "0704.0132": [
      1411
    ],
    "0704.0403": [
      4592
    ],
    "0704.0906": [
      2889,
      2898
    ],
    "0704.1038": [
      2497
    ],
    "0705.3248": [
      1451
    ],
    "0705.3496": [
      519,
      2562,
      4517,
      4530
    ],
    "0705.3557": [
      5861,
      5977,
      5997
    ],
    "0706.0434": [
      1889
    ],
    "0706.0911": [
      1356
    ],
    "0706.1288": [
      3266
    ],
    "0706.2669": [
      717
    ],
    "0706.3004": [
      1149
    ],
    "0706.3852": [
      2859
    ],
    "0707.2111": [
      1336
    ],
    "0707.3062": [
      339
    ],
    "0707.3282": [
      1255
    ],
    "0707.4638": [
      2054
    ],
    "0812.4905": [
      8424
    ],
    "0901.2289": [
      10
    ],
    "0901.2867": [
      2648
    ],
    "0901.3092": [
      7522,
      7876,
      7921,
      7935
    ],
    "0901.3520": [
      1398
    ],
    "0901.3684": [
      3504
    ],
    "0901.4572": [
      1797
    ],
    "0901.4793": [
      429
    ],
    "0901.4807": [
      1483
    ],
    "0902.2428": [
      2175,
      2195
    ],
    "0902.2457": [
      1224,
      1320,
      1332
    ],
    "0902.2653": [
      1776
    ],
    "0902.3014": [
      1606,
      13558
    ],
    "1007.1010": [
      1472
    ],
    "1007.2145": [
      1846
    ],
    "1007.4184": [
      16277
    ],
    "1008.0912": [
      4276
    ],
    "1008.1368": [
      12955
    ],
    "1008.1430": [
      1948
    ],
    "1008.1438": [
      10734
    ],
    "1008.2341": [
      1980,
      2201
    ],
    "1008.2975": [
      1204
    ],
    "1008.3354": [
      1543
    ],
    "1008.3820": [
      1301
    ],
    "1008.3826": [
      3980
    ],
    "1008.4340": [
      4666
    ],
    "1009.0131": [
      2266
    ],
    "1009.0181": [
      1496,
      1578
    ],
    "1009.0207": [
      2024,
      2104
    ],
    "1009.0324": [
      2106
    ],
    "1009.0814": [
      382,
      4137
    ],
    "1009.1155": [
      4434
    ],
    "2404.11210v1": [
      4499
    ],
    "2501.00433v1": [
      3280
    ],
    "2508.00612v1": [
      3852
    ],
    "2508.09370v1": [
      6827
    ],
    "2508.14188v1": [
      6934
    ],
    "2508.18752v1": [
      1145
    ],
    "2508.21805v1": [
      4416
    ],
    "2509.04560v1": [
      4064
    ],
    "2509.05406v1": [
      1721
    ],
    "2509.10883v1": [
      85311,
      86887,
      88336,
      89082,
      89097,
      91080,
      92721,
      97087,
      97105,
      97310,
      101521,
      108589,
      108869,
      111231
    ],
    "2509.12114v1": [
      4351
    ],
    "2509.13171v1": [
      3506
    ],
    "2509.14308v1": [
      3285
    ],
    "2509.15334v2": [
      5414
    ],
    "2509.19175v1": [
      4715
    ],
    "2509.24487v1": [
      4048,
      4470,
      4935
    ],
    "2509.24876v1": [
      4243
    ],
    "2510.01747v1": [
      2268
    ],
    "2510.07747v1": [
      4258
    ],
    "2510.12212v1": [
      2669
    ],
    "2510.14524v1": [
      7560
    ],
    "2510.14733v1": [
      4825
    ],
    "2510.17547v1": [
      4560
    ],
    "2510.19810v1": [
      4626
    ],
    "2511.00253v1": [
      40171
    ],
    "2511.00591v1": [
      3675
    ],
    "2511.00668v1": [
      2619
    ],
    "2511.01586v1": [
      8976
    ],
    "2511.02068v1": [
      6215
    ],
    "2511.05248v1": [
      44462
    ],
    "2511.05660v1": [
      10799
    ],
    "2511.07043v1": [
      2984
    ],
    "2511.07393v1": [
      3429
    ],
    "2511.07494v1": [
      16328,
      16993
    ],
    "2511.09733v1": [
      5472
    ],
    "2511.11432v1": [
      2093
    ],
    "2511.12696v1": [
      3889
    ]
  },
  "46480": {
    "0704.1130": [
      180
    ],
    "0902.1671": [
      2602
    ],
    "2511.11314v1": [
      658,
      3382
    ]
  },
  "39777": {
    "0704.1274": [
      9608,
      9653
    ]
  },
  "18093": {
    "0704.2894": [
      168
    ],
    "0704.3734": [
      1620
    ],
    "0705.3238": [
      215
    ],
    "0705.4596": [
      1737
    ],
    "0706.0288": [
      8749
    ],
    "0706.3034": [
      173
    ],
    "0707.1924": [
      1563
    ],
    "0707.2765": [
      1435
    ],
    "0901.1569": [
      1333
    ],
    "0901.2052": [
      5496,
      5516
    ],
    "0901.2586": [
      1796
    ],
    "0901.3316": [
      690,
      1856,
      5388,
      5398
    ],
    "0901.3971": [
      785,
      923,
      1035,
      3300,
      3315
    ],
    "0902.0481": [
      328,
      1819,
      2367
    ],
    "0902.1053": [
      1868,
      1878
    ],
    "0902.1501": [
      1448
    ],
    "0902.2531": [
      4140
    ],
    "0902.2532": [
      4932
    ],
    "1007.1653": [
      1268
    ],
    "1007.4694": [
      632,
      1888,
      1903
    ],
    "1008.3841": [
      1144
    ],
    "1009.0934": [
      11023
    ],
    "2201.10052v1": [
      3710
    ],
    "2410.02138v1": [
      5666
    ],
    "2509.20407v1": [
      2684
    ]
  }
}