{
  "22023": {
    "0704.1334": [
      1927
    ],
    "0704.2699": [
      2223
    ],
    "0705.1724": [
      29
    ],
    "0705.2632": [
      9676
    ],
    "0705.3952": [
      13
    ],
    "0706.0004": [
      4033
    ],
    "0706.1589": [
      12
    ],
    "0706.2899": [
      1553
    ],
    "0706.2901": [
      1532
    ],
    "0706.3305": [
      1996
    ],
    "0707.0972": [
      1676
    ],
    "0707.1227": [
      7
    ],
    "0707.1666": [
      14
    ],
    "0707.1672": [
      1710
    ],
    "0707.2637": [
      11
    ],
    "0707.4008": [
      28
    ],
    "0707.4289": [
      1976
    ],
    "0812.4011": [
      13
    ],
    "0812.4236": [
      3924
    ],
    "0812.4454": [
      2031,
      3156
    ],
    "0902.3068": [
      2751
    ],
    "1007.1265": [
      2360
    ],
    "1007.2018": [
      28
    ],
    "1007.2133": [
      269
    ],
    "1007.5005": [
      2087
    ],
    "1007.5480": [
      9
    ],
    "1008.0323": [
      1590
    ],
    "1008.0488": [
      12
    ],
    "1008.2502": [
      39
    ],
    "1008.2862": [
      1345
    ],
    "1009.1140": [
      5391
    ],
    "1009.1294": [
      2095
    ],
    "2406.01318v1": [
      2929
    ],
    "2509.15527v1": [
      6186
    ],
    "2511.02985v1": [
      73,
      78
    ]
  }
}