{
  "39669": {
    "0707.0762": [
      6,
      25
    ],
    "1007.2296": [
      850
    ],
    "1007.3349": [
      23,
      766
    ],
    "1008.2452": [
      8
    ],
    "1008.3468": [
      7121
    ],
    "1906.10452v1": [
      30
    ],
    "2102.11990v1": [
      1969
    ],
    "2203.02332v1": [
      4337
    ],
    "2401.17942v3": [
      2608
    ],
    "2510.02600v1": [
      6343
    ]
  }
}