{
  "34887": {
    "2205.14117v1": [
      4319
    ],
    "2511.14543v1": [
      3821,
      4307,
      4611
    ]
  }
}