{
  "18769": {
    "0704.3774": [
      303
    ],
    "0705.0203": [
      2583
    ],
    "0705.0408": [
      106
    ],
    "0705.0417": [
      597
    ],
    "0705.0770": [
      107
    ],
    "0705.1386": [
      251
    ],
    "0705.3176": [
      804
    ],
    "0705.3196": [
      108
    ],
    "0705.3377": [
      441
    ],
    "0705.4423": [
      520
    ],
    "0706.1940": [
      957
    ],
    "0706.3167": [
      412
    ],
    "0707.2003": [
      134
    ],
    "0707.3291": [
      1540
    ],
    "0812.4999": [
      70
    ],
    "0901.0899": [
      109
    ],
    "0901.4463": [
      145
    ],
    "0902.1137": [
      221
    ],
    "0902.2343": [
      363
    ],
    "0902.2973": [
      813
    ],
    "1007.4437": [
      147
    ],
    "1007.4667": [
      240
    ],
    "1008.2227": [
      93
    ],
    "1008.2305": [
      776,
      1070
    ],
    "1008.4618": [
      211
    ],
    "1009.0733": [
      61
    ],
    "1009.0927": [
      1499
    ],
    "2303.03046v3": [
      2767
    ],
    "2511.05248v1": [
      1789,
      18629
    ],
    "2511.14635v1": [
      223,
      5323
    ],
    "2511.14809v1": [
      320
    ]
  }
}