{
  "52336": {
    "0704.1866": [
      2255,
      2272,
      2282,
      2303,
      2315,
      2371,
      2391,
      2403
    ],
    "0704.1957": [
      1692
    ],
    "0704.3401": [
      810
    ],
    "0704.3417": [
      470,
      3214
    ],
    "0706.3923": [
      2445
    ],
    "1007.1431": [
      1151
    ],
    "1007.1680": [
      817
    ],
    "1007.3572": [
      2011
    ],
    "1007.5302": [
      2719
    ],
    "1007.5514": [
      4243
    ],
    "1008.3718": [
      4296
    ],
    "1008.4104": [
      1795
    ],
    "1009.0772": [
      3333,
      3378,
      3433,
      3488
    ],
    "2002.07931v1": [
      1249
    ],
    "2209.04358v4": [
      1236
    ]
  }
}