{
  "53050": {
    "0704.0174": [
      216
    ],
    "0704.0306": [
      2519,
      2533,
      2561,
      2578
    ],
    "0704.1614": [
      3672
    ],
    "0704.2608": [
      7181
    ],
    "0705.0611": [
      370
    ],
    "0705.1032": [
      2684
    ],
    "0705.1730": [
      35067,
      36274
    ],
    "0705.1740": [
      5336,
      5690
    ],
    "0705.2953": [
      2903
    ],
    "0705.3398": [
      1594
    ],
    "0705.4512": [
      1094,
      3822
    ],
    "0706.0366": [
      2606
    ],
    "0706.0406": [
      6
    ],
    "0706.2266": [
      318
    ],
    "0706.3751": [
      12716
    ],
    "0707.1063": [
      665
    ],
    "0707.1809": [
      2564,
      2572,
      2823
    ],
    "0707.1811": [
      170
    ],
    "0707.2725": [
      5814
    ],
    "0707.4390": [
      4627
    ],
    "0708.0171": [
      4629
    ],
    "0812.4747": [
      1671
    ],
    "0812.4852": [
      1151
    ],
    "0901.3330": [
      439
    ],
    "0901.3806": [
      1632
    ],
    "0901.4950": [
      79
    ],
    "0902.0375": [
      4485
    ],
    "0902.0487": [
      1980,
      2037
    ],
    "0902.2367": [
      2414
    ],
    "1007.0790": [
      2819
    ],
    "1007.2007": [
      2756
    ],
    "1007.2777": [
      689
    ],
    "1007.3018": [
      3919,
      3928,
      3945
    ],
    "1007.4192": [
      964
    ],
    "1007.4580": [
      841
    ],
    "1008.1229": [
      3799
    ],
    "1008.1459": [
      255
    ],
    "1008.1867": [
      208
    ],
    "1008.2107": [
      6277
    ],
    "1008.3116": [
      1169
    ],
    "1008.3342": [
      3505
    ],
    "1008.3588": [
      1827
    ],
    "1008.4356": [
      1784
    ],
    "1008.4501": [
      1670
    ],
    "1009.0843": [
      11522
    ],
    "1009.1211": [
      4269
    ],
    "1708.06505v3": [
      1998
    ],
    "2110.07559v16": [
      31933
    ],
    "2508.05155v1": [
      1773
    ],
    "2509.24954v1": [
      2456
    ]
  },
  "16864": {
    "0704.0563": [
      138
    ],
    "0704.1885": [
      5691
    ],
    "0704.3350": [
      195
    ],
    "0704.3365": [
      667
    ],
    "0704.3776": [
      164
    ],
    "0705.0201": [
      3748
    ],
    "0705.1460": [
      553
    ],
    "0705.1845": [
      7093
    ],
    "0706.0540": [
      2383
    ],
    "0706.0760": [
      3066
    ],
    "0707.0548": [
      481,
      489,
      1271,
      1616
    ],
    "0707.0641": [
      155
    ],
    "0707.0643": [
      730,
      822,
      1188
    ],
    "0707.0652": [
      555,
      1094
    ],
    "0707.0854": [
      1492,
      3835,
      3849
    ],
    "0707.4028": [
      3409
    ],
    "0901.2878": [
      757
    ],
    "0901.3769": [
      1872
    ],
    "0902.2239": [
      794,
      978,
      1012,
      1055,
      1081,
      1086,
      2571,
      2577,
      5086,
      5147,
      5157
    ],
    "0902.2763": [
      1120
    ],
    "1007.1559": [
      1953
    ],
    "1007.2848": [
      4739
    ],
    "1007.3029": [
      1178
    ],
    "1007.4124": [
      1892
    ],
    "1007.4471": [
      1987
    ],
    "1007.5235": [
      1231
    ],
    "1008.1482": [
      568
    ],
    "1008.2415": [
      786
    ],
    "1008.3422": [
      724
    ],
    "2506.12305v1": [
      336
    ]
  },
  "48996": {
    "0704.1040": [
      5803
    ],
    "2112.02153v2": [
      6833
    ]
  },
  "11151": {
    "0704.1563": [
      1909
    ],
    "0704.1811": [
      850
    ],
    "0704.2004": [
      2710
    ],
    "0704.3350": [
      151
    ],
    "0704.3365": [
      57,
      412
    ],
    "0704.3776": [
      84
    ],
    "0705.0337": [
      2092
    ],
    "0705.0838": [
      1021
    ],
    "0705.0843": [
      113,
      1321
    ],
    "0705.0851": [
      932
    ],
    "0705.1845": [
      6984,
      7404
    ],
    "0706.0219": [
      4331
    ],
    "0706.0406": [
      24,
      244,
      318,
      324,
      432,
      655
    ],
    "0706.0540": [
      404
    ],
    "0706.0874": [
      514
    ],
    "0706.0880": [
      1596
    ],
    "0706.1629": [
      968
    ],
    "0706.3947": [
      2913
    ],
    "0706.3949": [
      1521
    ],
    "0706.4295": [
      459,
      3411
    ],
    "0706.4408": [
      37
    ],
    "0707.0548": [
      1041,
      1043,
      1639,
      1855
    ],
    "0707.0641": [
      1712
    ],
    "0707.0643": [
      1219
    ],
    "0707.0652": [
      1124,
      1181
    ],
    "0707.0854": [
      214,
      411,
      486,
      640,
      685,
      711,
      1220,
      3781,
      3907,
      4320
    ],
    "0707.3382": [
      46
    ],
    "0707.3719": [
      145,
      776,
      852
    ],
    "0707.4028": [
      2044,
      2225,
      2509,
      2555,
      2585,
      3134
    ],
    "0707.4036": [
      1583,
      1673,
      2818
    ],
    "0707.4117": [
      225
    ],
    "0708.0209": [
      4677,
      4724,
      5359
    ],
    "0812.4500": [
      2223
    ],
    "0901.0180": [
      64
    ],
    "0901.4469": [
      6724
    ],
    "0901.4940": [
      4723
    ],
    "0902.0191": [
      2296
    ],
    "0902.1616": [
      645,
      4798
    ],
    "0902.1938": [
      1848
    ],
    "0902.2239": [
      2532,
      2568
    ],
    "0902.2828": [
      2655
    ],
    "0902.2938": [
      3208
    ],
    "0902.3174": [
      1609,
      2748
    ],
    "1007.3029": [
      449,
      1051,
      1094,
      1137,
      1156,
      4177
    ],
    "1007.3906": [
      1380,
      2014
    ],
    "1007.4120": [
      1247,
      1916
    ],
    "1007.5463": [
      1480
    ],
    "1008.0330": [
      606
    ],
    "1008.0455": [
      4492,
      4774,
      5213
    ],
    "1008.1482": [
      2870
    ],
    "1008.2415": [
      347,
      513,
      804
    ],
    "1008.2835": [
      1444
    ],
    "1008.3457": [
      2109
    ],
    "1008.4246": [
      1204
    ],
    "1801.01771v1": [
      505
    ],
    "1802.04154v1": [
      8584
    ],
    "1901.11121v2": [
      577,
      1013,
      1337
    ],
    "1902.03448v2": [
      26689
    ],
    "1906.07520v1": [
      1573
    ],
    "1908.00880v2": [
      7250
    ],
    "1910.11562v1": [
      1307
    ],
    "1912.07181v1": [
      517
    ],
    "2001.05081v1": [
      1769
    ],
    "2007.06976v2": [
      6195
    ],
    "2007.09476v2": [
      1632
    ],
    "2009.00120v1": [
      2714
    ],
    "2010.00699v3": [
      41954
    ],
    "2101.04156v2": [
      7451
    ],
    "2102.03376v1": [
      79,
      1660
    ],
    "2105.13390v1": [
      3401
    ],
    "2106.00784v1": [
      805
    ],
    "2106.15843v1": [
      2969
    ],
    "2109.03255v2": [
      5527
    ],
    "2111.05400v2": [
      1968
    ],
    "2201.08422v1": [
      382
    ],
    "2202.14029v1": [
      262,
      622,
      1572
    ],
    "2203.03171v2": [
      3167
    ],
    "2204.09611v3": [
      1296
    ],
    "2205.00374v1": [
      6482
    ],
    "2207.14115v1": [
      15210
    ],
    "2208.06211v1": [
      729
    ],
    "2209.05037v1": [
      4486
    ],
    "2212.03617v1": [
      3703
    ],
    "2301.05829v1": [
      319,
      2502,
      3654
    ],
    "2301.13202v1": [
      2156
    ],
    "2302.00634v1": [
      493
    ],
    "2311.15622v3": [
      2059
    ],
    "2312.08707v1": [
      1083
    ],
    "2401.17942v3": [
      256
    ],
    "2402.09250v1": [
      2853
    ],
    "2404.05557v3": [
      2140
    ],
    "2407.18262v2": [
      409
    ],
    "2407.20787v1": [
      14786
    ],
    "2412.04885v1": [
      3637
    ],
    "2505.04450v1": [
      5875
    ],
    "2505.09537v1": [
      2785
    ],
    "2506.12305v1": [
      314
    ],
    "2507.00887v4": [
      2213
    ],
    "2509.06103v1": [
      1363
    ],
    "2510.27149v2": [
      4577
    ],
    "2511.04850v1": [
      2782
    ],
    "2511.09543v1": [
      267
    ],
    "2511.14628v1": [
      364
    ]
  },