{
  "16017": {
    "0704.1757": [
      6405
    ],
    "0704.1868": [
      3132
    ],
    "0704.2481": [
      114,
      144
    ],
    "0704.2661": [
      2641
    ],
    "0704.3003": [
      2944
    ],
    "0704.3205": [
      228,
      300,
      18128
    ],
    "0704.3907": [
      24576
    ],
    "0704.3943": [
      558
    ],
    "0705.0708": [
      1770
    ],
    "0705.1484": [
      1269
    ],
    "0705.2508": [
      1787,
      2178,
      16721,
      16787,
      21364,
      22044,
      24841,
      25034,
      25843,
      25846,
      26829,
      30992,
      37679
    ],
    "0705.2715": [
      1429
    ],
    "0705.3850": [
      357,
      6573
    ],
    "0706.0236": [
      1187,
      3167,
      6621,
      6624,
      8847,
      9138,
      9438,
      14225
    ],
    "0706.1453": [
      2566
    ],
    "0706.1868": [
      16186
    ],
    "0706.3711": [
      3075
    ],
    "0706.3973": [
      1066,
      1359,
      1484,
      1618,
      1791,
      2421,
      2732,
      4462,
      5550,
      7267,
      8037,
      13163,
      13493
    ],
    "0707.0865": [
      2886
    ],
    "0707.1829": [
      3422
    ],
    "0707.2008": [
      3587
    ],
    "0812.5080": [
      3578
    ],
    "0901.1391": [
      2077,
      2636,
      4333,
      4336,
      7698,
      9675,
      9701
    ],
    "0902.0330": [
      2579
    ],
    "0902.1641": [
      2700
    ],
    "0902.2201": [
      53
    ],
    "0902.2818": [
      7,
      682,
      5103,
      8523,
      8847,
      9003,
      9028,
      9072,
      10105,
      16199,
      16266,
      16953,
      17065,
      17879,
      17904,
      18057
    ],
    "0902.2995": [
      7754,
      8055,
      9122
    ],
    "1007.2317": [
      1619,
      1620
    ],
    "1007.3018": [
      5608
    ],
    "1007.3525": [
      1552
    ],
    "1007.3978": [
      550,
      6834,
      7914
    ],
    "1008.1526": [
      4007
    ],
    "1008.1990": [
      896,
      1186,
      1243,
      1452
    ],
    "1008.2866": [
      3353
    ],
    "1008.3481": [
      1625
    ],
    "1008.4113": [
      5315
    ],
    "1008.4811": [
      2823
    ],
    "1009.0052": [
      665
    ],
    "1009.0099": [
      1449,
      1450
    ],
    "1009.1220": [
      3049
    ],
    "1802.04772v1": [
      3757
    ],
    "2004.07255v2": [
      3291
    ],
    "2105.05397v1": [
      3186
    ],
    "2105.12745v3": [
      8706
    ],
    "2110.08506v1": [
      4829
    ],
    "2112.02153v2": [
      13901
    ],
    "2206.10403v1": [
      11061
    ],
    "2208.13090v1": [
      3133
    ],
    "2305.17188v1": [
      12613
    ],
    "2309.17328v1": [
      3616
    ],
    "2401.09560v1": [
      4448
    ],
    "2406.05901v1": [
      19100
    ],
    "2410.19232v2": [
      4145,
      4219
    ],
    "2505.04450v1": [
      6599
    ],
    "2508.04762v1": [
      5052
    ],
    "2509.05401v1": [
      15664
    ],
    "2509.07104v1": [
      12753
    ],
    "2509.07354v1": [
      2380
    ],
    "2509.19046v1": [
      5716
    ],
    "2509.23959v1": [
      3277
    ],
    "2510.02436v1": [
      8673
    ],
    "2510.02437v1": [
      10833
    ],
    "2510.22061v1": [
      3698
    ],
    "2511.01972v1": [
      5949
    ],
    "2511.03011v1": [
      5270
    ],
    "2511.12807v1": [
      6521
    ],
    "2511.12824v1": [
      3226
    ]
  },
  "19159": {
    "0705.1522": [
      16763,
      18359
    ],
    "0705.2862": [
      2396,
      2410
    ],
    "0706.1680": [
      13,
      167,
      430,
      469,
      700,
      1002,
      1321,
      1625,
      1854,
      1923,
      2091,
      2240,
      2368,
      2379,
      2399,
      2418,
      2432,
      2452,
      2460,
      2491,
      2504,
      2510,
      2523,
      2553
    ],
    "0706.3626": [
      1816
    ],
    "0707.1501": [
      439,
      2948,
      6330
    ],
    "0812.3986": [
      4657
    ],
    "0812.4317": [
      505,
      3535
    ],
    "0812.4318": [
      3801
    ],
    "0901.2464": [
      1117,
      1174,
      1210,
      1551
    ],
    "1007.1738": [
      2410
    ],
    "1007.1869": [
      1867
    ],
    "1007.3562": [
      425
    ],
    "1008.0417": [
      6589
    ],
    "1008.1383": [
      182,
      3229,
      3237,
      3254
    ],
    "1008.4341": [
      1759,
      2478,
      2870
    ],
    "1009.0202": [
      80,
      1404,
      1432
    ],
    "1009.1349": [
      16,
      122,
      162,
      458,
      724,
      901,
      943,
      1241,
      1499,
      1754,
      2041,
      2063,
      2087,
      2097,
      2115,
      2169,
      2207,
      2327
    ]
  }
}