{
  "21986": {
    "0704.0229": [
      5944,
      9423
    ],
    "0705.2626": [
      3118
    ],
    "0705.2690": [
      2230
    ],
    "0705.3672": [
      1743
    ],
    "0705.4126": [
      15
    ],
    "0705.4130": [
      343
    ],
    "0705.4131": [
      1734
    ],
    "0705.4132": [
      19
    ],
    "0705.4137": [
      13
    ],
    "0706.0319": [
      1989
    ],
    "0706.2021": [
      6376
    ],
    "0706.3947": [
      877
    ],
    "0707.0097": [
      1603
    ],
    "0707.1647": [
      716,
      1242
    ],
    "0707.1818": [
      2669
    ],
    "0707.2668": [
      144
    ],
    "0707.3150": [
      11
    ],
    "0707.4142": [
      1880
    ],
    "0812.4673": [
      431,
      868,
      4453,
      4466
    ],
    "0901.0984": [
      74,
      167,
      698,
      2956,
      2969
    ],
    "0901.0986": [
      8
    ],
    "0901.1499": [
      1055
    ],
    "0901.1772": [
      5086
    ],
    "0901.1868": [
      2045,
      3731
    ],
    "0901.2084": [
      2744
    ],
    "0901.2873": [
      9,
      318
    ],
    "0901.2917": [
      3885
    ],
    "0901.4417": [
      1314,
      1474
    ],
    "0901.4515": [
      3747
    ],
    "0902.0377": [
      17027,
      17888,
      92061
    ],
    "0902.0439": [
      15
    ],
    "0902.0440": [
      3568
    ],
    "1007.0826": [
      1754
    ],
    "1007.2295": [
      338
    ],
    "1007.4805": [
      3051
    ],
    "1007.5033": [
      73
    ],
    "1008.3796": [
      1319
    ],
    "1008.4071": [
      1448,
      1500
    ],
    "1009.1278": [
      8,
      229
    ],
    "1009.1441": [
      154
    ],
    "1909.01814v1": [
      3018
    ],
    "2012.05772v1": [
      3820
    ],
    "2012.07407v2": [
      6368
    ],
    "2106.15912v2": [
      4976
    ],
    "2201.07844v1": [
      31
    ],
    "2211.03868v1": [
      1124
    ],
    "2211.10079v2": [
      2854
    ],
    "2211.13283v1": [
      6100
    ],
    "2303.16612v1": [
      5082
    ],
    "2304.13469v1": [
      3901
    ],
    "2312.12465v1": [
      68
    ],
    "2403.08141v2": [
      1683
    ],
    "2406.06299v1": [
      3694,
      4451
    ],
    "2407.01858v2": [
      4178
    ],
    "2507.13756v1": [
      2713,
      2818
    ],
    "2508.05579v1": [
      4276
    ],
    "2509.10883v1": [
      2021,
      65519
    ],
    "2510.16881v1": [
      7503
    ],
    "2511.14809v1": [
      59,
      4614
    ]
  },
  "19052": {
    "0704.0303": [
      848
    ],
    "0704.0666": [
      1734
    ],
    "0704.1532": [
      2712
    ],
    "0704.1727": [
      2969
    ],
    "0704.2054": [
      5540,
      13849
    ],
    "0704.2784": [
      12695
    ],
    "0704.3746": [
      14,
      25
    ],
    "0704.3835": [
      4275
    ],
    "0705.0462": [
      1338
    ],
    "0705.1527": [
      2437,
      2452,
      2464,
      2476,
      2490,
      2504
    ],
    "0705.1730": [
      20400
    ],
    "0705.1861": [
      15
    ],
    "0705.2059": [
      1819
    ],
    "0705.3789": [
      3023
    ],
    "0705.4169": [
      11
    ],
    "0706.0058": [
      213
    ],
    "0706.1399": [
      3388,
      3493
    ],
    "0706.1808": [
      17
    ],
    "0706.2031": [
      28
    ],
    "0706.3706": [
      8365
    ],
    "0707.0477": [
      606
    ],
    "0707.1432": [
      2935
    ],
    "0707.2087": [
      897
    ],
    "0707.2825": [
      818
    ],
    "0812.4815": [
      1850,
      1862
    ],
    "0901.0062": [
      4115
    ],
    "0901.0561": [
      1503
    ],
    "0901.1135": [
      6
    ],
    "0901.1611": [
      4177
    ],
    "0901.2069": [
      7,
      195
    ],
    "0901.3854": [
      606
    ],
    "0901.4742": [
      576
    ],
    "0902.2139": [
      8
    ],
    "0902.2171": [
      733
    ],
    "0902.2409": [
      12
    ],
    "0902.3192": [
      816
    ],
    "1007.0918": [
      3005
    ],
    "1007.2885": [
      5283
    ],
    "1007.3235": [
      1908
    ],
    "1007.4572": [
      217,
      2221,
      2228
    ],
    "1008.0639": [
      11
    ],
    "1008.1911": [
      9
    ],
    "1008.1980": [
      12
    ],
    "1008.2729": [
      2605
    ],
    "1008.3407": [
      3995,
      4004
    ],
    "1008.5112": [
      10,
      239
    ],
    "1009.0218": [
      4304
    ],
    "1703.07411v2": [
      3009
    ],
    "1803.09744v2": [
      4104
    ],
    "1810.07289v1": [
      21
    ],
    "1907.12673v1": [
      3508
    ],
    "2101.09130v1": [
      1993
    ],
    "2108.00520v1": [
      3013
    ],
    "2112.15234v3": [
      3776
    ],
    "2209.14545v1": [
      33195
    ],
    "2302.05588v1": [
      6128
    ],
    "2307.08186v1": [
      1449,
      4548,
      6453
    ],
    "2402.01544v1": [
      2806
    ],
    "2407.08834v1": [
      3115
    ],
    "2508.06727v2": [
      2687
    ],
    "2508.11077v2": [
      66
    ],
    "2508.11088v2": [
      71
    ],
    "2508.18382v1": [
      131
    ],
    "2509.20264v2": [
      6453
    ],
    "2509.22541v1": [
      111
    ],
    "2510.07573v1": [
      71
    ],
    "2511.00253v1": [
      2040,
      2828
    ],
    "2511.04346v1": [
      7958,
      8520
    ],
    "2511.14809v1": [
      251,
      508
    ]
  }
}