{
  "36270": {
    "0704.1509": [
      3592
    ],
    "0705.1401": [
      181
    ],
    "0705.1848": [
      3683
    ],
    "0901.0467": [
      2159
    ],
    "1007.2742": [
      2708,
      2717
    ],
    "1007.5472": [
      10477
    ],
    "1008.2302": [
      1281
    ],
    "1802.05942v1": [
      4984
    ],
    "1905.03559v1": [
      5810
    ],
    "1911.02880v1": [
      2380
    ],
    "2003.12728v1": [
      5338
    ],
    "2009.11174v1": [
      95,
      110,
      451,
      528,
      547,
      590,
      656,
      659,
      1271,
      1629,
      1633,
      1990
    ],
    "2111.15585v1": [
      260,
      287
    ],
    "2210.09072v1": [
      1076,
      1632,
      1665,
      1688,
      2082,
      2084,
      2094,
      2110,
      2411,
      2503,
      2804,
      3024,
      4565,
      7180,
      7199,
      7211,
      7213,
      7220,
      7317,
      7434,
      7597,
      7602,
      7623,
      7735,
      7741,
      7776,
      7778,
      7886,
      8042,
      8092,
      8152,
      8242,
      8382,
      9150,
      9194,
      9230,
      9391,
      9548,
      9696,
      9965,
      10125,
      10258,
      10465,
      10520,
      10630,
      10847,
      11036,
      11062,
      11091,
      11120,
      11259,
      11445,
      11500,
      11694,
      11698,
      11701,
      11710,
      11790,
      11891,
      11966,
      12038,
      12179,
      12280,
      12309,
      12407,
      12424,
      12447,
      12458,
      12466,
      12487,
      12498,
      12518,
      12532,
      12560,
      12627,
      12698,
      12708,
      12724,
      12748,
      16902,
      18201,
      18255,
      18293,
      18299,
      18324,
      18366,
      18393,
      18418,
      18709,
      18740,
      18840
    ],
    "2212.09079v1": [
      7333
    ],
    "2304.06615v2": [
      821
    ],
    "2408.04934v1": [
      1405
    ],
    "2508.14112v2": [
      6701
    ],
    "2509.17157v1": [
      403
    ],
    "2510.03002v1": [
      131,
      201,
      2335,
      2367,
      2540,
      2563,
      2593,
      2627,
      2718,
      2794,
      2866,
      3005,
      3705,
      3729,
      3770,
      3797
    ]
  },
  "52364": {
    "0704.1528": [
      700,
      770,
      940,
      963,
      1134
    ],
    "0706.0322": [
      6084
    ],
    "0706.3879": [
      1666
    ],
    "0707.3342": [
      6037,
      6049
    ],
    "0812.4066": [
      1462,
      1607
    ],
    "0812.4457": [
      7994
    ],
    "0901.0155": [
      1092,
      1237
    ],
    "0901.0467": [
      2376
    ],
    "0901.0900": [
      2283,
      2284,
      2285,
      2287,
      2312,
      2313,
      2315
    ],
    "0901.3711": [
      2993
    ],
    "0902.2776": [
      74
    ],
    "1007.0900": [
      4819
    ],
    "1007.1638": [
      2462
    ],
    "1008.0722": [
      3032
    ],
    "1008.1273": [
      2866
    ],
    "1008.2032": [
      4999,
      5331,
      5498
    ],
    "1008.3999": [
      5844
    ],
    "1008.4788": [
      980
    ],
    "1710.07311v4": [
      5431
    ],
    "1901.11121v2": [
      2680
    ],
    "1912.01518v5": [
      2000
    ],
    "2009.07711v1": [
      4213,
      4217
    ],
    "2307.12411v2": [
      6049
    ],
    "2501.15380v1": [
      11036
    ],
    "2506.03711v1": [
      4562
    ],
    "2509.15131v1": [
      12420,
      13563
    ],
    "2510.00648v1": [
      1234
    ],
    "2510.20913v1": [
      13558
    ],
    "2511.00253v1": [
      11,
      49650,
      77233,
      77238,
      77243,
      77247,
      77251,
      77981,
      77985,
      78176,
      78234,
      78274
    ],
    "2511.00714v1": [
      6791
    ],
    "2511.06707v1": [
      1764,
      1767,
      3165,
      3170,
      3400,
      3406
    ],
    "2511.08270v1": [
      4988
    ],
    "2511.13024v1": [
      4015
    ]
  },
  "39773": {
    "0704.3643": [
      2943,
      4547
    ]
  },
  "46478": {
    "0707.2128": [
      1139
    ]
  }
}