{
  "47574": {
    "0704.2030": [
      52301
    ],
    "0902.0987": [
      1008
    ],
    "2105.06087v1": [
      11
    ],
    "2203.01656v1": [
      486,
      6827
    ]
  }
}