{
  "29602": {
    "0704.3021": [
      656
    ],
    "0705.1248": [
      29466,
      30753
    ],
    "0706.2833": [
      183
    ],
    "1007.0805": [
      1569
    ],
    "2501.09072v1": [
      1546
    ],
    "2509.25099v1": [
      1812
    ]
  },
  "13639": {
    "0901.1379": [
      303
    ],
    "2402.01544v1": [
      83,
      111,
      114,
      300,
      304,
      847,
      859,
      907,
      963,
      1001,
      1146,
      1281,
      1590,
      1616,
      1627,
      1636,
      1657,
      1677,
      1960,
      2020,
      2072,
      2126,
      2135,
      2157,
      2275,
      3218,
      3314,
      3427,
      4176,
      4239,
      4255,
      4337,
      4487,
      4496,
      4503,
      4520,
      4668,
      4734,
      4743,
      4760,
      4829,
      4859,
      4870,
      4962,
      5041,
      5182,
      5218,
      5231,
      5299,
      5350,
      5367,
      5487,
      5582,
      5592,
      5759,
      5778,
      5845,
      5889,
      5923,
      5944,
      6003,
      6014,
      6020,
      6026,
      6055,
      6279,
      6343,
      6397,
      6431,
      6652,
      7202,
      7526,
      7529,
      7683,
      8453,
      8654,
      8752,
      8824,
      8898,
      8913,
      8917,
      8926,
      9056,
      9082,
      9159,
      9525,
      9641,
      9751
    ]
  }
}