{
  "20063": {
    "0704.0236": [
      1077,
      1765,
      2714
    ],
    "0704.1947": [
      3879
    ],
    "0704.3271": [
      4375
    ],
    "0705.0394": [
      1714
    ],
    "0705.1369": [
      1157
    ],
    "0705.1720": [
      985
    ],
    "0705.3194": [
      1629
    ],
    "0705.3226": [
      987
    ],
    "0705.4070": [
      2181
    ],
    "0705.4411": [
      502
    ],
    "0706.0678": [
      870,
      1005,
      2100,
      2171,
      2191
    ],
    "0706.1918": [
      3634
    ],
    "0706.2077": [
      723
    ],
    "0706.2261": [
      1433,
      2558
    ],
    "0706.3221": [
      1981
    ],
    "0706.4286": [
      845
    ],
    "0707.0026": [
      624,
      662
    ],
    "0707.0386": [
      2155
    ],
    "0707.2775": [
      805
    ],
    "0901.0223": [
      3684
    ],
    "0901.0287": [
      631
    ],
    "0901.0608": [
      871,
      892,
      946
    ],
    "0901.1847": [
      1534
    ],
    "0901.2392": [
      1227,
      1232
    ],
    "0901.4107": [
      12010
    ],
    "0902.0431": [
      616
    ],
    "0902.0827": [
      1087
    ],
    "0902.1506": [
      4569
    ],
    "0902.2620": [
      693
    ],
    "0902.3160": [
      1113,
      2264,
      2339
    ],
    "1007.1981": [
      5040
    ],
    "1007.2098": [
      1709
    ],
    "1007.4266": [
      4088
    ],
    "1007.4420": [
      750
    ],
    "1008.1253": [
      2286
    ],
    "1008.3122": [
      211
    ],
    "1008.3931": [
      3825
    ],
    "1008.4063": [
      832
    ],
    "1008.4403": [
      2766
    ],
    "1008.5194": [
      8747
    ],
    "1009.0252": [
      2745
    ],
    "1009.0934": [
      4631
    ],
    "1009.1017": [
      497
    ],
    "1909.06417v1": [
      1316
    ],
    "2303.12416v1": [
      1112
    ],
    "2304.05709v1": [
      2831,
      2945
    ]
  }
}