{
  "51460": {
    "0704.2198": [
      231,
      364,
      409,
      447,
      449
    ],
    "0705.3815": [
      1930,
      1936,
      1976,
      2035,
      2039,
      2055,
      2059,
      2078,
      2585,
      2946,
      4583
    ],
    "0706.2444": [
      487,
      537,
      547,
      561
    ],
    "0706.3267": [
      66
    ],
    "0706.4339": [
      1042,
      1260
    ],
    "0707.1372": [
      5
    ],
    "0707.2825": [
      119,
      312,
      399
    ],
    "0707.3548": [
      1987,
      2016,
      2048,
      2061
    ],
    "0812.4371": [
      90
    ],
    "0812.4873": [
      871
    ],
    "0901.0113": [
      1078
    ],
    "0901.2118": [
      434,
      517,
      532,
      727,
      743,
      745,
      771,
      774,
      847,
      860,
      891,
      916,
      923,
      927,
      988,
      1024,
      1027,
      1078,
      1082,
      1085,
      1091,
      1099,
      1106,
      1143,
      1146,
      1199,
      1205,
      1282,
      1283,
      1597
    ],
    "0901.2453": [
      2476,
      2482,
      2520,
      2526,
      2533,
      2538,
      2541,
      2545,
      2549
    ],
    "0902.1883": [
      929,
      935,
      2155
    ],
    "1007.1453": [
      7965,
      7970
    ],
    "1008.1323": [
      145,
      245
    ],
    "1008.2914": [
      1641,
      1643
    ],
    "1008.3242": [
      1312
    ],
    "1008.4388": [
      442
    ],
    "1008.4753": [
      2056
    ],
    "1008.5085": [
      3821
    ],
    "1009.1254": [
      7782,
      7797,
      7884,
      7907
    ],
    "1908.09155v1": [
      1002
    ],
    "2007.01616v1": [
      1599
    ],
    "2007.11363v2": [
      1860
    ]
  }
}