{
  "52512": {
    "0704.1106": [
      884
    ],
    "0704.2705": [
      3028
    ],
    "0705.0478": [
      1395,
      1413
    ],
    "0706.0200": [
      4636,
      4638,
      4645,
      4649,
      4652,
      4767
    ],
    "0706.0296": [
      1224,
      1226
    ],
    "0706.1129": [
      1328
    ],
    "0706.1498": [
      15710
    ],
    "0706.2304": [
      1514
    ],
    "0706.4091": [
      6070
    ],
    "0707.3517": [
      1415,
      2273
    ],
    "0707.3804": [
      1118
    ],
    "0707.4539": [
      8189,
      8201
    ],
    "0812.4494": [
      15757,
      15893,
      15897,
      17231
    ],
    "0901.1211": [
      143
    ],
    "0901.3111": [
      1492
    ],
    "0901.4480": [
      8487
    ],
    "0901.4529": [
      1414
    ],
    "1007.2713": [
      3351
    ],
    "1007.4007": [
      105,
      176
    ],
    "1007.4271": [
      3467
    ],
    "1007.4631": [
      954
    ],
    "1007.5196": [
      17,
      39
    ],
    "1008.0440": [
      3046,
      3275
    ],
    "1008.0599": [
      789
    ],
    "1008.1505": [
      6269,
      6280
    ],
    "1008.5132": [
      1523,
      1524
    ],
    "1009.1166": [
      1174,
      1206,
      2136
    ],
    "1706.07798v2": [
      2068
    ],
    "1902.01476v4": [
      923,
      6279,
      6319
    ],
    "2008.13032v1": [
      4206,
      4334
    ]
  }
}