{
  "52233": {
    "0705.0066": [
      50
    ],
    "0705.0701": [
      66
    ],
    "0705.0994": [
      2223
    ],
    "0705.3097": [
      20
    ],
    "0706.0777": [
      2478
    ],
    "0706.1124": [
      1287,
      2244
    ],
    "0706.2031": [
      38
    ],
    "0707.2858": [
      21
    ],
    "0901.0583": [
      7
    ],
    "0901.1288": [
      3376,
      3511
    ],
    "0901.4091": [
      1618
    ],
    "0901.4120": [
      198
    ],
    "0902.2699": [
      1363
    ],
    "1007.4640": [
      1940
    ],
    "1008.0859": [
      43
    ],
    "1008.2164": [
      41
    ],
    "1009.0344": [
      355
    ],
    "1009.0614": [
      204
    ],
    "1009.0665": [
      29
    ],
    "2110.05829v1": [
      9
    ],
    "2201.12989v1": [
      28
    ],
    "2509.17911v1": [
      6285
    ],
    "2509.25332v1": [
      155
    ],
    "2511.09312v1": [
      76
    ],
    "2511.13817v1": [
      103
    ]
  }
}