{
  "39116": {
    "2404.07740v2": [
      993
    ],
    "2509.25892v1": [
      3189
    ]
  }
}