{
  "30055": {
    "0705.1329": [
      1185
    ],
    "0706.1281": [
      3434
    ],
    "0706.2793": [
      8
    ],
    "0706.3960": [
      2626
    ],
    "0707.3262": [
      13
    ],
    "0707.4182": [
      12
    ],
    "0901.0434": [
      1337
    ],
    "0901.1109": [
      21
    ],
    "0901.3272": [
      28
    ],
    "0902.0521": [
      8
    ],
    "0902.1611": [
      8
    ],
    "1008.1929": [
      11
    ],
    "1008.3563": [
      27
    ],
    "1904.11092v1": [
      4119
    ],
    "1906.07764v1": [
      2619
    ],
    "2112.04646v1": [
      2462
    ],
    "2307.11721v1": [
      18
    ],
    "2511.10927v1": [
      98793
    ]
  }
}