{
  "52077": {
    "0704.0943": [
      5856,
      5911,
      5915
    ],
    "0704.1975": [
      1713
    ],
    "0705.1816": [
      841,
      1059
    ],
    "0706.2307": [
      2119
    ],
    "0706.4299": [
      3679
    ],
    "0707.1081": [
      1650
    ],
    "0812.4629": [
      301,
      624
    ],
    "0812.4740": [
      2147,
      2155
    ],
    "0901.4364": [
      1784,
      1793,
      1800,
      1825
    ],
    "0902.2098": [
      1058,
      1117
    ],
    "0902.2533": [
      6282
    ],
    "1007.1599": [
      820
    ],
    "1007.3618": [
      2378
    ],
    "1007.3851": [
      2880,
      2889,
      2890,
      2891,
      2898,
      3088
    ],
    "1007.4934": [
      2060
    ],
    "1008.5099": [
      1355
    ],
    "1908.02861v1": [
      2658
    ],
    "2506.20236v2": [
      6875
    ]
  }
}