{
  "12175": {
    "0704.1128": [
      363
    ],
    "0704.1282": [
      533
    ],
    "0704.1678": [
      7927
    ],
    "0704.1976": [
      5609
    ],
    "0704.2894": [
      174
    ],
    "0704.3064": [
      10
    ],
    "0704.3121": [
      1848
    ],
    "0704.3599": [
      197
    ],
    "0705.0055": [
      1860
    ],
    "0705.0487": [
      20
    ],
    "0705.3238": [
      222
    ],
    "0705.3445": [
      8
    ],
    "0705.3724": [
      3019
    ],
    "0706.1935": [
      1158
    ],
    "0706.2035": [
      5
    ],
    "0706.2962": [
      3440
    ],
    "0706.3034": [
      179
    ],
    "0706.4036": [
      3559
    ],
    "0707.0084": [
      2
    ],
    "0707.1517": [
      5460
    ],
    "0901.2868": [
      284
    ],
    "0901.4111": [
      15
    ],
    "0901.4336": [
      17
    ],
    "0901.4342": [
      3413
    ],
    "0901.4787": [
      75
    ],
    "0901.4844": [
      1748
    ],
    "0902.0918": [
      359,
      999
    ],
    "0902.1781": [
      32
    ],
    "0902.2214": [
      21
    ],
    "0902.2824": [
      3509
    ],
    "1007.1195": [
      3125
    ],
    "1007.1207": [
      5
    ],
    "1007.1390": [
      2924
    ],
    "1007.1727": [
      11
    ],
    "1007.1889": [
      244,
      274,
      293
    ],
    "1007.2208": [
      29
    ],
    "1007.2352": [
      827,
      2915
    ],
    "1007.2442": [
      6
    ],
    "1007.3560": [
      183,
      1384
    ],
    "1007.3672": [
      98
    ],
    "1007.3747": [
      2595
    ],
    "1007.4264": [
      3750,
      3756
    ],
    "1008.0176": [
      7
    ],
    "1008.0455": [
      13
    ],
    "1008.0600": [
      54
    ],
    "1008.0699": [
      12
    ],
    "1008.0700": [
      6
    ],
    "1008.1103": [
      2280
    ],
    "1008.1824": [
      7
    ],
    "1008.2475": [
      6
    ],
    "1008.3434": [
      18382,
      23648,
      25612
    ],
    "1008.5116": [
      2702
    ],
    "1009.0505": [
      188
    ],
    "1009.1003": [
      388
    ],
    "1707.02801v3": [
      2883
    ],
    "1801.01509v3": [
      7740
    ],
    "2002.10057v1": [
      4257
    ],
    "2006.07747v2": [
      10303
    ],
    "2008.13032v1": [
      4571,
      4583,
      4586,
      4593,
      4606,
      4613,
      5790,
      5803,
      5809,
      5815,
      5819,
      5824,
      5831
    ],
    "2012.06116v1": [
      32996
    ],
    "2105.01146v3": [
      6192
    ],
    "2107.08145v1": [
      5181
    ],
    "2208.10447v2": [
      3504
    ],
    "2210.07159v3": [
      20
    ],
    "2210.16992v1": [
      3998,
      4181
    ],
    "2211.15653v1": [
      13606
    ],
    "2212.03617v1": [
      3870
    ],
    "2302.05588v1": [
      5349
    ],
    "2303.03046v3": [
      5438
    ],
    "2303.09221v1": [
      8293
    ],
    "2306.05447v1": [
      1978
    ],
    "2310.04506v2": [
      23
    ],
    "2310.04507v2": [
      20
    ],
    "2311.04376v2": [
      10784
    ],
    "2404.07740v2": [
      7
    ],
    "2407.00137v1": [
      81
    ],
    "2501.03081v1": [
      1997
    ],
    "2503.04558v1": [
      5210
    ],
    "2503.08487v2": [
      3858
    ],
    "2504.13935v1": [
      3132
    ],
    "2505.08983v1": [
      2950
    ],
    "2508.03451v1": [
      39
    ],
    "2508.14308v1": [
      4
    ],
    "2508.19046v1": [
      34,
      5656,
      6013
    ],
    "2508.21116v1": [
      5175
    ],
    "2509.07067v1": [
      6059
    ],
    "2509.08880v1": [
      5868
    ],
    "2509.14423v1": [
      6167
    ],
    "2509.15527v1": [
      7007
    ],
    "2510.01441v1": [
      1266
    ],
    "2510.11828v1": [
      26
    ],
    "2510.22487v1": [
      3562
    ],
    "2510.24585v1": [
      2454
    ],
    "2511.03449v1": [
      830
    ],
    "2511.07531v1": [
      9
    ],
    "2511.10998v1": [
      2625
    ],
    "2511.14609v1": [
      5636
    ],
    "2511.14613v1": [
      3195
    ],
    "2511.14716v1": [
      3570,
      3572
    ]
  }
}