{
  "13118": {
    "0704.0773": [
      1772,
      2255
    ],
    "0704.2324": [
      58,
      767,
      849,
      1256,
      1520,
      1592,
      2054,
      2285,
      2896
    ],
    "0704.2333": [
      85,
      88,
      231,
      796,
      865,
      1071,
      1331,
      2111,
      2838,
      2851,
      4815,
      4832,
      4910,
      5015,
      5073
    ],
    "0705.4606": [
      1711
    ],
    "0706.0051": [
      2971
    ],
    "0706.0168": [
      1886
    ],
    "0706.0474": [
      228
    ],
    "0706.4375": [
      2388
    ],
    "0707.0336": [
      348
    ],
    "0707.0385": [
      629
    ],
    "0707.2341": [
      707,
      740,
      796
    ],
    "0707.3216": [
      2146
    ],
    "0812.4156": [
      4698
    ],
    "0812.4163": [
      1255
    ],
    "0812.4210": [
      3772
    ],
    "0901.0537": [
      5708,
      25959
    ],
    "0901.1794": [
      1186
    ],
    "0901.2377": [
      1383,
      1473
    ],
    "0901.2378": [
      3777
    ],
    "0901.2384": [
      3138
    ],
    "0901.3318": [
      161
    ],
    "0901.3404": [
      70,
      5814
    ],
    "0901.4793": [
      836
    ],
    "0901.4934": [
      7712
    ],
    "0902.0482": [
      4433
    ],
    "0902.2175": [
      1545
    ],
    "0902.2518": [
      5052
    ],
    "1007.1647": [
      6923
    ],
    "1007.3057": [
      278
    ],
    "1007.3622": [
      2301
    ],
    "1007.3906": [
      1067
    ],
    "1007.4523": [
      2279
    ],
    "1007.5288": [
      91
    ],
    "1007.5433": [
      390,
      459,
      588,
      772,
      966,
      996,
      1014,
      1879,
      1897,
      2165,
      2180,
      2199,
      2202,
      2305,
      2312,
      2318,
      2322,
      2470,
      2484,
      2492,
      2502,
      2529,
      2569,
      2587,
      2596,
      2631,
      2800,
      2853,
      2877,
      2892
    ],
    "1008.1131": [
      3929
    ],
    "1008.1459": [
      378
    ],
    "1008.2527": [
      1341
    ],
    "1008.4188": [
      402
    ],
    "1009.1100": [
      1709,
      3113
    ],
    "2302.05473v1": [
      856
    ],
    "2508.13119v1": [
      145
    ]
  },
  "22723": {
    "0704.1832": [
      1790
    ],
    "0706.0479": [
      4836
    ],
    "0707.0024": [
      4650
    ],
    "0812.4127": [
      87
    ],
    "0812.4333": [
      448,
      1680
    ],
    "0901.0537": [
      26733
    ],
    "0901.0976": [
      148
    ],
    "0901.3365": [
      116
    ],
    "0902.2137": [
      12228
    ],
    "1007.4523": [
      3077
    ],
    "1007.4580": [
      2956
    ],
    "1007.4586": [
      44,
      1272,
      1300
    ],
    "1008.0616": [
      12628
    ],
    "1008.1846": [
      4775
    ],
    "2402.01544v1": [
      7803
    ]
  },
  "30528": {
    "0705.1730": [
      24247
    ],
    "0902.2410": [
      2253
    ],
    "1008.2437": [
      1018,
      3409
    ],
    "1008.3434": [
      19533
    ],
    "2302.05473v1": [
      126
    ]
  },
  "30526": {
    "0705.2200": [
      785,
      2915
    ],
    "0707.1194": [
      268,
      2834
    ],
    "0707.2075": [
      1115
    ],
    "0707.3055": [
      385
    ],
    "0708.0058": [
      143
    ],
    "0708.0262": [
      1795
    ],
    "0901.3656": [
      148
    ],
    "0902.2632": [
      1288
    ],
    "1008.1972": [
      3444
    ]
  },
  "39499": {
    "0706.1138": [
      69,
      370
    ]
  },
  "45895": {
    "0706.1588": [
      1469
    ],
    "0901.1391": [
      11353
    ],
    "0901.1403": [
      1948,
      2522,
      2564
    ],
    "0901.3000": [
      1196
    ],
    "0901.3029": [
      1028
    ],
    "1007.3402": [
      1899,
      1908
    ],
    "1008.3490": [
      1743
    ]
  },
  "29355": {
    "0707.0763": [
      125,
      387,
      486,
      782,
      785,
      2707
    ],
    "0707.3455": [
      1580
    ]
  },
  "18079": {
    "0707.2275": [
      1029
    ],
    "0707.2291": [
      341,
      371,
      393,
      407,
      750,
      798,
      818,
      856,
      872,
      905,
      1053,
      1647,
      2229
    ],
    "0707.2718": [
      2636
    ],
    "0902.2137": [
      14434
    ],
    "0902.3072": [
      455,
      1085,
      1091,
      1396,
      1660,
      1687,
      1970
    ],
    "1007.1958": [
      3574
    ],
    "1008.1213": [
      1710
    ],
    "1008.2458": [
      6189
    ],
    "1008.3169": [
      455
    ],
    "1008.3431": [
      332
    ],
    "1008.3561": [
      4041,
      9971
    ],
    "1008.4188": [
      7137,
      7153,
      7168
    ],
    "1009.0305": [
      8156
    ],
    "1009.1402": [
      45
    ],
    "2208.10447v2": [
      2957
    ],
    "2501.13934v1": [
      2324
    ],
    "2511.14608v1": [
      7902
    ]
  },
  "45894": {
    "0812.4360": [
      2074
    ]
  },
  "45893": {
    "0901.3330": [
      1017
    ]
  },
  "30527": {
    "1008.3169": [
      718,
      771
    ],
    "1008.3434": [
      4402,
      21707
    ],
    "1901.00143v1": [
      5822
    ],
    "2410.21001v1": [
      8573
    ]
  }
}