{
  "17282": {
    "0704.0560": [
      576,
      578
    ],
    "0705.0849": [
      619
    ],
    "0705.2027": [
      1515
    ],
    "0706.1079": [
      3901
    ],
    "0706.2271": [
      1423
    ],
    "0707.1061": [
      835,
      848,
      882,
      921,
      2375,
      2380,
      2446,
      2461,
      2490,
      2672,
      3015,
      3569
    ],
    "0707.2127": [
      59,
      165,
      269
    ],
    "0707.2412": [
      47,
      338,
      696,
      730
    ],
    "0707.3180": [
      1800
    ],
    "0901.1149": [
      5130
    ],
    "1007.4913": [
      165
    ],
    "1008.2997": [
      4771
    ],
    "1008.4782": [
      3676
    ],
    "1912.02581v1": [
      1601
    ],
    "2103.02045v1": [
      16747
    ],
    "2108.01435v2": [
      7188
    ],
    "2203.01656v1": [
      17829
    ],
    "2305.02249v1": [
      296,
      312,
      2707,
      2728,
      2762
    ],
    "2510.11922v1": [
      4358
    ],
    "2510.13339v1": [
      1629
    ],
    "2510.13486v1": [
      1611
    ],
    "2510.25500v1": [
      2245,
      2342
    ]
  },
  "13355": {
    "0704.1169": [
      1435
    ],
    "0704.1222": [
      2129
    ],
    "0704.1799": [
      1127
    ],
    "0704.2010": [
      2789
    ],
    "0704.2319": [
      1229
    ],
    "0705.1460": [
      4755
    ],
    "0705.1975": [
      2168
    ],
    "0705.3557": [
      6050
    ],
    "0706.0847": [
      1287,
      3981
    ],
    "0706.0853": [
      1157
    ],
    "0706.1288": [
      3203
    ],
    "0706.1868": [
      16324
    ],
    "0707.2111": [
      1405
    ],
    "0707.2210": [
      167
    ],
    "0707.2872": [
      2935
    ],
    "0707.3111": [
      1817
    ],
    "0812.4716": [
      778
    ],
    "0901.0014": [
      2523
    ],
    "0901.0893": [
      337
    ],
    "0901.1836": [
      563,
      1631
    ],
    "0901.2283": [
      1773
    ],
    "0901.3092": [
      7863
    ],
    "0902.0190": [
      25
    ],
    "0902.1898": [
      1776
    ],
    "0902.2501": [
      359,
      1036,
      1079,
      1197,
      1206,
      1220,
      1223,
      1226,
      1247,
      1262,
      1268,
      1274,
      1283,
      1287,
      1316,
      1323,
      1330,
      1335,
      1357,
      1373,
      1412,
      1455,
      1458,
      1484,
      1496,
      1510,
      1515,
      1518,
      1521,
      1537,
      1547,
      1555,
      1564,
      1590,
      1662,
      1665,
      1680,
      1729,
      1735,
      1776,
      1803,
      1808,
      1809,
      1813,
      1911,
      1913,
      1928,
      1931,
      1965,
      2176,
      2398,
      2543,
      2550,
      2575,
      3820,
      3829,
      3993,
      3996,
      4141,
      4147
    ],
    "0902.2818": [
      18439
    ],
    "1007.0815": [
      3867
    ],
    "1007.1307": [
      2204
    ],
    "1007.2621": [
      2735
    ],
    "1007.3975": [
      988
    ],
    "1008.4825": [
      117
    ],
    "2509.07085v1": [
      4310
    ],
    "2510.07399v1": [
      5093
    ]
  },
  "45556": {
    "0704.1525": [
      4504
    ],
    "0901.0270": [
      508,
      528,
      548,
      619,
      621,
      682,
      748,
      1003,
      1039,
      1228,
      1288,
      1629,
      2066,
      2081,
      2120,
      2152,
      2161,
      2179,
      2193,
      2209,
      2289,
      2298,
      2461,
      2478,
      2663,
      2835,
      2866,
      2882,
      2965,
      3469,
      3605,
      3654,
      3744,
      5142,
      5148,
      5384,
      6234,
      6496,
      6511,
      6531,
      6662,
      6753,
      6796,
      6837,
      7075,
      7112
    ],
    "0901.3079": [
      2998
    ],
    "0901.3220": [
      5854
    ],
    "0901.3267": [
      4830,
      4839,
      4850
    ],
    "2309.16331v1": [
      3058
    ],
    "2403.13970v2": [
      5243,
      18458,
      18472
    ],
    "2409.06737v2": [
      9611
    ]
  },
  "22356": {
    "0705.0499": [
      975
    ],
    "1008.3311": [
      409,
      1293,
      1335
    ],
    "1008.3320": [
      17
    ],
    "1008.3321": [
      15
    ],
    "1008.3344": [
      412,
      1311,
      1353,
      1604
    ],
    "1008.3352": [
      17,
      1079
    ],
    "1008.3357": [
      10
    ],
    "1008.3533": [
      987,
      1022
    ],
    "1008.4446": [
      23
    ],
    "1008.4448": [
      11
    ],
    "2404.00105v1": [
      9894
    ],
    "2511.04589v1": [
      5910
    ]
  },
  "35975": {
    "0705.3783": [
      3280
    ],
    "0706.0089": [
      1190
    ],
    "0707.3321": [
      2120
    ],
    "0708.0120": [
      849
    ],
    "0901.1164": [
      1771
    ],
    "0901.1571": [
      3036
    ],
    "0901.4516": [
      235
    ],
    "1007.4684": [
      1675
    ],
    "1008.0215": [
      894
    ],
    "1008.3242": [
      3629
    ],
    "1009.0354": [
      3833
    ],
    "1009.0441": [
      340,
      1260
    ],
    "1801.05903v1": [
      5156
    ],
    "2105.12745v3": [
      11495
    ],
    "2511.01859v1": [
      2326
    ]
  },
  "45557": {
    "0902.2501": [
      1721
    ]
  }
}