{
  "25308": {
    "0704.0749": [
      380
    ],
    "0705.3109": [
      511
    ],
    "0901.3730": [
      1337,
      1415,
      1418,
      1435,
      1455,
      1473
    ],
    "0902.1077": [
      1192
    ],
    "1007.3942": [
      2098
    ],
    "2103.02045v1": [
      2993
    ],
    "2203.01656v1": [
      2449,
      10833,
      11192
    ]
  }
}