{
  "29985": {
    "0706.2566": [
      5888
    ],
    "0707.2409": [
      3647,
      3693,
      3867
    ],
    "0707.2895": [
      5935,
      6079
    ],
    "0707.4211": [
      1919
    ],
    "0901.0846": [
      5303
    ],
    "0902.0952": [
      4080
    ],
    "0902.1640": [
      4262,
      4311
    ],
    "1009.0338": [
      2755
    ],
    "1009.0538": [
      1749
    ],
    "2202.07547v1": [
      4567
    ],
    "2208.00892v2": [
      1557,
      14993
    ],
    "2210.09154v1": [
      1863
    ]
  }
}