{
  "15503": {
    "0704.0043": [
      496
    ],
    "0704.2092": [
      329,
      1390
    ],
    "0704.3779": [
      1019
    ],
    "0705.0031": [
      4461
    ],
    "0705.0178": [
      1430,
      1445
    ],
    "0705.2072": [
      5447
    ],
    "0705.2332": [
      1223
    ],
    "0705.2350": [
      16954
    ],
    "0705.2876": [
      2386,
      4212
    ],
    "0705.4673": [
      2011
    ],
    "0706.0788": [
      629
    ],
    "0706.2788": [
      7607
    ],
    "0706.3529": [
      1166
    ],
    "0707.0434": [
      2312,
      2328
    ],
    "0707.1714": [
      2838
    ],
    "0707.3745": [
      3566
    ],
    "0812.4159": [
      2817,
      2875,
      3207,
      3418
    ],
    "0901.0702": [
      2619
    ],
    "0901.3150": [
      3977
    ],
    "0901.3401": [
      970
    ],
    "0902.3178": [
      1067
    ],
    "1007.1819": [
      1114,
      1530
    ],
    "1007.2090": [
      1264
    ],
    "1007.2503": [
      1696
    ],
    "1008.0256": [
      5286
    ],
    "1008.0587": [
      3592,
      3648
    ],
    "1008.0616": [
      2310,
      7764,
      7766,
      17857,
      18873
    ],
    "1008.0833": [
      1614
    ],
    "1008.0931": [
      270,
      5795
    ],
    "1008.1975": [
      2784
    ],
    "1008.2619": [
      1889
    ],
    "1008.3896": [
      8167
    ],
    "1008.4916": [
      110,
      2165
    ],
    "1009.1187": [
      595
    ],
    "1806.05884v2": [
      5985,
      7694
    ],
    "1810.09874v2": [
      2467
    ],
    "1902.00243v2": [
      1438
    ],
    "2108.07048v3": [
      1669
    ],
    "2109.03255v2": [
      1786
    ],
    "2209.07581v1": [
      1868
    ],
    "2308.10389v1": [
      3799
    ],
    "2501.13663v2": [
      8054,
      8101
    ],
    "2507.17523v1": [
      1321
    ],
    "2509.07104v1": [
      9215
    ]
  },
  "29263": {
    "0705.4562": [
      2585
    ],
    "0706.3859": [
      412,
      522
    ],
    "0812.4852": [
      8928
    ],
    "2501.02163v1": [
      3600,
      5874
    ],
    "2503.01782v1": [
      1094
    ]
  }
}