{
  "35650": {
    "0707.3482": [
      486
    ],
    "2308.04394v1": [
      399
    ],
    "2502.13262v1": [
      3447
    ]
  },
  "44424": {
    "0708.0233": [
      3649
    ]
  }
}