{
  "32935": {
    "0704.2730": [
      2828
    ],
    "0704.3907": [
      23840
    ],
    "0705.2375": [
      1098
    ],
    "0707.1210": [
      3235
    ],
    "0707.2109": [
      2372
    ],
    "0901.2726": [
      7758
    ],
    "1007.3062": [
      1597
    ],
    "1007.4343": [
      265
    ],
    "1008.0761": [
      1348
    ],
    "1008.2810": [
      3199,
      3214
    ],
    "1008.2826": [
      699,
      6696
    ],
    "1008.2827": [
      786
    ],
    "1008.3342": [
      18,
      3440
    ],
    "1009.0040": [
      1447
    ],
    "2307.11226v1": [
      4397
    ],
    "2511.10977v1": [
      2155
    ]
  },
  "37698": {
    "0706.0423": [
      7161
    ],
    "0706.0839": [
      4354
    ],
    "0707.1205": [
      1379
    ],
    "0812.4077": [
      9477
    ],
    "0812.4391": [
      4247
    ],
    "1009.1155": [
      4635
    ]
  }
}