{
  "13582": {
    "0704.0026": [
      128
    ],
    "0704.1318": [
      9034
    ],
    "0704.3989": [
      201
    ],
    "0705.1182": [
      142
    ],
    "0705.1688": [
      3070
    ],
    "0705.1730": [
      16392
    ],
    "0705.2042": [
      590,
      1952
    ],
    "0705.2228": [
      146
    ],
    "0706.0019": [
      404
    ],
    "0706.0711": [
      5992
    ],
    "0706.1068": [
      1772
    ],
    "0706.1332": [
      2581
    ],
    "0706.1408": [
      80,
      1734
    ],
    "0706.1893": [
      1602
    ],
    "0706.2029": [
      1817
    ],
    "0706.2341": [
      532
    ],
    "0706.2687": [
      2849
    ],
    "0706.2949": [
      512
    ],
    "0707.0854": [
      106
    ],
    "0707.1117": [
      1212
    ],
    "0707.1333": [
      2103
    ],
    "0707.1889": [
      4166,
      23346
    ],
    "0707.2990": [
      2739
    ],
    "0707.3378": [
      1630
    ],
    "0707.3402": [
      926
    ],
    "0707.3795": [
      1263,
      1478
    ],
    "0707.4027": [
      178
    ],
    "0707.4269": [
      361
    ],
    "0708.0313": [
      225
    ],
    "0812.4408": [
      9298
    ],
    "0812.4703": [
      2309
    ],
    "0812.5110": [
      220
    ],
    "0901.0907": [
      358,
      504,
      519
    ],
    "0901.1050": [
      2068
    ],
    "0901.2675": [
      1558
    ],
    "0901.2694": [
      1134,
      3075
    ],
    "0901.2919": [
      2277
    ],
    "0901.4241": [
      686
    ],
    "0902.0571": [
      203
    ],
    "0902.1486": [
      221
    ],
    "0902.2835": [
      373
    ],
    "0902.2907": [
      7225
    ],
    "0902.3003": [
      1348
    ],
    "1007.2876": [
      3345
    ],
    "1007.3039": [
      771
    ],
    "1007.4192": [
      47
    ],
    "1007.4922": [
      88
    ],
    "1007.4990": [
      3442
    ],
    "1007.5140": [
      357
    ],
    "1007.5297": [
      3035
    ],
    "1008.0527": [
      2077
    ],
    "1008.0694": [
      293
    ],
    "1008.1168": [
      4969
    ],
    "1008.1541": [
      18428
    ],
    "1008.1811": [
      2947
    ],
    "1008.3145": [
      157
    ],
    "1008.3394": [
      5358
    ],
    "1008.3857": [
      1221
    ],
    "1008.3913": [
      1047
    ],
    "1008.4337": [
      5852
    ],
    "1008.4560": [
      1631
    ],
    "1009.1374": [
      1281
    ],
    "1705.07840v1": [
      1803
    ],
    "1707.03021v5": [
      130,
      5537
    ],
    "1903.05192v2": [
      8020
    ],
    "1904.05363v3": [
      838
    ],
    "1909.00834v2": [
      624
    ],
    "1912.01518v5": [
      171
    ],
    "2004.03009v1": [
      2760,
      6005
    ],
    "2108.02020v1": [
      589
    ],
    "2411.08686v5": [
      196
    ],
    "2411.11292v2": [
      945
    ],
    "2412.03945v1": [
      289
    ],
    "2508.14308v1": [
      957
    ],
    "2508.18881v3": [
      504
    ],
    "2509.18421v1": [
      10406
    ],
    "2509.22336v1": [
      599
    ],
    "2510.11828v1": [
      1721
    ],
    "2510.22093v1": [
      2958,
      12712
    ],
    "2511.00253v1": [
      66049
    ]
  },
  "52450": {
    "0704.0564": [
      4519
    ],
    "0704.1505": [
      1231
    ],
    "0704.1627": [
      1961
    ],
    "0704.1700": [
      2839
    ],
    "0704.1900": [
      740
    ],
    "0704.2232": [
      6191
    ],
    "0704.3278": [
      8992
    ],
    "0705.0344": [
      206,
      224,
      333,
      4919,
      4933,
      5021,
      5107,
      5126,
      5165,
      8000
    ],
    "0705.2526": [
      618,
      630,
      632,
      1678,
      1894,
      1904,
      2000,
      2039,
      2079,
      2101,
      2140,
      2160,
      2183,
      2314,
      3222,
      3239,
      3259,
      3352,
      3381
    ],
    "0706.1696": [
      707
    ],
    "0706.2902": [
      116,
      373,
      1039,
      1043,
      1046,
      1060,
      1065,
      1107,
      1166,
      1169,
      1189,
      1203,
      1223
    ],
    "0706.3861": [
      812,
      1009,
      1038,
      1039,
      1065,
      1134,
      1463,
      1718,
      1901,
      1934,
      1942,
      1952,
      1961,
      2483,
      2491,
      2592,
      2598,
      4606,
      4612,
      4621,
      4654,
      4803,
      4855,
      4860,
      4921,
      5158,
      5176
    ],
    "0707.3278": [
      1503
    ],
    "0707.3799": [
      468
    ],
    "0901.2537": [
      417,
      7474
    ],
    "0901.3029": [
      912,
      930,
      965,
      971,
      977,
      981,
      995,
      1004,
      1014,
      1049,
      1070,
      1080,
      1104,
      1111,
      1130,
      1184,
      1197,
      1271,
      1297,
      1389,
      1697,
      1706,
      1748,
      1928,
      2061,
      2076,
      2113,
      2129,
      2149,
      2238,
      2379
    ],
    "0901.3623": [
      5,
      27,
      170,
      180,
      208,
      247,
      274,
      280,
      284,
      304,
      315,
      324,
      339,
      354,
      357,
      373,
      390,
      407,
      609,
      775,
      907,
      922,
      942,
      966,
      972,
      1006,
      1043,
      1086,
      1101,
      1141,
      1189,
      1365,
      1449,
      1521,
      1694,
      1811,
      1932,
      2102,
      2310,
      2503,
      2695
    ],
    "0902.1745": [
      842
    ],
    "1008.2377": [
      2387
    ],
    "1008.2552": [
      119,
      151
    ],
    "2204.00124v1": [
      1468,
      1724,
      1808,
      1870,
      2371,
      2952,
      2985,
      2995,
      3391
    ],
    "2207.13864v1": [
      3545
    ],
    "2406.01318v1": [
      2774
    ]
  },
  "21128": {
    "0704.1502": [
      2875
    ],
    "0704.2719": [
      4183,
      4235
    ],
    "0705.0003": [
      4347
    ],
    "0705.0541": [
      3743
    ],
    "0705.0737": [
      2264
    ],
    "0705.0878": [
      2211
    ],
    "0705.1379": [
      1800
    ],
    "0706.0784": [
      3120
    ],
    "0706.1562": [
      1170
    ],
    "0706.3683": [
      2948
    ],
    "0707.1027": [
      2415,
      2427,
      2616,
      6741,
      6790,
      6801,
      6808,
      6907,
      6957
    ],
    "0707.1891": [
      6316
    ],
    "0707.3144": [
      4334,
      7108
    ],
    "0812.4032": [
      4509
    ],
    "0901.0934": [
      2498
    ],
    "0901.0937": [
      3212
    ],
    "0901.0938": [
      4052
    ],
    "0901.1778": [
      2005
    ],
    "0901.2835": [
      1276
    ],
    "0901.3503": [
      3818,
      5455
    ],
    "0902.1000": [
      29200
    ],
    "0902.1039": [
      8993
    ],
    "0902.1531": [
      1777
    ],
    "1007.1132": [
      3983
    ],
    "1007.2611": [
      1941
    ],
    "1007.3128": [
      3912
    ],
    "1008.1083": [
      6539
    ],
    "1008.2737": [
      4158
    ],
    "1008.4893": [
      3161
    ],
    "1009.0925": [
      1485
    ],
    "1009.1356": [
      2583
    ],
    "2110.07025v2": [
      8224
    ],
    "2508.05233v2": [
      5465
    ],
    "2508.07998v1": [
      20545
    ],
    "2508.09845v1": [
      3023
    ],
    "2508.12788v1": [
      1977,
      1981,
      2093
    ],
    "2508.14875v2": [
      5957,
      5958
    ],
    "2508.16421v1": [
      9680,
      10016
    ],
    "2508.20319v1": [
      3344
    ],
    "2508.20802v1": [
      4654
    ],
    "2509.00471v2": [
      2020,
      2026
    ],
    "2509.04054v1": [
      1969
    ],
    "2509.06829v1": [
      3188
    ],
    "2509.10883v1": [
      14148,
      79685,
      79718,
      80105,
      80242,
      82217,
      82225,
      82844,
      85741,
      85754,
      85767,
      89909,
      91097,
      95534,
      95548,
      99284,
      100302
    ],
    "2509.12114v1": [
      4234
    ],
    "2509.14308v1": [
      3601
    ],
    "2509.14423v1": [
      1331,
      6962
    ],
    "2509.16331v1": [
      6156
    ],
    "2509.17420v1": [
      3490
    ],