{
  "14696": {
    "0704.1162": [
      1300
    ],
    "0704.1385": [
      1766
    ],
    "0705.0538": [
      2849
    ],
    "0705.0540": [
      1066
    ],
    "0705.1870": [
      289
    ],
    "0705.3422": [
      1204,
      1291
    ],
    "0705.3974": [
      2128
    ],
    "0705.4255": [
      785
    ],
    "0706.0205": [
      2285
    ],
    "0706.1507": [
      1358
    ],
    "0706.1615": [
      1699
    ],
    "0706.3198": [
      231
    ],
    "0706.3346": [
      1365
    ],
    "0706.3479": [
      2518,
      3561
    ],
    "0706.3989": [
      466
    ],
    "0706.4408": [
      2640
    ],
    "0707.0401": [
      593
    ],
    "0707.1066": [
      1813
    ],
    "0707.1992": [
      2489
    ],
    "0707.2715": [
      340
    ],
    "0707.3559": [
      22531
    ],
    "0812.4118": [
      2075,
      2092,
      2399
    ],
    "0901.0048": [
      3933
    ],
    "0901.1775": [
      479
    ],
    "0901.3799": [
      358,
      363,
      768,
      991,
      1168
    ],
    "0901.4445": [
      247
    ],
    "0902.2451": [
      862
    ],
    "1007.1780": [
      1556
    ],
    "1007.2270": [
      3788
    ],
    "1007.2615": [
      2487
    ],
    "1007.2649": [
      1733
    ],
    "1007.3147": [
      193
    ],
    "1007.4866": [
      9270
    ],
    "1008.1629": [
      4150,
      5768
    ],
    "1008.2299": [
      1679
    ],
    "1008.3918": [
      200
    ],
    "1008.3977": [
      1861
    ],
    "1008.4471": [
      2801
    ],
    "1009.0698": [
      130
    ],
    "1009.1449": [
      2896
    ],
    "1901.00143v1": [
      476,
      547,
      609
    ],
    "2007.10906v1": [
      388
    ],
    "2109.07651v1": [
      1822
    ],
    "2206.15175v1": [
      8371
    ],
    "2207.10460v1": [
      1980
    ],
    "2207.12292v1": [
      3047
    ],
    "2207.14618v1": [
      935
    ],
    "2211.10818v1": [
      33983
    ],
    "2303.05446v2": [
      2827
    ],
    "2401.01773v1": [
      2131
    ],
    "2406.08376v1": [
      2610
    ],
    "2409.02493v1": [
      1575
    ],
    "2412.14981v1": [
      894
    ],
    "2501.04638v2": [
      3332
    ],
    "2506.03958v2": [
      2623
    ],
    "2509.12328v2": [
      102
    ],
    "2509.24756v1": [
      824
    ],
    "2510.12203v1": [
      6389
    ],
    "2510.23390v1": [
      968
    ],
    "2510.26973v1": [
      412
    ],
    "2511.07902v1": [
      1131
    ]
  },
  "13555": {
    "0704.1852": [
      370,
      1251,
      1411
    ],
    "0704.2064": [
      1974
    ],
    "0704.2704": [
      2469
    ],
    "0704.3780": [
      1146,
      1177
    ],
    "0705.0138": [
      263
    ],
    "0705.0711": [
      807,
      2257
    ],
    "0705.0811": [
      782,
      797,
      824,
      873,
      912,
      923,
      988,
      1119,
      1354,
      1483,
      1576,
      1703,
      1854
    ],
    "0705.1513": [
      6550,
      6561,
      6568,
      6608
    ],
    "0705.1955": [
      2002
    ],
    "0705.3737": [
      38,
      182,
      410,
      671,
      752
    ],
    "0705.4033": [
      530,
      708,
      744,
      953
    ],
    "0705.4682": [
      691,
      749,
      852,
      3617,
      3619,
      3624,
      3714,
      3721,
      3734,
      3778,
      3985,
      4038,
      4043
    ],
    "0706.3230": [
      627
    ],
    "0707.0497": [
      5136
    ],
    "0707.0854": [
      5405,
      5459,
      5462,
      5467
    ],
    "0707.1167": [
      318
    ],
    "0707.2466": [
      375
    ],
    "0707.3577": [
      15415
    ],
    "0707.3962": [
      577
    ],
    "0901.0455": [
      2997
    ],
    "0901.0728": [
      754
    ],
    "0901.1271": [
      5524,
      5558,
      5574,
      5595,
      5605,
      5640,
      5676,
      5714,
      5802,
      5814,
      5843
    ],
    "0901.2170": [
      71,
      219,
      3132
    ],
    "0901.2600": [
      514
    ],
    "0901.3769": [
      128
    ],
    "0901.4203": [
      2145,
      2159
    ],
    "0902.1710": [
      751,
      1561
    ],
    "0902.2069": [
      2366
    ],
    "1008.1482": [
      597
    ],
    "1008.2378": [
      949
    ],
    "1008.3166": [
      3606
    ],
    "1008.5144": [
      6299,
      6480
    ],
    "1008.5398": [
      1765
    ],
    "1809.00902v1": [
      2075
    ],
    "1812.05423v1": [
      1853
    ]
  },
  "27953": {
    "0704.2188": [
      272
    ],
    "0704.3579": [
      3152
    ],
    "0706.1839": [
      816
    ],
    "0707.2194": [
      541
    ],
    "0902.0139": [
      2675
    ],
    "0902.3072": [
      1172,
      1176
    ],
    "1007.3413": [
      4444
    ],
    "1008.3438": [
      7903
    ]
  },
  "37557": {
    "0704.3874": [
      495,
      554
    ],
    "0705.2975": [
      3165
    ],
    "1008.3909": [
      1663
    ]
  }
}