{
  "34952": {
    "0705.1892": [
      1278
    ],
    "0705.2877": [
      2499,
      2698
    ],
    "0812.4118": [
      3147,
      3168
    ],
    "1007.1762": [
      3314
    ],
    "1007.2441": [
      1657
    ],
    "1007.4451": [
      1556
    ],
    "1008.3239": [
      1331
    ],
    "1008.4261": [
      26,
      54,
      105,
      109,
      517,
      532,
      667,
      851,
      943,
      1023,
      1084,
      1458,
      1524,
      1571,
      1603,
      1652,
      1665,
      1779,
      1844,
      1849,
      1879,
      1989,
      2079,
      2309,
      2381,
      2425,
      2446,
      2731,
      2751,
      2757
    ],
    "1008.4606": [
      3016
    ],
    "1008.5389": [
      1614
    ],
    "1009.1010": [
      2512
    ],
    "2303.09221v1": [
      8204
    ],
    "2505.24074v1": [
      2390
    ],
    "2511.07902v1": [
      4700,
      4720,
      4782,
      4818,
      4886,
      5014,
      5150,
      5167,
      5180,
      5194,
      5208,
      5257,
      5276,
      5294,
      5316,
      5337,
      5360,
      5432,
      5451,
      5470,
      5488,
      5604,
      5629,
      5649,
      5666,
      5743,
      5775,
      5799,
      5818,
      5836,
      5847,
      5865,
      5878
    ],
    "2511.12839v1": [
      10927,
      10955
    ]
  }
}