{
  "51324": {
    "0704.3851": [
      4461
    ],
    "0705.2464": [
      1446
    ],
    "0707.1740": [
      1237
    ]
  },
  "28003": {
    "0705.2828": [
      1832
    ],
    "0706.0554": [
      191
    ],
    "0706.1110": [
      366
    ],
    "0706.2983": [
      4020
    ],
    "0706.4312": [
      1149
    ],
    "0707.0430": [
      936
    ],
    "0707.2340": [
      1426
    ],
    "0707.4270": [
      1511
    ],
    "0901.0130": [
      934
    ],
    "0901.0223": [
      924
    ],
    "0901.0235": [
      6812,
      8363
    ],
    "0901.1094": [
      1304
    ],
    "0901.2937": [
      1581,
      1725
    ],
    "0901.4139": [
      2228
    ],
    "0902.3056": [
      1632
    ],
    "1007.2135": [
      701,
      884,
      2390
    ],
    "1007.2694": [
      3423
    ],
    "1007.3479": [
      2695
    ],
    "1007.5461": [
      754
    ],
    "1008.0147": [
      3426,
      3429,
      3460,
      3476
    ],
    "1008.0522": [
      4146
    ],
    "1008.1266": [
      536
    ],
    "1008.1759": [
      1164
    ],
    "1008.2447": [
      3790
    ],
    "1008.2524": [
      18050,
      18060,
      18158,
      18365,
      18489,
      18555
    ],
    "1008.5189": [
      846
    ],
    "1009.0011": [
      945,
      1038
    ],
    "1009.0503": [
      394,
      684
    ],
    "2010.00699v3": [
      39602
    ],
    "2302.03351v1": [
      3072
    ],
    "2310.04212v1": [
      5579
    ],
    "2312.14616v1": [
      2416
    ],
    "2402.14685v1": [
      812,
      5452
    ],
    "2507.19436v2": [
      1107
    ]
  }
}