{
  "52593": {
    "0704.0349": [
      2154
    ],
    "0704.1235": [
      4422
    ],
    "0704.1311": [
      1369
    ],
    "0704.2630": [
      734
    ],
    "0705.3895": [
      3999
    ],
    "0706.1279": [
      144
    ],
    "0706.2788": [
      1762,
      1808,
      1860
    ],
    "0706.4400": [
      3240
    ],
    "0707.1746": [
      1867
    ],
    "0707.2607": [
      1680,
      3271,
      9017,
      9697
    ],
    "0707.3495": [
      2385
    ],
    "0812.4852": [
      5321
    ],
    "0901.0881": [
      1026
    ],
    "0901.4054": [
      82
    ],
    "0901.4107": [
      4047
    ],
    "0901.4930": [
      2927
    ],
    "0902.1623": [
      120
    ],
    "1007.0791": [
      900,
      902
    ],
    "1007.1541": [
      3642,
      21740
    ],
    "1007.1577": [
      390
    ],
    "1007.2344": [
      5224
    ],
    "1007.4433": [
      3309
    ],
    "1008.1438": [
      4536,
      4537
    ],
    "1008.3997": [
      469
    ],
    "1008.4616": [
      1371
    ],
    "1008.5051": [
      124
    ],
    "1008.5331": [
      6201,
      6303
    ],
    "1009.0287": [
      3834
    ],
    "1009.0593": [
      654,
      659
    ],
    "1901.11482v1": [
      2670
    ],
    "1907.06802v2": [
      2681
    ],
    "1908.11198v2": [
      2211
    ],
    "2005.09232v1": [
      2306
    ],
    "2301.10139v3": [
      2501
    ],
    "2302.00634v1": [
      2426
    ],
    "2304.13469v1": [
      5706
    ],
    "2306.01106v1": [
      3302
    ],
    "2306.09061v1": [
      1855
    ],
    "2405.16065v2": [
      2463
    ],
    "2412.10188v2": [
      2067
    ],
    "2504.05502v2": [
      2267
    ],
    "2505.23892v1": [
      11652
    ],
    "2509.04127v1": [
      2264
    ],
    "2509.19239v1": [
      2287
    ],
    "2509.24487v1": [
      5026
    ],
    "2510.02179v1": [
      663
    ],
    "2511.07536v1": [
      410
    ],
    "2511.09716v1": [
      6255
    ],
    "2511.10275v1": [
      2193
    ]
  }
}