{
  "15202": {
    "0704.0739": [
      21
    ],
    "0704.2762": [
      774
    ],
    "0704.3376": [
      1631,
      1639
    ],
    "0704.3966": [
      65
    ],
    "0705.0069": [
      558,
      2776,
      2915
    ],
    "0705.0304": [
      644,
      1120
    ],
    "0705.1974": [
      350
    ],
    "0705.2235": [
      1566
    ],
    "0706.0073": [
      301
    ],
    "0706.0961": [
      5863
    ],
    "0706.3074": [
      9124
    ],
    "0706.4128": [
      6647
    ],
    "0707.0600": [
      1662
    ],
    "0707.0609": [
      5088,
      11164,
      15263,
      15555
    ],
    "0707.1799": [
      40
    ],
    "0707.4637": [
      18321
    ],
    "0812.4394": [
      23
    ],
    "0812.4744": [
      2138
    ],
    "0901.0765": [
      1179
    ],
    "0901.2381": [
      686
    ],
    "0901.2410": [
      91
    ],
    "0901.4203": [
      825
    ],
    "0901.4881": [
      25
    ],
    "0902.0656": [
      486
    ],
    "0902.2973": [
      283,
      1390
    ],
    "0902.3104": [
      1110
    ],
    "1007.4723": [
      766
    ],
    "1007.5080": [
      315,
      6610
    ],
    "1008.0624": [
      15
    ],
    "1008.1376": [
      194
    ],
    "1008.2218": [
      3383,
      3684,
      3856
    ],
    "1009.0199": [
      2677
    ],
    "2006.04440v2": [
      1316
    ],
    "2110.07559v16": [
      1167
    ],
    "2112.01664v1": [
      5513
    ],
    "2205.15774v1": [
      314
    ],
    "2207.12292v1": [
      1254
    ],
    "2212.11504v1": [
      1420
    ],
    "2412.14944v1": [
      613,
      864,
      2792,
      2905
    ],
    "2507.12495v1": [
      3040
    ],
    "2511.06579v2": [
      29
    ],
    "2511.07323v2": [
      3089,
      3094,
      3726,
      3989
    ],
    "2511.14520v1": [
      1541
    ],
    "2511.14666v1": [
      2967,
      3077,
      3204
    ],
    "2511.14742v1": [
      6075,
      6089
    ]
  }
}