{
  "30802": {
    "0704.1028": [
      2190
    ],
    "0706.0244": [
      1427
    ],
    "0706.3159": [
      2821
    ],
    "0706.3336": [
      2505,
      3647,
      4007
    ],
    "0812.4580": [
      2509
    ],
    "0812.4581": [
      2567
    ],
    "0901.1397": [
      9
    ],
    "0901.3200": [
      1076,
      1205,
      1702,
      1717
    ],
    "0901.3481": [
      1548
    ],
    "0902.0392": [
      2236
    ],
    "0902.1875": [
      284,
      293,
      300,
      306,
      20762,
      20776,
      20780,
      20790,
      20799,
      20911,
      21002,
      21005,
      21013
    ],
    "1007.2123": [
      8,
      55,
      12341,
      12431
    ],
    "1008.2542": [
      2526
    ],
    "1008.2591": [
      3696
    ],
    "1009.0305": [
      16945
    ],
    "2511.07764v1": [
      4524
    ],
    "2511.10296v1": [
      3590
    ]
  },
  "34189": {
    "0706.2344": [
      1744
    ],
    "0706.3536": [
      4949
    ],
    "0707.2677": [
      2733
    ],
    "0707.3293": [
      2541
    ],
    "1007.1465": [
      3238
    ],
    "1008.2741": [
      6312
    ],
    "2407.05199v1": [
      6132
    ]
  }
}