{
  "22027": {
    "0704.0807": [
      10,
      12,
      4467,
      4478,
      4616,
      4628,
      4680,
      4731,
      4748,
      4770,
      4868
    ],
    "0704.2546": [
      329
    ],
    "0704.3292": [
      25
    ],
    "0704.3391": [
      23
    ],
    "0704.3396": [
      23
    ],
    "0704.3399": [
      29
    ],
    "0704.3411": [
      1357
    ],
    "0705.0816": [
      318
    ],
    "0705.1478": [
      154
    ],
    "0707.2324": [
      307
    ],
    "0812.4868": [
      16
    ],
    "0901.2601": [
      2677
    ],
    "0901.3484": [
      3197
    ],
    "0901.4750": [
      372,
      2310,
      2636,
      2828
    ],
    "0902.0832": [
      15
    ],
    "1007.1055": [
      50
    ],
    "1007.1682": [
      30
    ],
    "1007.3553": [
      74,
      2837
    ],
    "1007.3790": [
      143,
      147
    ],
    "1007.4284": [
      2702
    ],
    "1008.3100": [
      191
    ],
    "1008.4492": [
      612,
      705
    ],
    "1009.0638": [
      5371
    ],
    "1009.1172": [
      14
    ],
    "1907.07993v1": [
      779
    ],
    "2206.01877v1": [
      4892,
      5027,
      5030
    ],
    "2209.14545v1": [
      32833
    ],
    "2305.02249v1": [
      2017
    ],
    "2505.05514v1": [
      24
    ],
    "2508.14188v1": [
      35,
      53,
      6527
    ],
    "2509.16314v1": [
      21
    ],
    "2509.26567v1": [
      3472,
      3477
    ],
    "2511.06187v1": [
      4470
    ]
  }
}