{
  "52543": {
    "0704.2361": [
      154
    ],
    "0704.2950": [
      10855
    ],
    "0705.1730": [
      36925
    ],
    "0705.2156": [
      401
    ],
    "0705.2377": [
      2978,
      4116
    ],
    "0705.2450": [
      90,
      753,
      761,
      792,
      798,
      829,
      838
    ],
    "0705.2459": [
      139
    ],
    "0705.2461": [
      526
    ],
    "0705.4584": [
      46,
      47,
      68,
      105,
      153,
      154,
      239,
      532,
      569,
      1258,
      1274,
      1369,
      1641,
      1807,
      1886,
      1925,
      2057
    ],
    "0706.1312": [
      5819
    ],
    "0706.3336": [
      7791
    ],
    "0707.0609": [
      11156
    ],
    "0707.1224": [
      4253
    ],
    "0707.1288": [
      2002,
      2489
    ],
    "0707.3603": [
      2316
    ],
    "0901.0632": [
      4724,
      4729
    ],
    "0901.1640": [
      887
    ],
    "0901.1927": [
      741,
      759,
      807,
      1083,
      1102
    ],
    "0901.2524": [
      79,
      2273
    ],
    "0902.0721": [
      3987
    ],
    "0902.1846": [
      262
    ],
    "0902.1875": [
      17824
    ],
    "1007.1208": [
      6233
    ],
    "1007.1398": [
      129,
      664,
      968,
      978,
      1060,
      1067,
      1215,
      1247,
      2957,
      2982,
      4325,
      4329
    ],
    "1008.2743": [
      29,
      54,
      64,
      101,
      131,
      141,
      191,
      217,
      403,
      421,
      658,
      778,
      782,
      787,
      843,
      859,
      1078,
      1723,
      2584,
      2588,
      2625,
      2632,
      2652,
      2661,
      2678,
      3393,
      3558,
      3572,
      3582,
      3647,
      3709,
      3789,
      3794,
      3798,
      4454,
      4503,
      4519,
      4615,
      4727,
      4733,
      4747,
      4844,
      4889,
      4895,
      4923,
      5197,
      5211,
      5411
    ],
    "1008.3392": [
      244,
      285,
      654
    ],
    "1009.0439": [
      1652
    ],
    "1009.1166": [
      458,
      5908
    ],
    "1802.04154v1": [
      13048
    ],
    "2107.13032v1": [
      6716
    ],
    "2111.15272v3": [
      2997
    ],
    "2507.13850v1": [
      4415
    ],
    "2510.24143v1": [
      257,
      280
    ]
  },
  "25031": {
    "0706.3610": [
      1458
    ],
    "1007.4057": [
      5257,
      5269,
      5392
    ],
    "1008.4931": [
      572,
      5089
    ],
    "1901.02286v1": [
      2876
    ],
    "1911.12788v1": [
      3377
    ],
    "2009.11826v3": [
      3107
    ],
    "2203.03171v2": [
      5685
    ],
    "2204.10564v1": [
      3234
    ],
    "2303.07860v2": [
      4970
    ],
    "2510.24524v1": [
      5754
    ]
  }
}