{
  "18080": {
    "1007.2796": [
      3539
    ],
    "2107.05872v1": [
      403,
      1061,
      2044,
      2049,
      2760,
      3347,
      3688,
      3758
    ],
    "2111.06397v1": [
      3041
    ],
    "2304.12048v1": [
      2698
    ],
    "2402.01856v2": [
      739
    ],
    "2405.10744v1": [
      401,
      1087,
      1184,
      1216,
      1522,
      1652
    ],
    "2405.10759v2": [
      146,
      578,
      3389,
      3415,
      3442,
      3501,
      3533,
      4157
    ],
    "2412.00519v1": [
      1748,
      2062,
      2074,
      2083,
      2102,
      5563,
      5630,
      8525,
      8569
    ],
    "2506.12386v2": [
      182,
      1766
    ],
    "2509.05644v1": [
      1612
    ]
  }
}