{
  "48896": {
    "0704.0084": [
      4270
    ],
    "0706.3762": [
      1114
    ],
    "2210.14580v2": [
      6554
    ]
  },
  "48895": {
    "2511.03904v1": [
      3536
    ]
  }
}