{
  "42383": {
    "0706.3200": [
      2274
    ],
    "2509.08298v1": [
      1766
    ]
  },
  "33011": {
    "0901.4642": [
      23,
      26
    ],
    "2407.18188v2": [
      43
    ],
    "2508.14112v2": [
      6978
    ]
  }
}