{
  "45328": {
    "0706.2182": [
      1230
    ],
    "1806.07501v2": [
      2336
    ],
    "2410.02138v1": [
      5332
    ]
  }
}