{
  "52419": {
    "0704.1434": [
      6064
    ],
    "0704.2019": [
      15
    ],
    "0704.3085": [
      275
    ],
    "0704.3690": [
      8076
    ],
    "0705.1845": [
      3651
    ],
    "0705.1932": [
      1523
    ],
    "0705.3503": [
      10
    ],
    "0706.0415": [
      3117
    ],
    "0706.2034": [
      2292
    ],
    "0706.3199": [
      1740
    ],
    "0706.3256": [
      323
    ],
    "0707.0258": [
      2277,
      2278,
      2283
    ],
    "0707.1266": [
      207
    ],
    "0707.1417": [
      690
    ],
    "0707.2547": [
      2470
    ],
    "0708.0108": [
      2254,
      3979,
      4720,
      4730,
      6478,
      6667
    ],
    "0812.5006": [
      342
    ],
    "0901.1945": [
      7
    ],
    "0901.2024": [
      557
    ],
    "0901.2586": [
      38
    ],
    "0901.3003": [
      398
    ],
    "0901.3438": [
      596
    ],
    "0901.4619": [
      1230
    ],
    "0902.0202": [
      18
    ],
    "0902.1446": [
      5795,
      10124
    ],
    "0902.2209": [
      220
    ],
    "0902.2634": [
      1387,
      1402
    ],
    "1007.0853": [
      85
    ],
    "1007.1292": [
      237,
      244
    ],
    "1007.2026": [
      1012
    ],
    "1007.2027": [
      2611,
      2804
    ],
    "1007.2484": [
      8412
    ],
    "1007.3535": [
      262,
      518,
      562,
      568,
      578,
      1017,
      1311
    ],
    "1007.4756": [
      2199,
      4458
    ],
    "1007.5365": [
      1458
    ],
    "1008.0134": [
      519
    ],
    "1008.2118": [
      458,
      464
    ],
    "1008.2368": [
      3251
    ],
    "1008.3020": [
      288
    ],
    "1008.3512": [
      311
    ],
    "1008.5080": [
      47
    ],
    "1009.0193": [
      1268,
      1274
    ],
    "1009.0906": [
      5143
    ],
    "1901.02297v1": [
      628
    ],
    "2101.05007v1": [
      14137
    ],
    "2103.16778v4": [
      9931,
      11465
    ],
    "2301.10255v3": [
      2998
    ],
    "2302.12524v3": [
      2131
    ],
    "2303.09502v2": [
      3225
    ],
    "2305.15168v1": [
      2804
    ],
    "2307.03287v3": [
      25647
    ],
    "2403.07107v1": [
      3578
    ],
    "2501.00979v1": [
      2180
    ],
    "2507.00954v1": [
      5669
    ],
    "2508.11202v2": [
      3271
    ],
    "2510.02462v1": [
      6443
    ],
    "2511.13638v1": [
      3867
    ]
  }
}