{
  "41445": {
    "0707.2180": [
      13
    ],
    "0707.3250": [
      1210
    ],
    "0901.4837": [
      4745
    ],
    "1007.2495": [
      3994
    ],
    "2012.06116v1": [
      31570,
      42443
    ],
    "2209.05037v1": [
      2711
    ],
    "2209.14545v1": [
      28,
      3723,
      33619,
      33622,
      33838
    ],
    "2411.07145v1": [
      1966
    ]
  }
}