{
  "51997": {
    "0704.3103": [
      1756
    ],
    "0705.1251": [
      1171
    ],
    "0705.3860": [
      3919
    ],
    "0705.4107": [
      10367,
      12123
    ],
    "0707.1738": [
      3614
    ],
    "0812.4393": [
      16,
      21
    ],
    "0901.1742": [
      2297,
      2664
    ],
    "0901.1744": [
      92,
      322
    ],
    "0902.2237": [
      16,
      21
    ],
    "1007.3426": [
      4235
    ],
    "1007.4959": [
      1350,
      1387,
      1431,
      1446
    ],
    "1910.02795v2": [
      1706
    ],
    "2005.13453v2": [
      1962,
      2023
    ],
    "2508.21702v1": [
      1179
    ]
  }
}