{
  "9228": {
    "0704.0659": [
      1311,
      1440,
      1707,
      2596
    ],
    "0704.1899": [
      1474
    ],
    "0704.3331": [
      1512,
      1543,
      4598
    ],
    "0705.2675": [
      2476
    ],
    "0705.4643": [
      4691
    ],
    "0706.0500": [
      5674
    ],
    "0706.0657": [
      1727
    ],
    "0706.1074": [
      6084,
      9097,
      9102
    ],
    "0706.1132": [
      2444
    ],
    "0706.2100": [
      2593
    ],
    "0706.2120": [
      1762,
      1771
    ],
    "0707.2288": [
      1204
    ],
    "0708.0106": [
      788,
      3252,
      3417
    ],
    "0812.4358": [
      4838
    ],
    "0901.0617": [
      8050
    ],
    "0901.0799": [
      2554,
      2611
    ],
    "0901.4737": [
      5970
    ],
    "0902.0571": [
      2072,
      2123,
      2164,
      3783,
      6424
    ],
    "0902.1137": [
      8130,
      8132
    ],
    "0902.1535": [
      6595,
      8118,
      8141
    ],
    "0902.1751": [
      3838
    ],
    "0902.1773": [
      1377
    ],
    "0902.2378": [
      4226
    ],
    "0902.2787": [
      4744
    ],
    "1007.1668": [
      1685
    ],
    "1007.2164": [
      1683
    ],
    "1007.2533": [
      4120,
      4126,
      4217
    ],
    "1007.4545": [
      474,
      6435
    ],
    "1007.4894": [
      1531
    ],
    "1008.1352": [
      1264
    ],
    "1008.1807": [
      4378
    ],
    "1008.1808": [
      4305
    ],
    "1008.2144": [
      14788,
      14940
    ],
    "1008.2232": [
      10364
    ],
    "1008.3818": [
      454,
      656,
      964,
      1232,
      1543,
      1975,
      2475,
      2518,
      2555,
      2560,
      2563
    ],
    "1008.4175": [
      6080,
      6784,
      6789
    ],
    "1009.0221": [
      2446
    ],
    "2505.10038v1": [
      3944,
      3951
    ],
    "2507.10682v1": [
      7191
    ],
    "2508.01717v1": [
      8110,
      8187,
      8263,
      8268,
      8272,
      8339
    ],
    "2508.01962v2": [
      4805
    ],
    "2508.02599v1": [
      2547
    ],
    "2508.03089v1": [
      2092,
      2136
    ],
    "2508.03809v2": [
      10502
    ],
    "2508.04272v1": [
      5546
    ],
    "2508.05233v2": [
      5448
    ],
    "2508.06727v2": [
      2576,
      2648
    ],
    "2508.08364v2": [
      7360
    ],
    "2508.09482v2": [
      10128
    ],
    "2508.10088v1": [
      1591
    ],
    "2508.10984v1": [
      5544,
      5614
    ],
    "2508.12677v1": [
      6310,
      6642,
      6961
    ],
    "2508.13270v2": [
      4313
    ],
    "2508.14144v1": [
      4993
    ],
    "2508.14161v1": [
      5966,
      6141,
      6185
    ],
    "2508.14163v2": [
      4655
    ],
    "2508.14752v1": [
      3221
    ],
    "2508.14971v2": [
      7999
    ],
    "2508.15624v1": [
      4270
    ],
    "2508.19509v1": [
      7075
    ],
    "2508.19695v1": [
      4504
    ],
    "2508.19998v1": [
      4738
    ],
    "2508.20319v1": [
      3296,
      3453
    ],
    "2508.20802v1": [
      5048
    ],
    "2508.21027v2": [
      4269,
      4307,
      4687
    ],
    "2508.21116v1": [
      5373
    ],
    "2508.21573v1": [
      4995
    ],
    "2508.21805v1": [
      4356,
      4761
    ],
    "2509.01302v1": [
      3270,
      3345
    ],
    "2509.01672v1": [
      3246
    ],
    "2509.02677v2": [
      6312
    ],
    "2509.04637v1": [
      2991,
      3832
    ],
    "2509.05243v1": [
      6134,
      6294,
      6312
    ],
    "2509.05976v1": [
      3669
    ],
    "2509.06886v2": [
      17905,
      17914,
      17983,
      19179,
      19183
    ],
    "2509.07708v1": [
      1575
    ],
    "2509.08118v1": [
      4280
    ],
    "2509.08426v1": [
      9579,
      9621
    ],
    "2509.08880v1": [
      4974,
      4992,
      6647
    ],
    "2509.08900v1": [
      4206
    ],
    "2509.10002v1": [
      3386
    ],
    "2509.12488v1": [
      4752
    ],
    "2509.13009v1": [
      6444,
      6970
    ],
    "2509.13413v1": [
      3020
    ],
    "2509.14539v1": [
      11810
    ],
    "2509.15580v1": [
      6017
    ],
    "2509.16168v1": [
      4601
    ],
    "2509.16840v1": [
      1986
    ],
    "2509.18421v1": [
      802,
      11010,
      11109,
      11116,
      11125,
      11467,
      12270,
      12281,
      12716
    ],
    "2509.18543v1": [
      3775
    ],
    "2509.20531v1": [
      9196,
      9789
    ],
    "2509.21467v1": [
      16335
    ],
    "2509.21521v1": [
      3161
    ],
    "2509.22990v1": [
      8100,
      10983
    ],
    "2509.25915v1": [
      3826
    ],
    "2510.02132v1": [
      2709
    ],
    "2510.02846v1": [
      1962
    ],
    "2510.04872v1": [
      5601
    ],
    "2510.07573v1": [
      8060
    ],
    "2510.08231v1": [
      5214
    ],
    "2510.09745v1": [
      8708,
      8723,
      9201,
      9970,
      9986
    ],
    "2510.11922v1": [
      4888
    ],
    "2510.12500v3": [
      3537
    ],
    "2510.13339v1": [
      4294,
      4298
    ],
    "2510.15393v2": [
      4320
    ],
    "2510.15540v2": [
      5351,
      5359,
      5366
    ],
    "2510.15654v1": [
      4383
    ],
    "2510.15723v2": [
      5698
    ],
    "2510.16201v1": [
      6783
    ],
    "2510.16275v1": [
      2616
    ],
    "2510.16307v1": [
      6841
    ],
    "2510.17032v1": [
      926,
      3301,
      3307,
      3356,
      3379,
      3434,
      3482,
      3487,
      3492,
      3495,
      3498,
      3502,
      3505,
      3602,
      3615,
      3624,
      3664,
      3746
    ],
    "2510.18965v1": [
      10102
    ],
    "2510.19810v1": [
      5198
    ],
    "2510.19903v1": [
      5083
    ],
    "2510.19965v1": [
      5452,
      5462,
      5466,
      5475
    ],
    "2510.20904v1": [
      2868
    ],
    "2510.20913v1": [
      10175
    ],
    "2510.21070v1": [
      34059,
      35505,
      37420,
      37430,
      37439,
      37452,
      39522,
      39967
    ],
    "2510.21577v1": [
      5674,
      5681
    ],
    "2510.25500v1": [
      5504
    ],
    "2511.01522v1": [
      2861
    ],
    "2511.02068v1": [
      5953
    ],
    "2511.02523v1": [
      4601
    ],
    "2511.03018v1": [
      1090,
      1097
    ],
    "2511.04857v1": [
      5972
    ],
    "2511.05248v1": [
      44203
    ],
    "2511.06554v1": [
      4842
    ],
    "2511.06987v1": [
      6811
    ],
    "2511.07190v1": [
      5106
    ],
    "2511.08516v1": [
      5247
    ],
    "2511.08790v1": [
      6674
    ],
    "2511.09719v1": [
      5203
    ],
    "2511.10109v1": [
      2277
    ],
    "2511.10728v1": [
      3428
    ],
    "2511.11247v1": [
      20526,
      21176
    ],
    "2511.14372v1": [
      4373
    ],
    "2511.14372v2": [
      4382
    ],
    "2511.14596v1": [
      4441
    ],
    "2511.14686v1": [
      3776
    ],
    "2511.15347v1": [
      6384,
      6398,
      6425,
      6443,
      6619,
      6987,
      7217
    ]
  }
}