{
  "34941": {
    "0704.0794": [
      12
    ],
    "0705.4316": [
      14
    ],
    "0706.3421": [
      41
    ],
    "0708.0001": [
      10
    ],
    "0901.1680": [
      1558,
      2001
    ],
    "0902.0775": [
      3914
    ],
    "0902.2020": [
      18
    ],
    "0902.2343": [
      56
    ],
    "0902.2397": [
      16
    ],
    "1007.1417": [
      5784
    ],
    "1007.2535": [
      23
    ],
    "1007.5058": [
      5073
    ],
    "1008.5147": [
      1727
    ],
    "1009.1018": [
      16
    ],
    "1903.04589v1": [
      81
    ],
    "2102.12312v1": [
      63
    ],
    "2205.01746v1": [
      4638
    ],
    "2509.12351v1": [
      9
    ],
    "2511.05994v1": [
      5134,
      5151
    ]
  },
  "13185": {
    "0704.0809": [
      3804
    ],
    "0704.1314": [
      3065
    ],
    "0704.1678": [
      8048
    ],
    "0704.2295": [
      3829
    ],
    "0704.2507": [
      1739
    ],
    "0704.2670": [
      3,
      16685
    ],
    "0704.2896": [
      10
    ],
    "0704.3045": [
      3829
    ],
    "0704.3377": [
      19
    ],
    "0704.3781": [
      3365
    ],
    "0705.0158": [
      2913
    ],
    "0705.1131": [
      2394
    ],
    "0705.1156": [
      1636
    ],
    "0705.2313": [
      4003
    ],
    "0705.2690": [
      2069
    ],
    "0705.2876": [
      4253
    ],
    "0705.3860": [
      477,
      842,
      3877,
      3994
    ],
    "0705.4274": [
      9
    ],
    "0706.0090": [
      2781
    ],
    "0706.0309": [
      4,
      181,
      320
    ],
    "0706.0470": [
      102,
      331,
      618,
      924,
      1265,
      1535,
      1802,
      2033,
      2239,
      2515,
      2643,
      3039
    ],
    "0706.0879": [
      3
    ],
    "0706.1080": [
      11,
      25
    ],
    "0706.1117": [
      3253
    ],
    "0706.1141": [
      9
    ],
    "0706.1226": [
      676
    ],
    "0706.1311": [
      7711
    ],
    "0706.1413": [
      4686
    ],
    "0706.1988": [
      25267
    ],
    "0706.2431": [
      5,
      159,
      438,
      585,
      862
    ],
    "0706.2433": [
      7
    ],
    "0706.2919": [
      20
    ],
    "0706.2986": [
      348,
      357,
      7918
    ],
    "0706.3108": [
      6,
      209
    ],
    "0706.3623": [
      2437
    ],
    "0706.3668": [
      1597
    ],
    "0706.3693": [
      9
    ],
    "0706.3810": [
      9
    ],
    "0706.4261": [
      2003
    ],
    "0706.4430": [
      358
    ],
    "0707.0086": [
      5766
    ],
    "0707.0249": [
      513
    ],
    "0707.0324": [
      1142
    ],
    "0707.0339": [
      8
    ],
    "0707.0522": [
      3695
    ],
    "0707.0643": [
      2199
    ],
    "0707.0915": [
      6
    ],
    "0707.1555": [
      3026
    ],
    "0707.1661": [
      995
    ],
    "0707.1668": [
      12
    ],
    "0707.1991": [
      2359
    ],
    "0707.2048": [
      8
    ],
    "0707.2069": [
      10,
      6249
    ],
    "0707.2224": [
      2613
    ],
    "0707.3221": [
      1249,
      1257
    ],
    "0707.3380": [
      116
    ],
    "0707.3413": [
      245
    ],
    "0707.3490": [
      2341,
      2368,
      2380
    ],
    "0707.3602": [
      2488
    ],
    "0707.3688": [
      13
    ],
    "0707.3775": [
      3605
    ],
    "0707.3812": [
      7,
      1235
    ],
    "0707.3891": [
      2722
    ],
    "0707.4195": [
      3459
    ],
    "0707.4215": [
      1854
    ],
    "0707.4394": [
      27
    ],
    "0707.4470": [
      5769
    ],
    "0812.3899": [
      6908
    ],
    "0812.4388": [
      4
    ],
    "0812.4452": [
      3857
    ],
    "0812.4485": [
      903
    ],
    "0812.4741": [
      1287
    ],
    "0901.0063": [
      9
    ],
    "0901.0356": [
      11267
    ],
    "0901.0678": [
      5122,
      5132,
      10229,
      11144,
      18475,
      23098
    ],
    "0901.0891": [
      2191
    ],
    "0901.1429": [
      1604
    ],
    "0901.1523": [
      3026,
      3035
    ],
    "0901.1729": [
      1558
    ],
    "0901.1874": [
      8
    ],
    "0901.1998": [
      7
    ],
    "0901.2044": [
      14
    ],
    "0901.2203": [
      11480
    ],
    "0901.2254": [
      3393
    ],
    "0901.2297": [
      12,
      14
    ],
    "0901.2349": [
      2929
    ],
    "0901.2937": [
      107
    ],
    "0901.3117": [
      2201
    ],
    "0901.3173": [
      12
    ],
    "0901.3345": [
      4335
    ],
    "0901.3484": [
      21
    ],
    "0901.3913": [
      11
    ],
    "0901.4203": [
      4821
    ],
    "0901.4331": [
      18
    ],
    "0901.4431": [
      7367
    ],
    "0901.4453": [
      804,
      1194
    ],
    "0901.4615": [
      1511
    ],
    "0902.0194": [
      3692
    ],
    "0902.0391": [
      2968
    ],
    "0902.0619": [
      2903
    ],
    "0902.0639": [
      1620
    ],
    "0902.1082": [
      1208
    ],
    "0902.1568": [
      4364
    ],
    "0902.1621": [
      2589
    ],
    "0902.1754": [
      6116
    ],
    "0902.1828": [
      4
    ],
    "0902.1834": [
      4005
    ],
    "0902.2033": [
      1582
    ],
    "0902.2732": [
      3686
    ],
    "0902.2839": [
      3037
    ],
    "1007.0887": [
      4775
    ],
    "1007.1191": [
      4097
    ],
    "1007.1412": [
      9,
      292,
      886,
      1361,
      1805,
      2068,
      2475,
      2907,
      3282,
      3669,
      4031,
      4290,
      4650,
      4972,
      5265,
      5664,
      6102,
      6489,
      6907,
      7317,
      7849
    ],
    "1007.1730": [
      4595,
      4608,
      4633
    ],
    "1007.1737": [
      4128
    ],
    "1007.1904": [
      4072
    ],
    "1007.2240": [
      3817
    ],
    "1007.2447": [
      6350
    ],
    "1007.2906": [
      2812
    ],
    "1007.3150": [
      14
    ],
    "1007.3572": [
      4442
    ],
    "1007.3672": [
      54
    ],
    "1007.4181": [
      2245
    ],
    "1007.4303": [
      7,
      4397
    ],
    "1007.5087": [
      6140
    ],
    "1007.5097": [
      2830
    ],
    "1007.5251": [
      10
    ],
    "1008.0109": [
      7
    ],
    "1008.0110": [
      7
    ],
    "1008.0480": [
      15
    ],
    "1008.0484": [
      18
    ],
    "1008.0823": [
      7,
      12
    ],
    "1008.0833": [
      3340
    ],
    "1008.0839": [
      3235
    ],
    "1008.1194": [
      3255
    ],
    "1008.1360": [
      6
    ],
    "1008.1410": [
      153,
      1597
    ],
    "1008.1911": [
      1752
    ],
    "1008.2147": [
      13
    ],
    "1008.2362": [
      2188
    ],
    "1008.2727": [
      13,
      15
    ],
    "1008.2924": [
      5,
      981
    ],
    "1008.3193": [
      2791
    ],
    "1008.3561": [
      21217
    ],
    "1008.3947": [
      15
    ],
    "1008.4525": [
      2244
    ],
    "1008.4667": [
      2248
    ],
    "1008.5022": [
      1000
    ],
    "1008.5162": [
      10
    ],
    "1008.5380": [
      7
    ],
    "1009.0044": [
      1675
    ],
    "1009.0218": [
      4762
    ],
    "1009.0429": [
      13
    ],
    "1009.0585": [
      1794
    ],
    "1009.1052": [
      2084
    ],
    "1009.1067": [
      3044
    ],
    "1705.01066v3": [
      4293
    ],
    "1706.08404v2": [
      3724
    ],
    "1708.03556v1": [
      31,
      3485,
      6126,
      6283,
      6293,
      6300,
      6307,
      6313,
      6320,
      6327,
      6332,
      7161
    ],
    "1711.03155v3": [
      2042
    ],
    "1711.08262v2": [
      4971
    ],
    "1801.10423v2": [
      2401
    ],
    "1802.04154v1": [
      8302
    ],
    "1802.08585v1": [
      3794,
      3823
    ],
    "1803.01935v1": [
      2536
    ],
    "1803.03853v1": [
      8174
    ],
    "1806.05884v2": [
      5,
      7520,
      7531,
      7553,
      7566,
      7572,
      7752,
      7761,
      7771,
      7808,
      7841,
      7888
    ],
    "1807.06088v2": [
      17
    ],
    "1807.08791v3": [
      7,
      3389,
      3523,
      3537,
      3661,
      3760
    ],