{
  "23621": {
    "0704.1627": [
      6250
    ],
    "0704.2132": [
      789
    ],
    "0704.3858": [
      2922
    ],
    "0705.0407": [
      1905,
      1910
    ],
    "0705.3807": [
      465
    ],
    "0706.0029": [
      2649,
      2652,
      3053,
      3080
    ],
    "0706.0776": [
      607
    ],
    "0707.0439": [
      679
    ],
    "0707.2902": [
      293
    ],
    "0707.3602": [
      1410,
      1413
    ],
    "0707.4278": [
      573
    ],
    "0901.1260": [
      1361,
      1368
    ],
    "0901.1731": [
      454,
      464
    ],
    "0901.2667": [
      1643
    ],
    "0901.2793": [
      373
    ],
    "0901.2954": [
      12
    ],
    "0901.4598": [
      6024
    ],
    "0902.0191": [
      1250,
      1259,
      1329,
      1597,
      1606,
      2672,
      2678,
      2734,
      2756,
      2901,
      5655,
      5682,
      5815,
      5961
    ],
    "0902.0389": [
      1348
    ],
    "1007.1845": [
      450
    ],
    "1007.2991": [
      632
    ],
    "1007.3456": [
      3885
    ],
    "1007.3646": [
      1738
    ],
    "1007.3691": [
      446
    ],
    "1007.5064": [
      311
    ],
    "1008.0039": [
      1929,
      2091,
      2577,
      2697,
      2707,
      2856,
      3150,
      3176,
      3255,
      3322
    ],
    "1008.1155": [
      1536
    ],
    "1008.2139": [
      756
    ],
    "1008.2151": [
      416
    ],
    "1008.2276": [
      646
    ],
    "1008.3798": [
      762,
      764
    ],
    "1009.0456": [
      7222,
      7288
    ],
    "1009.1238": [
      641
    ],
    "2103.11718v1": [
      942
    ],
    "2111.06887v1": [
      3169
    ],
    "2208.00892v2": [
      10901
    ],
    "2502.02469v1": [
      5963
    ],
    "2509.06103v1": [
      680,
      792,
      893,
      1026,
      1376,
      1383,
      1504,
      1611,
      2001,
      2093,
      2299,
      2454,
      2496,
      2621,
      4333,
      4349,
      4380,
      4670,
      5319
    ],
    "2510.06474v1": [
      1997
    ],
    "2511.09040v1": [
      7761
    ]
  },
  "40271": {
    "0704.2607": [
      5449
    ],
    "0706.4416": [
      6571
    ],
    "1007.0776": [
      393
    ],
    "1007.2589": [
      1019
    ],
    "1007.3548": [
      663
    ],
    "1007.3689": [
      102
    ],
    "1008.4990": [
      256
    ],
    "1009.0255": [
      1310,
      1318,
      1498,
      1572,
      1588,
      2086,
      2424,
      2540,
      2555,
      2596
    ]
  },
  "40270": {
    "0704.3094": [
      8
    ],
    "0707.0498": [
      12
    ],
    "0902.0191": [
      1822,
      1839,
      1993,
      2065,
      2082,
      4957
    ]
  }
}