{
  "20874": {
    "0704.2929": [
      2401,
      12031
    ],
    "0704.2931": [
      12165
    ],
    "0704.3108": [
      171
    ],
    "0704.3263": [
      2779,
      3169
    ],
    "0704.3419": [
      296,
      624
    ],
    "0705.0651": [
      3422
    ],
    "0705.1324": [
      1319
    ],
    "0705.3032": [
      577,
      937
    ],
    "0705.3737": [
      1230
    ],
    "0706.0336": [
      404
    ],
    "0706.0392": [
      1457
    ],
    "0706.1556": [
      2521
    ],
    "0706.1868": [
      5793,
      7185
    ],
    "0706.2111": [
      3222
    ],
    "0706.3090": [
      2191,
      2194,
      2253
    ],
    "0706.3825": [
      2930
    ],
    "0707.3455": [
      4437
    ],
    "0708.0259": [
      2237
    ],
    "0901.0235": [
      13061
    ],
    "0901.0296": [
      1628
    ],
    "0901.0911": [
      2653
    ],
    "0901.1046": [
      2618
    ],
    "0901.2801": [
      555
    ],
    "0901.4435": [
      2899
    ],
    "0902.0269": [
      1751
    ],
    "0902.2080": [
      2034
    ],
    "1007.0920": [
      1915
    ],
    "1007.1647": [
      12384
    ],
    "1007.2111": [
      2468
    ],
    "1007.2113": [
      13851
    ],
    "1007.2158": [
      1791
    ],
    "1007.3905": [
      76,
      2657
    ],
    "1007.4058": [
      2836
    ],
    "1007.4530": [
      5587
    ],
    "1007.4852": [
      10
    ],
    "1007.5229": [
      2500,
      2707,
      2716
    ],
    "1008.2290": [
      475
    ],
    "1009.0226": [
      293
    ],
    "1009.0488": [
      2542,
      7275
    ],
    "1009.0825": [
      2760
    ],
    "1009.1302": [
      214
    ],
    "1705.07840v1": [
      5136
    ],
    "1705.08725v1": [
      5778
    ],
    "1708.05780v3": [
      676,
      1603
    ],
    "1708.08803v1": [
      5415
    ],
    "1709.03874v1": [
      353,
      3329
    ],
    "1803.10956v1": [
      2863
    ],
    "1808.03581v1": [
      8691
    ],
    "1808.05084v1": [
      3892
    ],
    "1903.08867v1": [
      1793
    ],
    "1904.05650v1": [
      223,
      802,
      1653,
      1752,
      1950,
      2480,
      2687
    ],
    "1905.03115v1": [
      158,
      326,
      348
    ],
    "1908.06952v1": [
      327,
      1341
    ],
    "1910.04306v2": [
      271
    ],
    "1912.03371v1": [
      3567
    ],
    "2001.07019v1": [
      2265,
      3290
    ],
    "2006.04479v1": [
      3174
    ],
    "2006.12836v1": [
      897
    ],
    "2007.05827v1": [
      4773
    ],
    "2007.12030v1": [
      1153
    ],
    "2101.06723v2": [
      2797,
      2827,
      2978
    ],
    "2103.13745v1": [
      3842
    ],
    "2104.01705v1": [
      747,
      2103,
      2904,
      2910,
      3207,
      4505
    ],
    "2106.15491v1": [
      1197
    ],
    "2108.09049v2": [
      229
    ],
    "2108.12908v2": [
      388
    ],
    "2204.02427v2": [
      171
    ],
    "2205.00143v2": [
      620
    ],
    "2209.04726v1": [
      589
    ],
    "2209.12333v1": [
      4367
    ],
    "2301.03650v2": [
      8091
    ],
    "2302.11265v1": [
      3335
    ],
    "2306.12942v1": [
      1051
    ],
    "2307.01747v2": [
      3661
    ],
    "2311.18737v1": [
      338
    ],
    "2312.13617v1": [
      293
    ],
    "2404.01497v1": [
      266
    ],
    "2406.05467v1": [
      242,
      411,
      1088
    ],
    "2409.09552v1": [
      1446
    ],
    "2411.05772v1": [
      435,
      1583
    ],
    "2412.06608v1": [
      1228
    ],
    "2502.01811v1": [
      3682
    ],
    "2502.17663v1": [
      625
    ],
    "2505.10243v1": [
      2394
    ],
    "2505.12449v2": [
      348
    ],
    "2506.08665v1": [
      670
    ],
    "2507.08437v1": [
      1158
    ],
    "2508.08361v1": [
      1973
    ],
    "2508.18348v1": [
      5576
    ],
    "2509.04074v1": [
      11994
    ],
    "2509.15542v1": [
      574
    ],
    "2509.21506v2": [
      1521
    ]
  },
  "21750": {
    "0707.2556": [
      1052,
      1063,
      1069,
      9023,
      9096,
      9153,
      9174,
      9186,
      9215,
      9243,
      9262,
      9271,
      9348,
      9380,
      9401,
      9507,
      9514,
      9555,
      10149,
      10187,
      10695
    ],
    "0901.0512": [
      34221,
      34257,
      34263,
      34284,
      34388,
      34466,
      34631,
      34680,
      34684,
      35456,
      35463,
      35500,
      35501,
      35524,
      35539,
      35584,
      35596,
      35619,
      35628,
      35635,
      35652,
      35699,
      35710,
      35725,
      35758,
      35938,
      35958,
      35963,
      35971,
      35981,
      36034,
      36058,
      36066,
      36145,
      36153,
      36159,
      36172,
      36219,
      36246,
      36273,
      36283,
      36297,
      36329,
      36428,
      36651,
      36709,
      36717,
      36751,
      36764,
      36830,
      36840,
      36848,
      36856,
      36864,
      36916,
      36917,
      36930,
      36989,
      37046,
      37048,
      37161,
      37434,
      37666,
      37800,
      38129,
      38509,
      39230,
      39905,
      40213,
      40678,
      40849,
      41008,
      135022,
      135032,
      135063,
      135065,
      135072,
      135074,
      135103,
      135140,
      135147,
      135171,
      135244,
      135246,
      135253,
      135255,
      135257,
      135259,
      135263,
      135283,
      337915,
      338174
    ]
  }
}