{
  "12171": {
    "0704.1120": [
      1547
    ],
    "0704.1267": [
      713,
      725,
      737,
      744,
      801
    ],
    "0704.2324": [
      1852
    ],
    "0704.2661": [
      948
    ],
    "0705.1389": [
      1703
    ],
    "0705.1542": [
      2591
    ],
    "0705.2908": [
      1559
    ],
    "0705.3050": [
      1459,
      2164,
      3639
    ],
    "0706.0190": [
      1660,
      1668,
      1707,
      1715,
      1729,
      1743,
      1765,
      1852,
      1868,
      1882,
      1893,
      1898,
      2021,
      2075,
      3349
    ],
    "0706.4400": [
      234
    ],
    "0706.4432": [
      5154
    ],
    "0706.4438": [
      684
    ],
    "0707.1559": [
      2331
    ],
    "0707.2736": [
      1237,
      1247
    ],
    "0812.3876": [
      452,
      571,
      1047
    ],
    "0812.4463": [
      408
    ],
    "0812.4542": [
      4136
    ],
    "0812.4725": [
      66
    ],
    "0901.0258": [
      752,
      1277,
      1296
    ],
    "0901.1394": [
      880
    ],
    "0901.1808": [
      488
    ],
    "0901.1958": [
      2590
    ],
    "0901.2727": [
      1754,
      2023
    ],
    "0901.2774": [
      826
    ],
    "0901.3716": [
      815
    ],
    "0901.4004": [
      786
    ],
    "0902.1964": [
      2874,
      2965
    ],
    "0902.2543": [
      83,
      386
    ],
    "1007.1059": [
      3041,
      3046,
      3080,
      3106
    ],
    "1007.1386": [
      518
    ],
    "1007.3132": [
      8208
    ],
    "1007.3290": [
      770,
      2384
    ],
    "1007.4286": [
      2695
    ],
    "1008.1100": [
      968,
      977
    ],
    "1008.4153": [
      418
    ],
    "1008.4157": [
      471
    ],
    "1008.4634": [
      644
    ],
    "1009.0418": [
      631,
      1499
    ],
    "1009.0592": [
      291,
      350
    ],
    "1009.1002": [
      1103
    ],
    "1705.00701v1": [
      2235
    ],
    "2012.06116v1": [
      13498
    ],
    "2012.06781v1": [
      3634
    ],
    "2207.06935v2": [
      1535,
      1547
    ],
    "2307.06062v1": [
      266
    ],
    "2309.07862v1": [
      1231
    ],
    "2311.03596v1": [
      945
    ],
    "2401.12198v1": [
      2277
    ],
    "2405.20449v1": [
      4201
    ],
    "2407.04188v1": [
      3779
    ],
    "2407.04862v2": [
      1433,
      1566,
      8969
    ],
    "2407.06679v1": [
      1127
    ],
    "2408.05031v1": [
      5881
    ],
    "2408.16041v2": [
      10033
    ],
    "2411.10874v1": [
      2903
    ],
    "2411.11597v1": [
      406,
      479
    ],
    "2503.15396v1": [
      918
    ],
    "2505.23892v1": [
      6652
    ],
    "2506.10556v1": [
      4018
    ],
    "2507.16101v2": [
      1917,
      2007,
      2065,
      2167,
      3029,
      3088,
      3251,
      3735,
      3944,
      4116,
      4437,
      4676
    ],
    "2508.18881v3": [
      1396
    ],
    "2509.13811v1": [
      688
    ],
    "2509.14224v1": [
      3203,
      4801,
      5185,
      6699
    ],
    "2510.01079v1": [
      6053
    ],
    "2510.11805v1": [
      752
    ],
    "2511.14170v1": [
      931
    ],
    "2511.14241v1": [
      756,
      845,
      2833
    ],
    "2511.14809v1": [
      3667
    ]
  },
  "17789": {
    "0704.1547": [
      3863
    ],
    "0705.1045": [
      1295
    ],
    "0705.4562": [
      2778
    ],
    "0705.4608": [
      3314
    ],
    "0707.1081": [
      2529
    ],
    "0707.3559": [
      9564,
      23207
    ],
    "0812.4811": [
      2647,
      3641,
      3701,
      4288,
      4335,
      5400,
      5586
    ],
    "0812.4904": [
      1546
    ],
    "0901.2297": [
      213
    ],
    "0901.4075": [
      3513
    ],
    "0902.0559": [
      3904
    ],
    "1007.1773": [
      2462
    ],
    "1007.3254": [
      3,
      1917
    ],
    "1007.3413": [
      144
    ],
    "1007.4377": [
      12068
    ],
    "1008.0160": [
      2472
    ],
    "1008.1127": [
      4323
    ],
    "1008.1253": [
      2416
    ],
    "1008.1720": [
      2812
    ],
    "1008.3005": [
      4623
    ],
    "1008.4558": [
      513
    ],
    "1811.06526v3": [
      7669,
      9427
    ],
    "2201.10663v4": [
      4687
    ],
    "2304.03715v2": [
      3185
    ],
    "2307.03287v3": [
      16066,
      21036
    ],
    "2409.06737v2": [
      385
    ],
    "2505.13752v1": [
      316
    ],
    "2508.10657v1": [
      2920
    ],
    "2508.14188v1": [
      5640,
      7290
    ]
  },
  "20318": {
    "0704.2662": [
      251
    ],
    "0705.2581": [
      265,
      532
    ],
    "0706.4143": [
      4105
    ],
    "1008.4438": [
      418,
      421,
      795,
      1585,
      1591,
      1601,
      1707,
      1808,
      1836,
      1851,
      1859,
      1934,
      2321,
      2329,
      2374,
      2395,
      3085,
      3131,
      3814,
      3832,
      4049
    ],
    "2501.07222v2": [
      3659
    ]
  },
  "45082": {
    "0704.3466": [
      279
    ]
  },
  "21994": {
    "0705.1487": [
      2188
    ],
    "0901.2580": [
      2686,
      2752,
      2762,
      3095
    ],
    "1008.3551": [
      3019
    ],
    "2508.18016v2": [
      423,
      632,
      641,
      715,
      727,
      1121,
      1274,
      1385,
      1949,
      2328,
      2381,
      2664,
      2721
    ],
    "2509.12114v1": [
      3298
    ]
  },
  "45081": {
    "0705.1730": [
      13094
    ]
  },
  "39094": {
    "0705.2164": [
      2599,
      2601
    ],
    "0812.4715": [
      1423
    ],
    "1007.5323": [
      650
    ],
    "1008.1825": [
      660
    ],
    "2109.13020v1": [
      562
    ],
    "2311.08613v1": [
      2997
    ],
    "2405.08196v2": [
      3230
    ],
    "2407.18344v1": [
      8690
    ],
    "2410.16585v1": [
      2667
    ],
    "2502.11936v1": [
      671,
      1815
    ],
    "2506.18771v1": [
      1144
    ],
    "2507.11755v2": [
      2546
    ],
    "2508.03812v1": [
      6935
    ],
    "2508.03814v1": [
      6750
    ],
    "2508.05155v1": [
      4236
    ],
    "2508.06976v1": [
      3518
    ],
    "2508.09121v1": [
      1568
    ],
    "2508.10402v1": [
      1791
    ],
    "2508.18033v1": [
      3431
    ],
    "2508.18382v1": [
      3324
    ],
    "2509.00253v1": [
      7317
    ],
    "2509.13811v1": [
      3815
    ],
    "2509.16314v1": [
      3782
    ],
    "2510.15827v1": [
      914
    ],
    "2510.22989v2": [
      6597
    ],
    "2511.11856v2": [
      2569
    ]
  },
  "39095": {
    "0706.3190": [
      1811
    ],
    "0707.0369": [
      854
    ]
  },
  "28278": {
    "0706.3934": [
      5456,
      5461
    ],
    "0901.0662": [
      5927
    ],
    "0902.0456": [
      11
    ],
    "0902.2829": [
      3348,
      3368
    ],
    "1007.2614": [
      5246
    ],
    "1008.1483": [
      1358
    ],
    "1009.1138": [
      8431
    ],
    "2108.01435v2": [
      27106
    ]
  },
  "26735": {
    "0707.0324": [
      259
    ],
    "0707.0477": [
      2004
    ],
    "0707.0854": [
      5345
    ],
    "1007.2694": [
      1805,
      3897
    ],
    "1007.3254": [
      1277,
      1279
    ],
    "2404.00413v1": [
      749
    ],
    "2405.01392v1": [
      10955
    ],
    "2509.09824v1": [
      2482
    ]
  },
  "45080": {
    "0707.0804": [
      2447
    ]
  },
  "45084": {
    "0901.3716": [
      842
    ]
  },
  "45085": {
    "1008.2527": [
      2438
    ]
  },
  "45083": {
    "1008.3896": [
      8940
    ]
  }
}