{
  "40952": {
    "0704.2491": [
      1938
    ],
    "0706.0395": [
      4898
    ],
    "1008.1817": [
      1135
    ],
    "1008.2446": [
      1446
    ],
    "1009.0790": [
      1023,
      1084,
      1144
    ],
    "2304.05709v1": [
      2912
    ],
    "2508.18940v1": [
      1743
    ]
  },
  "30996": {
    "0705.0877": [
      4479,
      4752,
      4833
    ],
    "0705.3886": [
      1561
    ],
    "0707.0542": [
      2751
    ],
    "0707.1827": [
      1334
    ],
    "0901.2465": [
      482
    ],
    "1007.2879": [
      345
    ],
    "1007.3743": [
      1101
    ],
    "1007.4917": [
      5059
    ],
    "1008.2454": [
      1301
    ],
    "1008.2938": [
      443
    ],
    "1008.4800": [
      428
    ],
    "1710.06688v1": [
      58,
      507,
      881,
      1610,
      2283,
      3772,
      3797
    ],
    "1803.10956v1": [
      3842
    ],
    "1804.10564v1": [
      2231,
      2507
    ],
    "1807.01380v1": [
      2636
    ],
    "1811.02786v1": [
      1007
    ],
    "1902.04431v1": [
      3202
    ],
    "1904.04568v1": [
      1045,
      1378
    ],
    "1904.12224v1": [
      213
    ],
    "1905.09600v1": [
      5601
    ],
    "1912.04482v1": [
      2473,
      2589
    ],
    "2003.03231v1": [
      22560
    ],
    "2005.05938v2": [
      207,
      633,
      2204,
      3088
    ],
    "2005.13453v2": [
      3081
    ],
    "2007.12030v1": [
      430,
      3354,
      3390
    ],
    "2008.10337v1": [
      1441
    ],
    "2008.12276v1": [
      594,
      1646
    ],
    "2009.00910v1": [
      1080,
      4053,
      4475,
      4513
    ],
    "2011.10117v2": [
      7958
    ],
    "2103.08254v2": [
      109,
      3980
    ],
    "2103.12208v1": [
      3652
    ],
    "2107.10487v1": [
      260
    ],
    "2109.03753v1": [
      493
    ],
    "2110.02190v1": [
      8270
    ],
    "2112.00215v1": [
      728,
      867,
      6723,
      6729
    ],
    "2112.02243v3": [
      1628,
      1768,
      4135
    ],
    "2201.07426v1": [
      3702
    ],
    "2204.10261v3": [
      5515
    ],
    "2205.00244v5": [
      2135,
      3716
    ],
    "2205.12734v1": [
      4514
    ],
    "2206.01915v2": [
      4221
    ],
    "2208.13455v1": [
      7700,
      9792
    ],
    "2210.04960v1": [
      160
    ],
    "2301.03731v1": [
      2734
    ],
    "2301.06578v2": [
      6857
    ],
    "2302.10946v1": [
      2294,
      2301,
      2359,
      2723,
      3480
    ],
    "2303.01138v1": [
      5994
    ],
    "2303.07579v1": [
      583,
      2380,
      2388,
      5995,
      6252
    ],
    "2308.05541v1": [
      4515
    ],
    "2310.11803v1": [
      601,
      2635
    ],
    "2312.11130v2": [
      2339
    ],
    "2402.04282v1": [
      2337
    ],
    "2402.14325v1": [
      3478
    ],
    "2403.13970v2": [
      6135
    ],
    "2403.18070v2": [
      1217
    ],
    "2406.00962v2": [
      1377,
      3752,
      3851
    ],
    "2409.05168v1": [
      3248
    ],
    "2409.06389v3": [
      738,
      4468
    ],
    "2411.19061v2": [
      3177
    ],
    "2501.03174v4": [
      2088,
      3047,
      3288
    ],
    "2501.04107v2": [
      1439,
      2691,
      3178
    ],
    "2502.01811v1": [
      4645
    ],
    "2502.16309v4": [
      3045
    ],
    "2502.18692v1": [
      2323,
      3115
    ],
    "2505.20461v1": [
      2496,
      2523,
      3279
    ],
    "2507.02174v1": [
      640,
      1072,
      5994,
      6437
    ],
    "2507.10191v1": [
      960,
      1352,
      1515
    ],
    "2507.11755v2": [
      4177
    ],
    "2510.02260v2": [
      823
    ],
    "2510.17926v1": [
      2397
    ],
    "2511.10350v1": [
      4658,
      4737
    ]
  },
  "48972": {
    "0706.3721": [
      7
    ],
    "0901.1698": [
      9
    ],
    "0901.4683": [
      2013
    ],
    "1008.1379": [
      11
    ],
    "1009.1399": [
      3241
    ],
    "1901.02286v1": [
      2960
    ],
    "2404.10471v1": [
      5102
    ]
  }
}