{
  "52199": {
    "0704.0352": [
      1101
    ],
    "0704.2188": [
      2893
    ],
    "0704.2606": [
      977
    ],
    "0706.2346": [
      4143
    ],
    "0706.2691": [
      872
    ],
    "0706.3360": [
      11032
    ],
    "0706.4033": [
      998
    ],
    "0706.4142": [
      1063
    ],
    "0707.2415": [
      443
    ],
    "0812.5023": [
      978,
      6495,
      6496,
      6500,
      6503,
      6509,
      6514,
      6519,
      6521,
      6527,
      6532,
      6549,
      6830,
      6840,
      6849,
      6869,
      7716,
      7724,
      7727,
      7730,
      7780
    ],
    "0901.3469": [
      141
    ],
    "0902.0318": [
      581
    ],
    "0902.1000": [
      11585,
      11727,
      11731,
      11733
    ],
    "1007.2181": [
      2599
    ],
    "1007.4936": [
      917
    ],
    "1008.1010": [
      846
    ],
    "1008.1070": [
      1380,
      1381,
      1892,
      1905,
      1949
    ],
    "1008.1935": [
      1121,
      1244
    ],
    "1008.2182": [
      1987
    ],
    "1008.3188": [
      2234
    ],
    "1008.5246": [
      801
    ],
    "1009.0963": [
      1634
    ],
    "1009.1394": [
      1758
    ],
    "2203.15278v1": [
      1014
    ],
    "2409.03182v3": [
      1579,
      1637,
      1639,
      1641,
      1643,
      1648
    ],
    "2412.10601v2": [
      1415
    ],
    "2509.12351v1": [
      790,
      884,
      2268,
      2296,
      2339,
      2344,
      2374,
      2384,
      2408,
      2429,
      2477,
      2486,
      2555,
      2580,
      2599,
      2616,
      2629,
      3000,
      5691,
      5706,
      5714,
      5730,
      5868
    ],
    "2509.25332v1": [
      1435
    ],
    "2511.14597v1": [
      318,
      540,
      715,
      842,
      852,
      1785,
      1796,
      2520,
      3588
    ]
  },
  "10642": {
    "0704.1958": [
      666
    ],
    "0704.2174": [
      448
    ],
    "0704.2475": [
      5505
    ],
    "0705.0003": [
      1458,
      3887,
      3915
    ],
    "0705.0343": [
      3186
    ],
    "0705.0612": [
      2629
    ],
    "0705.0935": [
      13,
      508,
      1702,
      1730
    ],
    "0705.0975": [
      994
    ],
    "0705.1722": [
      964
    ],
    "0705.1740": [
      1170,
      1173,
      2992,
      3257,
      5159,
      5162,
      6161,
      6164,
      6282
    ],
    "0705.1799": [
      2061,
      2236
    ],
    "0705.1861": [
      49,
      112,
      157,
      536,
      3089
    ],
    "0705.2229": [
      1105,
      4346
    ],
    "0705.3059": [
      827
    ],
    "0705.3228": [
      254,
      362,
      1947,
      1976
    ],
    "0705.3478": [
      151,
      647,
      1506,
      3589
    ],
    "0705.3889": [
      6,
      29,
      374,
      3054,
      4012,
      4039
    ],
    "0705.3917": [
      3706
    ],
    "0705.4467": [
      171,
      916,
      3316
    ],
    "0706.0914": [
      1004,
      4075,
      4103
    ],
    "0706.1962": [
      375,
      484,
      1681,
      1710,
      1910
    ],
    "0706.3665": [
      283,
      601
    ],
    "0707.0921": [
      545
    ],
    "0812.4858": [
      178
    ],
    "0901.1312": [
      4102
    ],
    "0901.1659": [
      1381
    ],
    "0901.1777": [
      534
    ],
    "0901.2075": [
      3915
    ],
    "0901.2333": [
      4435
    ],
    "0901.4514": [
      406
    ],
    "0901.4885": [
      175,
      253
    ],
    "0902.0255": [
      1116
    ],
    "0902.0301": [
      632,
      1902
    ],
    "0902.0951": [
      1023,
      4071,
      4098,
      4120
    ],
    "0902.0976": [
      1538
    ],
    "0902.1648": [
      1841
    ],
    "0902.1781": [
      2164
    ],
    "0902.2999": [
      3255
    ],
    "1007.1383": [
      2306
    ],
    "1007.1473": [
      2128
    ],
    "1007.2205": [
      1693
    ],
    "1007.2214": [
      1669
    ],
    "1007.2846": [
      2486
    ],
    "1007.2850": [
      1240
    ],
    "1007.2859": [
      125,
      4097,
      4124
    ],
    "1007.3235": [
      9,
      89,
      1102,
      1725,
      1820,
      1991,
      2448,
      2752,
      2805,
      2808,
      2833
    ],
    "1007.3595": [
      50,
      162,
      246,
      321,
      2547
    ],
    "1007.4177": [
      355
    ],
    "1007.4440": [
      977,
      1247,
      1255,
      1506
    ],
    "1007.4699": [
      2101
    ],
    "1007.4724": [
      4217
    ],
    "1007.5196": [
      445
    ],
    "1008.0977": [
      500
    ],
    "1008.1767": [
      755
    ],
    "1008.3721": [
      5007,
      5034
    ],
    "1008.4140": [
      2746,
      6160,
      6186,
      6195
    ],
    "1008.4347": [
      1105,
      2737,
      2767
    ],
    "1008.4797": [
      3089,
      3117,
      3141,
      3300
    ],
    "1008.4800": [
      389
    ],
    "1009.0477": [
      114,
      414,
      662,
      863,
      1323
    ],
    "1009.0638": [
      422
    ],
    "1009.0708": [
      427,
      4352
    ],
    "1009.0949": [
      2077,
      2428,
      4061
    ],
    "1710.10977v2": [
      4224
    ],
    "2101.10691v1": [
      6276
    ],
    "2304.07348v1": [
      14,
      134,
      416,
      711,
      1904,
      4181,
      4209
    ],
    "2507.13783v1": [
      344,
      370,
      757,
      1060,
      6578,
      6606
    ],
    "2508.04272v1": [
      1011
    ],
    "2509.12116v1": [
      91,
      790,
      2706,
      3059,
      3113
    ],
    "2509.22127v1": [
      117,
      548
    ],
    "2509.24487v1": [
      514,
      5383
    ],
    "2510.13728v1": [
      95,
      139,
      521
    ],
    "2510.22997v1": [
      1658,
      6250,
      6273
    ],
    "2511.01954v1": [
      12857
    ],
    "2511.03587v1": [
      247,
      270,
      610,
      2377
    ]
  },
  "27518": {
    "0704.2606": [
      894,
      975
    ],
    "0704.3330": [
      513
    ],
    "0705.1906": [
      938
    ],
    "0706.1146": [
      305,
      309
    ],
    "0706.2615": [
      3786,
      3796
    ],
    "0706.3587": [
      2058,
      2067
    ],
    "0707.0694": [
      1646
    ],
    "0707.1180": [
      864
    ],
    "0902.0318": [
      574
    ],
    "0902.0474": [
      810
    ],
    "1007.3065": [
      4469
    ],
    "1008.1935": [
      1113,
      1238
    ],
    "1008.2182": [
      1977
    ],
    "1008.5010": [
      781
    ],
    "1009.0963": [
      1624
    ],
    "2412.10601v2": [
      1248
    ]
  },
  "52200": {
    "0705.0975": [
      596,
      2360,
      2713,
      4194
    ],
    "0705.1740": [
      843,
      1255,
      3096,
      5723
    ]
  },
  "36034": {
    "0705.3017": [
      1172
    ],
    "0901.3950": [
      764
    ],
    "2506.20236v2": [
      10440
    ]
  },
  "33762": {
    "0707.2556": [
      3133
    ],
    "0902.0562": [
      3801
    ],
    "1007.3568": [
      4431
    ],
    "2108.01945v2": [
      9953
    ]
  },
  "45731": {
    "0707.4572": [
      789
    ]
  },
  "36035": {
    "1007.2123": [
      2706
    ],
    "1008.3977": [
      2006
    ],
    "2508.03957v1": [
      5000
    ]
  },
  "45732": {
    "1009.0708": [
      3162
    ]
  }
}