{
  "14329": {
    "0704.0018": [
      725
    ],
    "0704.1217": [
      1029
    ],
    "0704.1317": [
      3219,
      8562
    ],
    "0704.1807": [
      2697
    ],
    "0705.0088": [
      5290
    ],
    "0705.0426": [
      358
    ],
    "0705.1818": [
      2945
    ],
    "0705.2918": [
      2587
    ],
    "0705.4433": [
      3037
    ],
    "0706.0490": [
      2789
    ],
    "0706.0599": [
      3660
    ],
    "0706.1120": [
      396,
      2975
    ],
    "0706.1156": [
      450
    ],
    "0706.1683": [
      46,
      728
    ],
    "0706.2194": [
      1814
    ],
    "0706.2742": [
      2501
    ],
    "0706.4134": [
      364
    ],
    "0706.4374": [
      299
    ],
    "0707.1851": [
      778
    ],
    "0707.2860": [
      933
    ],
    "0708.0029": [
      2294
    ],
    "0708.0278": [
      1557
    ],
    "0812.4462": [
      1608
    ],
    "0901.0128": [
      443
    ],
    "0901.1650": [
      2904
    ],
    "0901.2734": [
      5035,
      5149
    ],
    "0901.3086": [
      752
    ],
    "0901.3239": [
      2366
    ],
    "0901.3655": [
      511
    ],
    "1007.1385": [
      12719
    ],
    "1007.1981": [
      3056
    ],
    "1007.2210": [
      1455,
      1593,
      2427
    ],
    "1007.3287": [
      3233
    ],
    "1007.4042": [
      1568,
      1598,
      1997
    ],
    "1007.4530": [
      3023
    ],
    "1007.4548": [
      877
    ],
    "1008.1034": [
      2107
    ],
    "1008.1881": [
      1450
    ],
    "1008.2680": [
      142
    ],
    "1008.3272": [
      3665,
      3691,
      3703,
      3740,
      3920
    ],
    "1008.3303": [
      2321
    ],
    "1008.4470": [
      938
    ],
    "1008.5003": [
      402,
      425
    ],
    "1008.5094": [
      1012
    ],
    "1008.5116": [
      1658
    ],
    "1009.1415": [
      1846
    ],
    "1810.10861v2": [
      5864
    ],
    "1904.04118v1": [
      2052
    ],
    "1905.03115v1": [
      1136
    ],
    "1910.11770v1": [
      2735
    ],
    "2003.09346v2": [
      640
    ],
    "2004.03518v2": [
      676
    ],
    "2108.01686v1": [
      1620
    ],
    "2204.00101v1": [
      2180,
      2183
    ],
    "2210.10736v1": [
      2333
    ],
    "2211.06221v1": [
      2282
    ],
    "2211.16672v1": [
      753
    ],
    "2405.02895v2": [
      786
    ],
    "2405.16065v2": [
      3319
    ],
    "2408.01699v1": [
      5257
    ],
    "2503.05358v1": [
      1214
    ],
    "2508.14367v2": [
      2533
    ],
    "2511.08766v1": [
      975
    ]
  },
  "17806": {
    "0704.0318": [
      2983
    ],
    "0704.1037": [
      1410
    ],
    "0704.2188": [
      2286
    ],
    "0704.3010": [
      1880
    ],
    "0705.2277": [
      3606
    ],
    "0705.3036": [
      185
    ],
    "0705.4293": [
      1197
    ],
    "0706.0837": [
      168
    ],
    "0706.1608": [
      121
    ],
    "0706.3606": [
      2414
    ],
    "0706.3894": [
      1629
    ],
    "0707.2015": [
      262
    ],
    "0707.2401": [
      262
    ],
    "0707.3348": [
      128
    ],
    "0707.4462": [
      460
    ],
    "0812.4555": [
      2508
    ],
    "0812.4959": [
      3599,
      4564
    ],
    "0901.2448": [
      602
    ],
    "0901.4777": [
      2917
    ],
    "0902.2638": [
      133
    ],
    "0902.2958": [
      146
    ],
    "1007.1892": [
      100
    ],
    "1007.3056": [
      3166
    ],
    "1007.4680": [
      867,
      1124,
      10400,
      11080
    ],
    "1007.4906": [
      1415
    ],
    "1008.1655": [
      183,
      546,
      555,
      729
    ],
    "1008.1772": [
      4751
    ],
    "1008.4795": [
      3612
    ],
    "1009.0070": [
      272,
      368,
      2026
    ],
    "1009.0587": [
      970
    ],
    "2508.14035v1": [
      371
    ]
  },
  "14328": {
    "0704.0804": [
      2400
    ],
    "0704.3085": [
      4598
    ],
    "0704.3193": [
      3595
    ],
    "0704.3541": [
      1654
    ],
    "0705.2503": [
      963
    ],
    "0706.2314": [
      5405
    ],
    "0706.3118": [
      1136
    ],
    "0706.3693": [
      4163
    ],
    "0707.1148": [
      171
    ],
    "0707.3183": [
      979
    ],
    "0707.3405": [
      2478
    ],
    "0707.4470": [
      5579,
      6020
    ],
    "0812.5066": [
      4540
    ],
    "0901.1342": [
      5461
    ],
    "0901.1391": [
      1279
    ],
    "1007.2503": [
      2926
    ],
    "1007.3542": [
      3167
    ],
    "1007.4591": [
      5786
    ],
    "1008.1975": [
      285,
      293,
      2731,
      2744
    ],
    "1008.3672": [
      4694,
      4874,
      4887
    ],
    "1008.3938": [
      8,
      197,
      5182
    ],
    "1008.4693": [
      2033
    ],
    "1008.4717": [
      1038,
      6841
    ],
    "1009.0571": [
      4985,
      4996
    ],
    "1707.08847v1": [
      3835
    ],
    "1811.10695v1": [
      8075
    ],
    "1902.04431v1": [
      3170,
      3224
    ],
    "1908.08480v1": [
      2774
    ],
    "2006.07747v2": [
      11020
    ],
    "2106.15843v1": [
      5430
    ],
    "2107.11062v1": [
      4400
    ],
    "2206.08483v2": [
      1982
    ],
    "2207.09029v1": [
      5378,
      5379
    ],
    "2209.07581v1": [
      2901
    ],
    "2209.14545v1": [
      23381
    ],
    "2211.09738v1": [
      4105
    ],
    "2211.15653v1": [
      16204,
      17466,
      17490,
      17523
    ],
    "2301.12183v1": [
      2063
    ],
    "2307.03795v2": [
      6714
    ],
    "2311.12243v1": [
      5356
    ],
    "2408.14635v1": [
      4381,
      4382
    ],
    "2412.16124v1": [
      2690
    ],
    "2501.10813v1": [
      3014
    ],
    "2503.05952v1": [
      3048
    ],
    "2503.24052v1": [
      2360
    ],
    "2504.08559v2": [
      5197
    ],
    "2506.04604v1": [
      5027
    ],
    "2507.08823v1": [
      3171,
      3460
    ],
    "2507.11755v2": [
      3432
    ],
    "2507.13783v1": [
      7058
    ],
    "2508.17983v2": [
      5936
    ],
    "2509.07080v2": [
      4843
    ],
    "2509.13286v1": [
      3495
    ],
    "2509.25943v1": [
      7109
    ],
    "2510.03473v1": [
      2901
    ],
    "2510.16129v1": [
      2228
    ],
    "2510.26594v1": [
      4008
    ],
    "2511.02150v1": [
      4252
    ],
    "2511.10350v1": [
      7259
    ],
    "2511.13817v1": [
      9016
    ]
  },
  "39720": {
    "0704.1532": [
      530
    ],
    "1008.3290": [
      802
    ]
  },
  "39719": {
    "0705.1932": [
      2885
    ],
    "0812.4227": [
      1974
    ]
  },
  "30596": {
    "0705.2547": [
      2574
    ],
    "0705.3439": [
      3378
    ],
    "0706.0403": [
      2412
    ],
    "0707.2804": [
      3007
    ],
    "0707.3840": [
      3212,
      3382
    ],
    "0901.0636": [
      24120
    ],
    "0901.3982": [
      134,
      2765
    ],
    "0901.3995": [
      958,
      4296
    ],
    "0902.0377": [
      68633
    ],
    "0902.0757": [
      974
    ],
    "0902.1454": [
      3380,
      3389,
      3810
    ],
    "0902.2017": [
      438,
      3420
    ],
    "1007.5110": [
      2870
    ],
    "1008.0899": [
      4361
    ],
    "1704.07265v2": [
      1909
    ],
    "1705.08198v2": [
      6522
    ],
    "1712.09051v1": [
      3139
    ],
    "2106.15843v1": [
      7824
    ]
  },
  "33884": {
    "0705.4196": [
      647
    ],
    "0706.0483": [
      1679
    ],
    "0706.1823": [
      2618
    ],
    "0706.2719": [
      25
    ],
    "0708.0234": [
      1545,
      2022
    ],
    "0902.0284": [
      1360
    ],
    "1007.4433": [
      3996
    ],
    "1008.0512": [
      429
    ],
    "1008.4892": [
      385
    ],
    "1008.4916": [
      122
    ],
    "2005.12621v1": [
      2768
    ],
    "2510.26594v1": [
      42
    ]
  },
  "46396": {
    "2208.13668v1": [
      17
    ]
  }
}