{
  "52453": {
    "0704.1434": [
      6207
    ],
    "0704.2229": [
      1091
    ],
    "0705.2495": [
      1827,
      2245
    ],
    "0705.3821": [
      5073
    ],
    "0706.0121": [
      824,
      830
    ],
    "0706.0787": [
      5516
    ],
    "0706.1422": [
      1097
    ],
    "0706.3237": [
      2456
    ],
    "0707.0838": [
      986,
      3836
    ],
    "0707.0871": [
      3684,
      3705,
      3776,
      3789
    ],
    "0707.3572": [
      7253,
      8588,
      40860
    ],
    "0812.3989": [
      1609,
      1613
    ],
    "0901.0685": [
      3190
    ],
    "0901.0858": [
      1515
    ],
    "0901.1241": [
      515,
      533,
      722,
      727
    ],
    "0901.1592": [
      454
    ],
    "0901.3658": [
      1364,
      1379
    ],
    "0902.0375": [
      3899,
      3903
    ],
    "0902.2761": [
      3896
    ],
    "1007.4325": [
      1786
    ],
    "1008.1408": [
      2046,
      2048,
      2063,
      2065,
      2074
    ],
    "1008.2470": [
      541,
      543,
      545,
      736,
      753,
      780
    ],
    "1008.2606": [
      3147
    ],
    "1008.3359": [
      1740
    ],
    "1008.4907": [
      26
    ],
    "1008.4954": [
      1551
    ],
    "1008.5141": [
      1312
    ],
    "1008.5359": [
      2304,
      2627,
      2628,
      2637,
      2640,
      2642,
      2646,
      2654,
      2675,
      3673,
      3674,
      3712,
      3714,
      3739,
      3742,
      3744,
      3745,
      4064,
      4072,
      4510,
      4511,
      4520,
      4523,
      4525,
      4540
    ],
    "1008.5360": [
      4832
    ],
    "1009.1010": [
      482,
      904
    ],
    "1009.1298": [
      1624,
      2129,
      2158
    ],
    "2107.07118v3": [
      2100
    ],
    "2304.02289v2": [
      1931
    ],
    "2304.14649v1": [
      1963
    ],
    "2310.02834v5": [
      3082
    ],
    "2411.08686v5": [
      3272
    ],
    "2412.03945v1": [
      2423
    ],
    "2503.07264v1": [
      3886
    ],
    "2506.10162v1": [
      3284
    ],
    "2511.08574v1": [
      5425
    ]
  },
  "36370": {
    "0705.0006": [
      2307
    ],
    "0706.0968": [
      3143
    ],
    "0901.4286": [
      20522
    ],
    "0901.4307": [
      5294
    ],
    "2509.04074v1": [
      10538
    ]
  }
}