{
  "18066": {
    "0704.0705": [
      13
    ],
    "0704.1221": [
      21,
      2556
    ],
    "0704.1542": [
      18
    ],
    "0704.2845": [
      30,
      33,
      3181
    ],
    "0704.3691": [
      18,
      1503
    ],
    "0705.0659": [
      2233
    ],
    "0705.0666": [
      35,
      38
    ],
    "0705.0871": [
      12,
      4737
    ],
    "0705.1476": [
      249
    ],
    "0705.2544": [
      2908
    ],
    "0705.3148": [
      12
    ],
    "0705.3550": [
      62,
      63
    ],
    "0705.3591": [
      3615
    ],
    "0705.4078": [
      2805
    ],
    "0705.4107": [
      209
    ],
    "0706.3639": [
      1687
    ],
    "0706.3954": [
      2737,
      5548,
      5563,
      5631,
      5640
    ],
    "0707.1370": [
      287
    ],
    "0707.1481": [
      46
    ],
    "0707.2859": [
      15
    ],
    "0707.2862": [
      19
    ],
    "0707.2863": [
      17,
      1712
    ],
    "0707.3487": [
      2565,
      2567
    ],
    "0707.3685": [
      11495,
      11497
    ],
    "0812.4819": [
      24
    ],
    "0901.1989": [
      18
    ],
    "0901.2014": [
      17
    ],
    "0901.4205": [
      133,
      2005,
      2008
    ],
    "0902.0247": [
      352
    ],
    "0902.1096": [
      17,
      21
    ],
    "1007.1988": [
      6691,
      6693
    ],
    "1007.2411": [
      466,
      467,
      1907,
      7737,
      10386,
      10387
    ],
    "1007.4642": [
      35,
      43,
      130
    ],
    "1007.4927": [
      454
    ],
    "1007.5073": [
      126,
      144,
      1551
    ],
    "1008.0252": [
      16,
      18
    ],
    "1008.0809": [
      3188,
      3190
    ],
    "1008.1056": [
      32,
      39,
      239
    ],
    "1008.3719": [
      113
    ],
    "1008.4719": [
      30,
      33
    ],
    "1008.4747": [
      26,
      29
    ],
    "1008.5134": [
      5655,
      5658
    ],
    "1009.0817": [
      5060
    ],
    "1009.1254": [
      143
    ],
    "2112.13017v2": [
      5715
    ],
    "2211.06775v1": [
      8162
    ],
    "2306.03776v1": [
      5890
    ],
    "2403.18584v1": [
      3460
    ],
    "2410.09142v1": [
      197
    ],
    "2503.04965v1": [
      94,
      590,
      600,
      806
    ],
    "2503.06971v3": [
      2703
    ],
    "2504.05283v1": [
      5879
    ],
    "2509.03275v1": [
      10014,
      10278
    ],
    "2509.04074v1": [
      11081,
      11107
    ],
    "2510.18047v2": [
      29
    ],
    "2511.10009v1": [
      1015
    ],
    "2511.10927v1": [
      25246,
      25270,
      25279,
      25313,
      25917,
      25941,
      25955,
      25989,
      43469,
      71352,
      71376,
      71385,
      71432,
      72006,
      72030,
      72044,
      72076,
      121158,
      121170
    ]
  },
  "26071": {
    "0704.2333": [
      5572
    ],
    "0704.3849": [
      247
    ],
    "0705.0891": [
      383
    ],
    "0706.2592": [
      83,
      141,
      566,
      580
    ],
    "0706.3983": [
      594,
      603,
      1254
    ],
    "1008.2669": [
      78
    ]
  },
  "45365": {
    "0707.2263": [
      2718
    ],
    "0812.4736": [
      3222
    ],
    "0901.2985": [
      3260
    ],
    "0902.0491": [
      2938
    ],
    "0902.0996": [
      805
    ],
    "0902.1000": [
      29725
    ],
    "0902.2776": [
      5137
    ],
    "1008.4953": [
      181
    ],
    "1008.5020": [
      440
    ]
  }
}