{
  "52203": {
    "0704.2668": [
      897
    ],
    "0705.1013": [
      1681
    ],
    "0705.3023": [
      3917
    ],
    "0706.0015": [
      3216
    ],
    "0706.2874": [
      4641,
      4760
    ],
    "0706.3863": [
      2645,
      2956,
      3358
    ],
    "0706.4218": [
      1176
    ],
    "0707.1619": [
      2260
    ],
    "0707.2020": [
      43,
      84,
      347,
      601,
      652,
      1643,
      1653,
      2086,
      2189,
      2322,
      2367,
      2485,
      3144,
      3377
    ],
    "0707.2482": [
      21853
    ],
    "0707.3559": [
      186
    ],
    "0708.0233": [
      5066
    ],
    "0812.4073": [
      3307
    ],
    "0901.0259": [
      3938,
      3940,
      3950
    ],
    "0901.2139": [
      1117
    ],
    "0901.2149": [
      3624
    ],
    "0901.2265": [
      3086,
      3277
    ],
    "0901.4657": [
      2516
    ],
    "0902.0536": [
      6533
    ],
    "1007.0906": [
      10040
    ],
    "1007.1604": [
      899,
      1101,
      2188
    ],
    "1007.3771": [
      3639,
      4475
    ],
    "1008.1066": [
      2496,
      6402
    ],
    "1008.1712": [
      1692,
      3089
    ],
    "1008.1898": [
      833,
      885,
      972,
      1965,
      2594
    ],
    "1008.2656": [
      1374
    ],
    "1008.2699": [
      7830
    ],
    "1008.2814": [
      4338
    ],
    "1008.3146": [
      2344,
      2361,
      2564,
      2605,
      2668,
      3654
    ],
    "1008.4419": [
      3952
    ],
    "1008.4803": [
      2212
    ],
    "1008.4959": [
      5523,
      10514
    ],
    "1008.5331": [
      9587
    ],
    "1008.5350": [
      3475,
      3492,
      3954
    ],
    "1704.03803v1": [
      4468
    ],
    "2203.02406v1": [
      25661
    ],
    "2212.06261v1": [
      11644
    ],
    "2212.06647v1": [
      10308
    ],
    "2511.10350v1": [
      7984
    ]
  },
  "45735": {
    "2510.11922v1": [
      2200
    ]
  }
}