{
  "17428": {
    "0704.0322": [
      3087,
      3545
    ],
    "0704.2929": [
      11222
    ],
    "0704.3238": [
      1929,
      2006,
      2014
    ],
    "0705.0572": [
      3555
    ],
    "0705.2508": [
      46,
      39497
    ],
    "0705.2928": [
      9
    ],
    "0706.0218": [
      4321
    ],
    "0706.0580": [
      1962,
      2249
    ],
    "0706.1043": [
      5298
    ],
    "0706.1528": [
      9,
      149,
      566,
      1008,
      1189,
      1393,
      1652,
      1902,
      2029,
      2204,
      2323,
      2505,
      2688,
      2960,
      3169,
      3300,
      3494,
      3660,
      3802,
      4113,
      4342,
      4525,
      4706,
      4926
    ],
    "0706.3363": [
      3144
    ],
    "0707.2402": [
      2481,
      2528
    ],
    "0707.2485": [
      13
    ],
    "0707.4165": [
      3163
    ],
    "0812.4181": [
      2312,
      2331
    ],
    "0812.4232": [
      9375
    ],
    "0812.4852": [
      7200
    ],
    "0901.1159": [
      3494
    ],
    "0901.3402": [
      6970
    ],
    "0901.3918": [
      950,
      7812,
      7847
    ],
    "0902.0660": [
      1718
    ],
    "0902.2986": [
      595,
      2692
    ],
    "1007.2411": [
      7240
    ],
    "1007.3519": [
      58
    ],
    "1007.4826": [
      3343
    ],
    "1007.5088": [
      28
    ],
    "1008.0170": [
      3105
    ],
    "1008.0177": [
      9
    ],
    "1008.0710": [
      849
    ],
    "1008.0717": [
      7742
    ],
    "1008.0948": [
      3999
    ],
    "1008.2833": [
      1378
    ],
    "1008.4855": [
      4405
    ],
    "1008.5073": [
      5147
    ],
    "1009.0045": [
      7,
      256,
      798,
      1263,
      1666,
      2113,
      2609,
      3127,
      3679,
      4133
    ],
    "1009.0361": [
      10,
      16
    ],
    "1009.1411": [
      128
    ],
    "1709.01677v1": [
      3352
    ],
    "2108.00520v1": [
      2430
    ],
    "2302.10946v1": [
      17
    ],
    "2303.04043v1": [
      30
    ],
    "2404.00413v1": [
      4365
    ],
    "2508.14875v2": [
      6146
    ],
    "2509.10883v1": [
      106965
    ],
    "2511.05248v1": [
      44397
    ],
    "2511.10927v1": [
      17324,
      25244,
      25915,
      71350,
      72004
    ],
    "2511.11247v1": [
      20
    ]
  },
  "46737": {
    "0705.2606": [
      4010
    ],
    "1008.2224": [
      244
    ]
  }
}