{
  "24281": {
    "0704.0924": [
      4587
    ],
    "0704.1290": [
      3231
    ],
    "0704.1425": [
      814
    ],
    "0704.1950": [
      1282,
      1467
    ],
    "0704.1951": [
      1942
    ],
    "0704.2608": [
      5560
    ],
    "0705.3633": [
      282
    ],
    "0705.4371": [
      1846
    ],
    "0705.4550": [
      1635
    ],
    "0706.2094": [
      1348
    ],
    "0706.3861": [
      753
    ],
    "0707.1326": [
      164,
      170
    ],
    "0812.4263": [
      376
    ],
    "0812.4575": [
      1176
    ],
    "0812.5101": [
      810,
      2150
    ],
    "0901.0677": [
      87
    ],
    "0901.0696": [
      1042
    ],
    "0902.0527": [
      750
    ],
    "0902.2150": [
      203
    ],
    "0902.2417": [
      549
    ],
    "0902.2629": [
      1311
    ],
    "0902.2938": [
      29
    ],
    "1007.0787": [
      1267
    ],
    "1007.1250": [
      6381
    ],
    "1007.1591": [
      1368
    ],
    "1007.3555": [
      2199
    ],
    "1007.4828": [
      3127
    ],
    "1007.5330": [
      4284,
      4949
    ],
    "1007.5386": [
      5755
    ],
    "1008.0362": [
      218
    ],
    "1008.0831": [
      669
    ],
    "1008.1498": [
      822
    ],
    "1008.1789": [
      13670
    ],
    "1008.4092": [
      4448
    ],
    "1008.5044": [
      3516
    ],
    "1009.0454": [
      1481
    ],
    "1009.0568": [
      4675
    ],
    "2311.04376v2": [
      1177
    ],
    "2509.22605v1": [
      2505
    ]
  }
}