{
  "52564": {
    "0704.2404": [
      734
    ],
    "0704.3431": [
      6028
    ],
    "0704.3643": [
      4718
    ],
    "0705.0600": [
      1033,
      1049,
      1386
    ],
    "0706.1281": [
      2243
    ],
    "0706.1748": [
      2449
    ],
    "0707.1450": [
      2401
    ],
    "0707.2852": [
      4609,
      4775
    ],
    "0812.4480": [
      4262
    ],
    "0901.1294": [
      598
    ],
    "0901.2055": [
      16063
    ],
    "0901.2615": [
      1249
    ],
    "0901.3617": [
      918
    ],
    "0902.2600": [
      2012
    ],
    "1008.2668": [
      1172,
      1192,
      1232
    ],
    "1812.01899v1": [
      5740
    ],
    "1906.12178v1": [
      2378,
      2433,
      3094
    ],
    "2102.12312v1": [
      2085
    ],
    "2511.05248v1": [
      54512,
      54571
    ]
  },
  "34066": {
    "1007.5183": [
      2610,
      2774,
      2857,
      2871
    ]
  }
}