{
  "23551": {
    "0704.0133": [
      663
    ],
    "0704.0663": [
      148
    ],
    "0704.1218": [
      3301
    ],
    "0704.1843": [
      2090
    ],
    "0704.2557": [
      4842
    ],
    "0705.0403": [
      167
    ],
    "0705.1929": [
      234
    ],
    "0705.1999": [
      150
    ],
    "0705.2452": [
      1459
    ],
    "0705.3094": [
      2478
    ],
    "0705.3759": [
      1702
    ],
    "0706.2948": [
      1284
    ],
    "0707.0879": [
      1347
    ],
    "0707.2746": [
      8409
    ],
    "0707.3080": [
      2139
    ],
    "0707.3920": [
      2990
    ],
    "0707.4598": [
      1439
    ],
    "0812.4574": [
      564
    ],
    "0901.0068": [
      557
    ],
    "0901.0250": [
      861
    ],
    "0901.1306": [
      2566
    ],
    "0901.1550": [
      2243
    ],
    "0901.2845": [
      2260
    ],
    "0901.3157": [
      928
    ],
    "0901.3266": [
      1195
    ],
    "0901.4286": [
      18489
    ],
    "0901.4690": [
      5798
    ],
    "0902.1616": [
      3595
    ],
    "0902.1881": [
      2011
    ],
    "0902.2383": [
      824
    ],
    "1007.1138": [
      1075
    ],
    "1007.1144": [
      3977
    ],
    "1007.1263": [
      4349
    ],
    "1007.3494": [
      7031
    ],
    "1007.4234": [
      1158
    ],
    "1007.4352": [
      2714
    ],
    "1007.4674": [
      1804
    ],
    "1007.4763": [
      1828
    ],
    "1007.5386": [
      6232
    ],
    "1008.0464": [
      595
    ],
    "1008.2335": [
      5202
    ],
    "1008.3238": [
      3809
    ],
    "1008.4388": [
      2563
    ],
    "1008.4717": [
      4234
    ],
    "1008.4994": [
      196
    ],
    "1008.5175": [
      178
    ],
    "1009.0004": [
      2765
    ],
    "1009.0645": [
      1132
    ],
    "2003.03157v2": [
      872
    ],
    "2010.04664v1": [
      2759
    ],
    "2201.11416v1": [
      4319
    ],
    "2302.10947v2": [
      2520
    ],
    "2508.14875v2": [
      1655
    ],
    "2509.06886v2": [
      8995
    ],
    "2510.00138v2": [
      5279
    ],
    "2510.07187v1": [
      850
    ],
    "2510.16902v1": [
      2748
    ],
    "2510.20417v1": [
      2348
    ],
    "2510.22900v1": [
      4954
    ],
    "2511.09489v2": [
      1871
    ]
  },
  "23997": {
    "0704.0275": [
      6657
    ],
    "0704.0688": [
      52,
      81
    ],
    "0706.1123": [
      375,
      384
    ],
    "0707.0717": [
      6576
    ],
    "0707.1879": [
      2130
    ],
    "0707.2004": [
      88
    ],
    "0707.3631": [
      92,
      253,
      386,
      396,
      1182,
      4613
    ],
    "0707.4313": [
      1890
    ],
    "0901.3340": [
      1002
    ],
    "0902.2090": [
      870,
      1963,
      2037
    ],
    "1007.1602": [
      36,
      79,
      100,
      147,
      165,
      170,
      183
    ],
    "1007.2389": [
      3635,
      3641
    ],
    "1007.2461": [
      43
    ],
    "1007.2677": [
      1080
    ],
    "1008.1316": [
      797,
      800
    ],
    "1008.1545": [
      122
    ],
    "1008.2040": [
      407,
      700,
      809,
      821,
      1004,
      1006,
      1085,
      2038,
      2099
    ],
    "1008.2982": [
      10814
    ],
    "1008.3805": [
      2671,
      2689,
      2705,
      3171,
      3192,
      3635,
      4736,
      5079
    ],
    "1008.4937": [
      871,
      1372,
      1436,
      1454
    ],
    "1009.1443": [
      6889
    ],
    "2112.15234v3": [
      643
    ],
    "2510.06320v1": [
      1558
    ],
    "2511.06022v1": [
      3488
    ]
  },
  "21116": {
    "0704.1522": [
      1003
    ],
    "0704.2103": [
      65
    ],
    "0706.1095": [
      268
    ],
    "0706.1988": [
      23126
    ],
    "0706.2528": [
      270
    ],
    "0706.4095": [
      1458
    ],
    "0707.1163": [
      970
    ],
    "0707.3010": [
      145
    ],
    "0901.0534": [
      112
    ],
    "0901.0935": [
      334
    ],
    "0901.3494": [
      3966
    ],
    "0902.1717": [
      799
    ],
    "0902.1808": [
      414
    ],
    "0902.2603": [
      252
    ],
    "0902.3219": [
      238
    ],
    "1007.1239": [
      5098
    ],
    "1007.2021": [
      3312
    ],
    "1008.2831": [
      327
    ],
    "1008.2958": [
      6078
    ],
    "1008.4861": [
      852
    ],
    "1902.04935v2": [
      1414
    ],
    "2104.07759v1": [
      2099
    ],
    "2511.13030v1": [
      5192
    ]
  },
  "39601": {
    "0707.3435": [
      6071,
      7894
    ],
    "0901.2127": [
      2779
    ],
    "0901.4118": [
      769,
      1142
    ],
    "1008.0096": [
      2523,
      2780,
      3808
    ],
    "1008.0191": [
      3341,
      4404,
      6535
    ],
    "1009.0515": [
      3217
    ],
    "2312.11161v2": [
      1607
    ],
    "2511.11247v1": [
      13017
    ]
  },
  "46133": {
    "0707.4041": [
      1077
    ]
  },
  "22737": {
    "1007.0789": [
      248,
      1057,
      1274
    ],
    "1007.0810": [
      997,
      1085,
      2493,
      3074,
      3097,
      3319
    ],
    "1009.0092": [
      1135,
      1172
    ],
    "1009.0969": [
      214,
      293,
      297,
      999,
      1292,
      1304,
      1920
    ]
  }
}