{
  "15980": {
    "0705.1191": [
      2145,
      2158,
      2182,
      2188,
      2203,
      2211,
      2219,
      2224,
      2242,
      2250,
      2257,
      2284
    ],
    "0706.2833": [
      13,
      1158,
      1161,
      1165
    ],
    "0706.3066": [
      576
    ],
    "0707.3136": [
      984
    ],
    "0707.4150": [
      3277
    ],
    "0707.4430": [
      2814
    ],
    "0901.2277": [
      739
    ],
    "0902.1642": [
      5432
    ],
    "1007.1458": [
      2032,
      2134
    ],
    "1007.3757": [
      3759
    ],
    "1007.5062": [
      265
    ],
    "1008.0342": [
      1099,
      1140
    ],
    "1008.1083": [
      820
    ],
    "1008.2970": [
      2101,
      2115,
      2118,
      2127,
      2137,
      2145,
      2152,
      2165
    ],
    "1808.06608v1": [
      296,
      315,
      348,
      378,
      383,
      404,
      411,
      528,
      616,
      739,
      781,
      819,
      1610,
      2230
    ],
    "1910.09757v1": [
      29,
      2815
    ],
    "2006.03872v1": [
      20098
    ],
    "2201.07426v1": [
      6351
    ],
    "2508.02842v1": [
      710
    ]
  },
  "11500": {
    "0705.4388": [
      406
    ],
    "0706.0171": [
      212
    ],
    "0706.0999": [
      648
    ],
    "0901.0084": [
      527,
      1068,
      1744,
      1829
    ],
    "0901.4784": [
      711
    ],
    "0902.1008": [
      56,
      275,
      763,
      907,
      948,
      978,
      1080,
      1252,
      1545,
      2023
    ],
    "1007.0947": [
      138,
      1312,
      3568,
      3571
    ],
    "1007.1737": [
      426,
      510
    ],
    "1007.3283": [
      501
    ],
    "1007.5017": [
      40,
      188,
      469,
      652
    ],
    "1008.2212": [
      624,
      683,
      769,
      802
    ],
    "1008.2961": [
      883
    ],
    "1008.4927": [
      161,
      443
    ],
    "1009.1419": [
      2679,
      2686,
      2701
    ],
    "2003.03231v1": [
      22027
    ],
    "2103.15748v1": [
      1223,
      5814,
      11319,
      11365,
      11604,
      16621,
      18654,
      19071
    ],
    "2110.05200v1": [
      3234
    ],
    "2204.10261v3": [
      6867
    ],
    "2211.05155v1": [
      6785
    ],
    "2302.06740v1": [
      2416,
      2521
    ],
    "2306.15391v1": [
      2968
    ],
    "2404.00413v1": [
      3686
    ],
    "2404.11210v1": [
      3987,
      4072
    ],
    "2404.12348v2": [
      7042
    ],
    "2404.14359v2": [
      3443
    ],
    "2404.14377v1": [
      3098,
      3372
    ],
    "2404.15429v1": [
      7961,
      7975,
      9139,
      9153
    ],
    "2405.01392v1": [
      2559
    ],
    "2501.07802v1": [
      141,
      969,
      1766,
      1822,
      1825,
      1831,
      1859,
      2735
    ],
    "2502.10643v1": [
      6416
    ],
    "2502.13262v1": [
      2522,
      2538,
      3182
    ],
    "2503.07994v3": [
      6901,
      8050,
      8052,
      8073,
      8889
    ],
    "2506.00470v1": [
      10983,
      10988,
      11481
    ],
    "2506.04604v1": [
      4746,
      5187
    ],
    "2507.13783v1": [
      6966
    ],
    "2508.05774v1": [
      1421
    ],
    "2508.07998v1": [
      4864
    ],
    "2508.20169v1": [
      7612
    ],
    "2509.14423v1": [
      6596,
      6729,
      6746
    ],
    "2509.16477v2": [
      24
    ],
    "2509.16982v1": [
      9690
    ],
    "2509.21078v2": [
      5748
    ],
    "2509.21467v1": [
      16658
    ],
    "2510.23277v2": [
      5447,
      5454
    ],
    "2510.27059v1": [
      16,
      2639
    ],
    "2510.27635v1": [
      6175,
      6184
    ],
    "2511.01954v1": [
      13630
    ],
    "2511.02871v1": [
      24816,
      28956,
      31200,
      31400,
      31589
    ],
    "2511.04372v1": [
      1816
    ],
    "2511.08970v1": [
      486,
      4841,
      4916
    ],
    "2511.09312v1": [
      844,
      4164
    ],
    "2511.10350v1": [
      7063
    ],
    "2511.10394v1": [
      1137,
      1242,
      1319,
      2349,
      2616,
      2620,
      2683,
      2694,
      2739,
      2772,
      2928,
      2972,
      2987,
      3148,
      3893,
      3906,
      3937,
      3954,
      3987,
      4166,
      4173,
      4195,
      4284,
      4286,
      4288
    ],
    "2511.14716v1": [
      3696
    ]
  },
  "29449": {
    "2508.14752v1": [
      1999,
      3044
    ],
    "2511.14451v1": [
      7268,
      7363,
      7778,
      8871,
      8876
    ]
  }
}