{
  "22575": {
    "1007.0954": [
      1044,
      1137,
      1364,
      1426,
      1525,
      1561,
      1604
    ],
    "1908.09339v1": [
      22
    ],
    "2308.04394v1": [
      2908,
      3415,
      3485,
      3518
    ],
    "2310.05887v1": [
      2398,
      2458,
      2627
    ],
    "2412.06608v1": [
      940
    ],
    "2511.00714v1": [
      1414
    ],
    "2511.02476v1": [
      2209
    ],
    "2511.14527v1": [
      2794
    ]
  }
}