{
  "31173": {
    "0704.0071": [
      1100,
      1117,
      1121,
      1162
    ],
    "0704.0112": [
      4615
    ],
    "0706.3680": [
      951
    ],
    "0902.1556": [
      2694
    ],
    "1007.2155": [
      154
    ],
    "1009.0557": [
      2567
    ],
    "2407.00234v1": [
      2516,
      2525,
      4217,
      6341
    ],
    "2411.09234v1": [
      3525
    ],
    "2411.10460v1": [
      3568
    ],
    "2412.00072v1": [
      7382
    ],
    "2501.08584v1": [
      3876,
      4259
    ],
    "2511.08964v1": [
      2601
    ]
  },
  "17221": {
    "0704.3200": [
      3562
    ],
    "0705.0707": [
      911
    ],
    "0705.1723": [
      699,
      2488
    ],
    "0705.3244": [
      2887
    ],
    "0705.4332": [
      183,
      195,
      895
    ],
    "0706.1256": [
      258
    ],
    "0706.1814": [
      1451
    ],
    "0706.1827": [
      109,
      2140
    ],
    "0706.3778": [
      658
    ],
    "0706.4389": [
      282,
      300
    ],
    "0707.2231": [
      267,
      422,
      462,
      579,
      588,
      790,
      805
    ],
    "0707.3326": [
      89,
      134,
      288,
      296,
      336,
      825,
      835,
      851,
      888,
      899,
      907,
      1117,
      1192,
      1333,
      1367,
      1410,
      1829,
      1830,
      1862,
      1865,
      1906,
      1917,
      1983
    ],
    "0708.0100": [
      92,
      154,
      828
    ],
    "0812.4851": [
      2750,
      2769
    ],
    "0901.1520": [
      1188,
      1213,
      1510,
      1512,
      1515,
      1551,
      1565,
      1584
    ],
    "0902.0021": [
      649,
      1505
    ],
    "0902.0138": [
      859,
      864
    ],
    "0902.0252": [
      250
    ],
    "0902.1016": [
      2391,
      2429,
      2443,
      2466,
      2550
    ],
    "0902.2967": [
      1015
    ],
    "1007.2155": [
      426,
      2571,
      2614,
      2937,
      2974
    ],
    "1007.2461": [
      602,
      629
    ],
    "1007.2621": [
      2154
    ],
    "1007.4710": [
      546
    ],
    "1008.1719": [
      631,
      748,
      2590
    ],
    "1008.1967": [
      2573,
      2583
    ],
    "1008.1981": [
      141
    ],
    "1008.3053": [
      178
    ],
    "1008.3703": [
      14150,
      26650,
      27999
    ],
    "1009.0600": [
      166,
      334
    ],
    "1707.00934v1": [
      1575
    ],
    "1710.00945v1": [
      813
    ],
    "1801.06942v1": [
      79,
      106,
      255,
      340,
      477,
      516,
      525,
      527,
      587,
      674,
      1729,
      1742
    ],
    "1804.00331v1": [
      391
    ],
    "1804.07216v1": [
      359
    ],
    "1904.03903v2": [
      2530
    ],
    "2108.01435v2": [
      4438
    ],
    "2405.17549v1": [
      3010
    ],
    "2405.18665v1": [
      347
    ],
    "2410.09064v1": [
      2452,
      2572,
      2619,
      2971,
      3300
    ],
    "2412.00072v1": [
      7391
    ],
    "2501.08584v1": [
      10,
      185,
      645,
      1126
    ],
    "2505.00175v1": [
      1892,
      2661
    ],
    "2505.16269v1": [
      1594
    ],
    "2508.10165v1": [
      4832
    ],
    "2511.00253v1": [
      131040,
      131703,
      132609
    ],
    "2511.08964v1": [
      413,
      1440,
      1468,
      1587,
      1634,
      1680,
      1802,
      1853,
      2288,
      2499,
      2854,
      2955
    ],
    "2511.11936v1": [
      541,
      5714
    ]
  },
  "21544": {
    "0705.4584": [
      1370,
      2193,
      2195
    ],
    "1007.2444": [
      308,
      394,
      398,
      490,
      711,
      1069,
      1132,
      1176,
      1257,
      1384,
      1561,
      1653,
      1746,
      1801,
      1808,
      1881,
      2298,
      2321,
      2351
    ]
  },
  "32777": {
    "1007.2444": [
      62,
      501,
      542,
      1890,
      1931
    ]
  }
}