{
  "51888": {
    "0704.3957": [
      2691
    ],
    "0705.0190": [
      1915
    ],
    "0705.4606": [
      2074
    ],
    "0706.0280": [
      115
    ],
    "0706.1148": [
      4724
    ],
    "0706.1486": [
      3421
    ],
    "0706.3348": [
      3342,
      3357,
      3361,
      3363,
      3390
    ],
    "0706.3626": [
      340,
      343
    ],
    "0707.1453": [
      1925
    ],
    "0707.2341": [
      588
    ],
    "0707.2822": [
      745,
      748,
      751
    ],
    "0707.3597": [
      4290,
      4293,
      4352,
      4357
    ],
    "0707.3724": [
      1117
    ],
    "0707.4025": [
      2101
    ],
    "0708.0321": [
      610
    ],
    "0901.0221": [
      998
    ],
    "0901.0442": [
      8109
    ],
    "0901.0912": [
      596
    ],
    "0901.1241": [
      2104
    ],
    "0901.1403": [
      1674,
      1732,
      1734
    ],
    "0901.2446": [
      1396,
      1398
    ],
    "0901.3692": [
      317
    ],
    "0901.4359": [
      2460
    ],
    "0902.1693": [
      5734
    ],
    "0902.2480": [
      4428
    ],
    "0902.3097": [
      314
    ],
    "1007.0886": [
      1434
    ],
    "1007.2207": [
      4083
    ],
    "1007.4475": [
      1904
    ],
    "1007.4804": [
      3250
    ],
    "1007.5050": [
      20
    ],
    "1007.5309": [
      2305
    ],
    "1008.0485": [
      2618
    ],
    "1008.1102": [
      1124
    ],
    "1008.3215": [
      681,
      692,
      990,
      1039,
      1083,
      1112,
      1115,
      1203,
      1205,
      1246,
      1284,
      1290
    ],
    "1008.3634": [
      3022
    ],
    "1008.4301": [
      4005
    ],
    "1009.1339": [
      367
    ],
    "1703.05831v2": [
      2422
    ],
    "2302.05335v1": [
      5161,
      5513
    ],
    "2508.04218v1": [
      1545
    ],
    "2510.27389v1": [
      1882
    ],
    "2511.02068v1": [
      3324,
      3520
    ]
  }
}