{
  "24428": {
    "0704.2723": [
      594,
      617,
      662,
      666,
      687,
      692,
      2099,
      2102,
      2120,
      2128
    ],
    "0706.3277": [
      1983
    ],
    "0706.3973": [
      2330
    ],
    "0707.1436": [
      2455
    ],
    "0707.1835": [
      1698
    ],
    "0901.0076": [
      1730
    ],
    "0901.1830": [
      1552
    ],
    "0901.3676": [
      1850
    ],
    "0902.0320": [
      7339
    ],
    "0902.2342": [
      520
    ],
    "1007.4902": [
      1516
    ],
    "1007.5515": [
      554
    ],
    "1009.0417": [
      1506
    ],
    "1706.02652v2": [
      1286,
      3163
    ],
    "2208.02441v1": [
      954,
      1071,
      1938
    ]
  },
  "45327": {
    "0705.1961": [
      8
    ]
  }
}