{
  "21793": {
    "0704.0749": [
      2011,
      2038,
      2047,
      2735,
      6165
    ],
    "0704.0754": [
      5090
    ],
    "0704.2079": [
      261,
      322
    ],
    "0705.2562": [
      1254
    ],
    "0705.3109": [
      2202,
      2229,
      2238,
      2852,
      6353
    ],
    "0705.4012": [
      1658,
      1781,
      1866
    ],
    "0707.0030": [
      3107,
      3109
    ],
    "0707.0931": [
      556
    ],
    "0707.1602": [
      6052
    ],
    "0707.4641": [
      1121
    ],
    "0902.0624": [
      1735,
      2523
    ],
    "0902.0996": [
      349
    ],
    "0902.1000": [
      4685,
      4686,
      4701,
      4748,
      4893,
      4936,
      4955,
      5050,
      20130
    ],
    "0902.2263": [
      5136,
      5241,
      5434,
      5454
    ],
    "0902.2927": [
      1300
    ],
    "1007.3987": [
      3752,
      3958,
      3965
    ],
    "1008.0930": [
      1480
    ],
    "2307.10478v4": [
      4728
    ],
    "2508.04873v1": [
      3626
    ],
    "2508.06726v1": [
      3492,
      3726
    ],
    "2508.19767v2": [
      1129,
      1372,
      1431,
      4228
    ],
    "2509.04558v1": [
      2807
    ],
    "2509.09224v1": [
      6646
    ],
    "2510.02255v1": [
      2175,
      2185
    ],
    "2510.04565v1": [
      3961
    ]
  }
}