{
  "24100": {
    "0704.1504": [
      305
    ],
    "0704.2054": [
      20944
    ],
    "0705.0722": [
      1079
    ],
    "0705.1730": [
      25659
    ],
    "0707.3236": [
      246,
      251,
      256,
      263,
      301
    ],
    "0901.2107": [
      5953
    ],
    "1008.1972": [
      2215
    ],
    "1009.1256": [
      857
    ],
    "2509.04637v1": [
      3063
    ],
    "2511.14608v1": [
      2478,
      12723
    ]
  },
  "10909": {
    "0704.3646": [
      10326
    ],
    "0705.0468": [
      480,
      489,
      610,
      806
    ],
    "0706.0280": [
      5544
    ],
    "0812.3879": [
      464,
      585,
      689
    ],
    "0901.1324": [
      32,
      42,
      89,
      211,
      1563,
      1565,
      1584,
      1592,
      1596,
      1600,
      1603,
      1624,
      1644,
      1663,
      2133
    ],
    "0901.3365": [
      5,
      32,
      189,
      445,
      465,
      470,
      510,
      512,
      533,
      545,
      560,
      578,
      692,
      698,
      709,
      747,
      751,
      768,
      789,
      799,
      835,
      931,
      955,
      971,
      1028,
      1084,
      1125,
      1128,
      1152,
      1168,
      1174,
      1192,
      1208,
      1312,
      1394,
      1574,
      1619,
      1781,
      1953,
      2025,
      2075,
      2158,
      2323,
      2466,
      2608,
      2672,
      2768,
      2825,
      2897,
      2951,
      3079,
      3091,
      3098,
      3147,
      3325,
      3349,
      3373,
      3397,
      3421
    ],
    "0902.2196": [
      1,
      6,
      18,
      37,
      118,
      124,
      136,
      194,
      289,
      292,
      295,
      298,
      321,
      341,
      705,
      786,
      793,
      809,
      812,
      851,
      962,
      967,
      971,
      1074,
      1245,
      1248,
      1485,
      1505,
      1534,
      1567,
      1569,
      1586,
      1612,
      1646,
      2127,
      2151,
      3139,
      3271,
      3299,
      3304,
      3325,
      3522,
      3629,
      3644,
      3649,
      3778
    ],
    "1007.2049": [
      1577,
      1627,
      1766,
      2148
    ],
    "1007.4264": [
      3629
    ],
    "1007.4327": [
      76,
      386
    ],
    "1008.1591": [
      6032
    ],
    "1008.2991": [
      56,
      214,
      1726,
      2093,
      2104
    ],
    "1008.3366": [
      123
    ],
    "1008.4109": [
      965,
      1116,
      1174
    ],
    "1008.4261": [
      2211
    ],
    "1706.00318v1": [
      2814
    ],
    "1706.01701v1": [
      516
    ],
    "1806.09428v1": [
      825
    ],
    "1807.08535v1": [
      2642
    ],
    "2103.02538v2": [
      3343
    ],
    "2105.13227v1": [
      5247,
      5329,
      5351,
      5424
    ],
    "2107.05665v1": [
      1673
    ],
    "2201.07426v1": [
      3382
    ],
    "2206.01917v1": [
      783
    ],
    "2206.02968v1": [
      1874
    ],
    "2209.14545v1": [
      33664
    ],
    "2211.10818v1": [
      14327
    ],
    "2302.07924v1": [
      561
    ],
    "2304.04702v1": [
      1402,
      1607,
      1624
    ]
  }
}