{
  "52899": {
    "0706.0291": [
      1231,
      1239
    ],
    "0706.1264": [
      712,
      727,
      1029,
      1058
    ],
    "0706.1905": [
      771
    ],
    "0706.3347": [
      1321
    ],
    "0707.3248": [
      220
    ],
    "0707.3889": [
      336,
      367,
      369,
      397,
      433,
      434,
      439,
      442,
      456
    ],
    "0707.3915": [
      445,
      452,
      551,
      553,
      557
    ],
    "0812.4740": [
      3620,
      3621
    ],
    "0812.4846": [
      2391
    ],
    "0901.3017": [
      3908
    ],
    "0901.3636": [
      1503
    ],
    "0901.4479": [
      2995,
      3002,
      3027,
      3034,
      3137,
      3168,
      3189,
      3209,
      4191
    ],
    "0902.0257": [
      3022
    ],
    "0902.0524": [
      2174
    ],
    "0902.1064": [
      88
    ],
    "1007.0778": [
      1665
    ],
    "1007.0858": [
      861
    ],
    "1007.2222": [
      29,
      142,
      145,
      179,
      186,
      269,
      593,
      642,
      763,
      776,
      1590
    ],
    "1007.2687": [
      1556
    ],
    "1008.0266": [
      643
    ],
    "1008.1109": [
      1695
    ],
    "1008.1374": [
      1627
    ],
    "1008.1949": [
      5792
    ],
    "1008.2122": [
      1309,
      1346,
      1350,
      2123,
      2128,
      2141
    ],
    "1008.4174": [
      614
    ],
    "1711.01145v1": [
      2627
    ],
    "1807.11311v1": [
      894
    ],
    "1910.10177v1": [
      1388
    ],
    "2012.06479v2": [
      3807,
      3895
    ],
    "2309.00285v2": [
      853
    ],
    "2502.04504v1": [
      1760
    ]
  }
}