{
  "15992": {
    "0704.2458": [
      6354,
      6374
    ],
    "0704.2726": [
      2968
    ],
    "0704.3086": [
      371,
      2651,
      3254,
      3866
    ],
    "0704.3742": [
      3087,
      3112
    ],
    "0705.0513": [
      15
    ],
    "0705.1973": [
      4102
    ],
    "0705.2416": [
      894
    ],
    "0705.2996": [
      1373
    ],
    "0705.3543": [
      6047
    ],
    "0706.0523": [
      25
    ],
    "0706.0739": [
      18
    ],
    "0706.3226": [
      1078
    ],
    "0706.4313": [
      15
    ],
    "0706.4458": [
      5601
    ],
    "0706.4483": [
      231,
      3062
    ],
    "0707.1637": [
      1223
    ],
    "0707.2953": [
      2734
    ],
    "0707.3704": [
      7054
    ],
    "0707.4491": [
      2365
    ],
    "0812.3904": [
      3348
    ],
    "0812.4725": [
      1182
    ],
    "0901.0229": [
      7053
    ],
    "0901.4533": [
      2806
    ],
    "0902.0586": [
      2784,
      2799
    ],
    "0902.1586": [
      185,
      3402,
      3412
    ],
    "0902.3222": [
      202
    ],
    "1007.1076": [
      217
    ],
    "1007.1817": [
      324,
      3536
    ],
    "1007.2565": [
      2420
    ],
    "1007.3080": [
      1639
    ],
    "1007.3568": [
      4798
    ],
    "1007.3798": [
      1353,
      1369,
      1407
    ],
    "1008.0077": [
      1615
    ],
    "1008.0550": [
      2527
    ],
    "1008.3450": [
      2558
    ],
    "1009.0401": [
      3541,
      3689,
      3694,
      3751
    ],
    "1009.0428": [
      4178
    ],
    "2211.07602v1": [
      986,
      1012
    ],
    "2301.02084v1": [
      5665
    ],
    "2505.20450v1": [
      11158
    ]
  }
}