{
  "52012": {
    "0704.3061": [
      99,
      191
    ],
    "0705.1552": [
      3021
    ],
    "0705.2516": [
      511,
      694,
      696,
      742
    ],
    "0706.3044": [
      1698,
      1957,
      1963,
      1976,
      1977,
      1984,
      2020,
      2022,
      2079,
      2089,
      2100,
      2101,
      2104,
      2106,
      3074
    ],
    "0707.2521": [
      526,
      527
    ],
    "0812.4409": [
      369,
      402
    ],
    "0901.1110": [
      957
    ],
    "0901.4126": [
      673,
      690
    ],
    "1007.2601": [
      1476,
      1596
    ],
    "1007.3819": [
      2143,
      2148
    ],
    "1007.4015": [
      1460,
      1476
    ],
    "1008.1859": [
      469,
      686,
      694,
      704,
      721,
      750,
      755,
      763,
      774,
      793,
      817,
      840
    ],
    "1008.2824": [
      732
    ],
    "1008.3830": [
      169
    ],
    "1008.4368": [
      1045,
      1083,
      1121,
      1802,
      1852,
      1864
    ],
    "1008.4516": [
      390,
      400,
      6150
    ],
    "1009.0161": [
      390
    ],
    "1009.0561": [
      761,
      788,
      819
    ],
    "1803.07158v1": [
      5748
    ],
    "1910.09757v1": [
      2809,
      2816
    ],
    "2108.04991v1": [
      1824
    ],
    "2108.06394v1": [
      460,
      498
    ],
    "2202.05283v2": [
      155
    ],
    "2212.02441v1": [
      746
    ],
    "2309.10582v1": [
      4243
    ],
    "2409.03484v1": [
      5412
    ],
    "2508.04686v1": [
      753,
      2423,
      2858,
      2913
    ],
    "2508.09257v2": [
      796
    ],
    "2508.09370v1": [
      597,
      801
    ],
    "2508.14035v1": [
      2847
    ],
    "2509.08687v1": [
      1268,
      1270,
      1272,
      1273,
      1274,
      1275
    ],
    "2509.12336v1": [
      1225
    ],
    "2509.15009v1": [
      808,
      2289,
      2440
    ],
    "2510.06482v1": [
      988
    ],
    "2510.12203v1": [
      349,
      1044,
      1047,
      1052,
      1054,
      1057,
      1059,
      1155,
      9537,
      9620,
      10728,
      10747,
      11776,
      11789,
      12106,
      12132,
      12241,
      12250,
      12251,
      12318,
      12342,
      12362,
      12395,
      12407,
      12422,
      12451,
      12473,
      12506,
      12677,
      13311,
      13346,
      13354,
      13368,
      13411,
      13423,
      13457,
      13509,
      13523,
      13565,
      13586,
      13737,
      13753,
      13762,
      14641,
      15735
    ],
    "2510.12620v1": [
      66,
      520,
      556,
      637,
      749,
      770,
      873,
      3986,
      4006,
      4218
    ],
    "2510.13949v1": [
      431,
      436,
      483,
      521,
      594,
      828
    ],
    "2510.14173v2": [
      605,
      681
    ],
    "2510.26625v2": [
      751,
      752,
      753,
      778,
      779,
      781,
      995,
      996,
      997,
      998,
      999,
      1000,
      1001,
      1002,
      1003,
      1004
    ],
    "2511.04542v1": [
      458,
      521,
      707,
      742,
      2051,
      3816,
      3829,
      3884,
      3886,
      5416
    ]
  }
}