{
  "28891": {
    "0705.4584": [
      1210
    ],
    "0706.2748": [
      58,
      137,
      319
    ],
    "0901.1528": [
      1144
    ],
    "1008.5163": [
      4225
    ],
    "2112.00215v1": [
      6092
    ],
    "2511.15349v1": [
      220
    ]
  }
}