{
  "52057": {
    "0704.1258": [
      935
    ],
    "0706.1656": [
      1745
    ],
    "0707.1266": [
      1917
    ],
    "0707.4107": [
      3104,
      3105
    ],
    "0901.0998": [
      906,
      937
    ],
    "0902.1535": [
      9258,
      9270
    ],
    "1007.1078": [
      985,
      1003,
      7740,
      7784
    ],
    "1007.2689": [
      4902
    ],
    "1007.4241": [
      3888
    ],
    "1008.4169": [
      861
    ],
    "1008.4821": [
      2070
    ],
    "2508.08364v2": [
      1146,
      1331,
      1370
    ],
    "2508.13941v2": [
      1199,
      1238
    ],
    "2509.03216v1": [
      4404
    ]
  }
}