{
  "20242": {
    "0704.0351": [
      556
    ],
    "0704.0455": [
      313
    ],
    "0704.0911": [
      2028
    ],
    "0704.1477": [
      1406
    ],
    "0704.3096": [
      26
    ],
    "0704.3097": [
      5890
    ],
    "0704.3745": [
      208
    ],
    "0704.3882": [
      639
    ],
    "0705.2480": [
      205
    ],
    "0705.2618": [
      2793
    ],
    "0705.3462": [
      148
    ],
    "0706.0657": [
      919
    ],
    "0706.0714": [
      46
    ],
    "0706.1061": [
      1472
    ],
    "0706.1506": [
      1837
    ],
    "0706.1856": [
      1453
    ],
    "0706.1982": [
      2643
    ],
    "0706.2083": [
      342
    ],
    "0706.2629": [
      1210
    ],
    "0706.3197": [
      1645
    ],
    "0706.3744": [
      589
    ],
    "0707.0188": [
      611
    ],
    "0707.1814": [
      314
    ],
    "0707.3054": [
      1272
    ],
    "0707.3826": [
      484
    ],
    "0707.4173": [
      8
    ],
    "0901.0928": [
      228
    ],
    "0901.1150": [
      1565
    ],
    "0901.1702": [
      4429
    ],
    "0901.2023": [
      206
    ],
    "0901.2311": [
      2941
    ],
    "0901.3586": [
      3824
    ],
    "0901.3592": [
      1406
    ],
    "0901.4121": [
      8174
    ],
    "0902.0377": [
      72817
    ],
    "0902.0424": [
      3057
    ],
    "0902.0612": [
      7
    ],
    "0902.1535": [
      5518
    ],
    "0902.1727": [
      2055
    ],
    "0902.3088": [
      1446
    ],
    "1007.1009": [
      3322
    ],
    "1007.1989": [
      286
    ],
    "1007.2439": [
      1730
    ],
    "1007.3145": [
      446
    ],
    "1007.5465": [
      1568
    ],
    "1008.2157": [
      3139
    ],
    "1008.2391": [
      532
    ],
    "1008.2998": [
      300,
      524,
      530,
      572,
      830
    ],
    "1008.3233": [
      140
    ],
    "1008.4089": [
      2726
    ],
    "1008.4401": [
      319
    ],
    "1008.5283": [
      681
    ],
    "1009.0020": [
      2078
    ],
    "1009.0861": [
      134
    ],
    "1009.1026": [
      2420
    ],
    "1009.1253": [
      95
    ],
    "1811.09815v2": [
      1174
    ],
    "2309.05563v2": [
      202
    ],
    "2403.02844v1": [
      316
    ],
    "2505.12449v2": [
      2466
    ],
    "2508.05893v1": [
      5100,
      5223
    ],
    "2509.13152v1": [
      2463
    ],
    "2510.05778v1": [
      3673,
      4553
    ],
    "2510.18820v1": [
      2104
    ],
    "2511.14720v1": [
      4439
    ]
  },
  "35113": {
    "0704.1230": [
      2578
    ],
    "0705.2691": [
      8678
    ],
    "0706.4207": [
      210
    ],
    "1007.0816": [
      1796
    ],
    "1007.2871": [
      2699
    ],
    "1007.3824": [
      96,
      367,
      554,
      723,
      830,
      967,
      1112,
      1195,
      1350,
      1408,
      1526,
      1703,
      1873,
      2017,
      2252,
      2480
    ],
    "1007.5193": [
      1181
    ],
    "1008.4422": [
      386
    ],
    "1009.0605": [
      243
    ]
  },
  "42682": {
    "0704.3213": [
      6307
    ]
  }
}