{
  "45091": {
    "0705.3525": [
      1623
    ],
    "1007.1415": [
      1119
    ],
    "2003.03231v1": [
      23413
    ],
    "2202.07547v1": [
      4487,
      4610
    ]
  }
}