{
  "21334": {
    "0704.0306": [
      26,
      29,
      257
    ],
    "0704.1800": [
      3660
    ],
    "0704.2734": [
      546
    ],
    "0704.2883": [
      1241,
      1295,
      1326,
      1371
    ],
    "0704.3444": [
      20
    ],
    "0704.3466": [
      299
    ],
    "0705.1730": [
      12825
    ],
    "0705.4396": [
      4699
    ],
    "0705.4464": [
      14
    ],
    "0706.1386": [
      17
    ],
    "0706.3720": [
      317
    ],
    "0707.0804": [
      2796,
      2924
    ],
    "0707.2047": [
      2205
    ],
    "0707.2774": [
      20
    ],
    "0707.2805": [
      21
    ],
    "0707.4197": [
      2889
    ],
    "0812.4307": [
      16,
      20,
      992,
      1007
    ],
    "0901.1950": [
      2310
    ],
    "0901.2312": [
      1471
    ],
    "0901.2336": [
      32
    ],
    "0902.0358": [
      2420
    ],
    "0902.0359": [
      24,
      29
    ],
    "1007.1921": [
      32,
      86,
      104,
      171
    ],
    "1007.3231": [
      251
    ],
    "1007.3252": [
      7387
    ],
    "1007.3451": [
      36
    ],
    "1007.4850": [
      217,
      221
    ],
    "1007.5069": [
      20
    ],
    "1008.0681": [
      1130,
      1146,
      1262,
      1401,
      1403,
      1425,
      1434,
      1518,
      1527,
      1563,
      1756,
      2039,
      2047,
      2147
    ],
    "1008.1019": [
      975
    ],
    "1008.2244": [
      2754,
      2759
    ],
    "1008.3565": [
      196
    ],
    "1008.4969": [
      5109
    ],
    "1009.0852": [
      1283,
      7974
    ],
    "1707.08847v1": [
      639,
      859,
      1239,
      1312,
      1737,
      1743,
      1758,
      1768,
      1808,
      1918,
      1966,
      1976,
      1996,
      2053,
      2076,
      2194,
      2204,
      2225,
      2242,
      2301,
      2323,
      2491,
      2692,
      2786,
      2796,
      2989,
      3042,
      3092,
      3104,
      3133,
      3211,
      3370,
      3392
    ],
    "1910.14037v1": [
      157
    ],
    "2401.17257v1": [
      2801
    ],
    "2409.00452v1": [
      1783,
      1792,
      1807
    ],
    "2511.08329v1": [
      26,
      6866
    ]
  },
  "51722": {
    "0704.0306": [
      260
    ],
    "0704.1120": [
      625,
      2856
    ],
    "0704.1908": [
      3126,
      3832,
      4337
    ],
    "0704.2950": [
      2779,
      2780
    ],
    "0705.0228": [
      685
    ],
    "0705.1502": [
      1086,
      1088
    ],
    "0705.1847": [
      1507
    ],
    "0705.3319": [
      359,
      378,
      387
    ],
    "0705.3340": [
      16228
    ],
    "0705.3652": [
      1090
    ],
    "0705.3845": [
      952
    ],
    "0705.4153": [
      2738
    ],
    "0705.4684": [
      1168
    ],
    "0706.0236": [
      12964
    ],
    "0706.2169": [
      1788,
      1810
    ],
    "0706.3935": [
      6436
    ],
    "0707.0048": [
      2109
    ],
    "0707.0372": [
      893,
      911
    ],
    "0707.1074": [
      1608
    ],
    "0707.2165": [
      2928,
      2931
    ],
    "0707.3403": [
      1419,
      1420
    ],
    "0707.3951": [
      3309
    ],
    "0707.4537": [
      897,
      967,
      981
    ],
    "0812.3975": [
      1389
    ],
    "0812.4505": [
      1796
    ],
    "0901.0143": [
      2007
    ],
    "0901.1369": [
      440
    ],
    "0901.2009": [
      1097,
      1100
    ],
    "0901.3443": [
      20
    ],
    "0901.3864": [
      1749,
      1751
    ],
    "0901.4520": [
      1769,
      1772,
      1773
    ],
    "0901.4770": [
      2098
    ],
    "0902.0154": [
      1600
    ],
    "0902.0268": [
      2056
    ],
    "0902.1158": [
      4044
    ],
    "0902.2173": [
      494
    ],
    "0902.2261": [
      770,
      771,
      1816,
      2182,
      2301,
      2317,
      2553
    ],
    "0902.2477": [
      3824
    ],
    "0902.2760": [
      1377
    ],
    "1007.2679": [
      3383,
      3388,
      3389
    ],
    "1007.3628": [
      2905
    ],
    "1007.4071": [
      2999
    ],
    "1007.4330": [
      1948,
      3342
    ],
    "1008.0055": [
      2972,
      2978
    ],
    "1008.0509": [
      2545
    ],
    "1008.1196": [
      1443
    ],
    "1008.1756": [
      720
    ],
    "1008.1989": [
      47
    ],
    "1008.3644": [
      1738
    ],
    "1008.4530": [
      421,
      1536,
      1922,
      2364,
      2653
    ],
    "1008.5276": [
      738
    ],
    "1009.0472": [
      6868,
      6935
    ],
    "1704.03803v1": [
      5073
    ],
    "1807.11371v1": [
      2101
    ],
    "1908.11198v2": [
      1868
    ],
    "1909.00340v2": [
      1518,
      1521,
      1527,
      1534
    ],
    "1910.01943v1": [
      3440
    ],
    "2004.04922v2": [
      3194
    ],
    "2203.13879v1": [
      3247
    ],
    "2205.01715v1": [
      2277
    ],
    "2208.02441v1": [
      5741
    ],
    "2303.18214v1": [
      3605
    ]
  }
}