{
  "37697": {
    "0705.0365": [
      1250
    ],
    "0705.1354": [
      1846
    ],
    "0705.1360": [
      3237
    ],
    "0902.0435": [
      4967,
      4976
    ],
    "0902.0809": [
      1645,
      3548
    ],
    "0902.2232": [
      15
    ],
    "0902.2423": [
      1498
    ],
    "1007.3390": [
      1291
    ],
    "1008.3513": [
      1663
    ],
    "1009.0053": [
      1343
    ],
    "1704.02576v2": [
      407,
      1974,
      2006,
      2570,
      2642,
      3485,
      5274,
      5656
    ],
    "1705.07840v1": [
      4960,
      4996,
      5049
    ],
    "1705.08558v1": [
      3160
    ],
    "1706.02652v2": [
      1282,
      5376,
      6992,
      7247
    ],
    "1707.05907v2": [
      852,
      3070,
      4067,
      4438
    ],
    "1707.06548v1": [
      2168
    ],
    "1708.03449v1": [
      3119
    ],
    "1709.03203v2": [
      3731,
      6704
    ],
    "1802.04154v1": [
      15311,
      15347
    ],
    "1802.06133v2": [
      1684,
      2329
    ],
    "1803.07158v1": [
      5867
    ],
    "1804.05145v2": [
      4200,
      4710,
      4729
    ],
    "1807.07702v2": [
      3116
    ],
    "1807.09301v2": [
      2771,
      3285
    ],
    "1808.04284v1": [
      4899
    ],
    "1812.09792v2": [
      3068,
      3857,
      7771,
      7786,
      8295
    ],
    "1901.09484v1": [
      4366,
      4609
    ],
    "1901.10096v2": [
      2332
    ],
    "1902.05785v1": [
      2351
    ],
    "1907.09610v1": [
      1980
    ],
    "2004.09130v1": [
      4924
    ],
    "2004.12010v1": [
      7561
    ],
    "2007.06976v2": [
      396,
      3079,
      6740
    ],
    "2009.02828v3": [
      5532
    ],
    "2010.00699v3": [
      27559,
      41620,
      44784
    ],
    "2110.03886v1": [
      5473
    ],
    "2202.09004v1": [
      9886
    ],
    "2207.14365v2": [
      3710
    ],
    "2208.02350v1": [
      5179
    ],
    "2208.02441v1": [
      5420,
      5512,
      5535
    ],
    "2209.14143v5": [
      1809
    ],
    "2303.10192v1": [
      4215,
      4507
    ],
    "2310.18211v2": [
      6847
    ],
    "2311.05068v1": [
      3210
    ],
    "2401.03863v1": [
      1069,
      6590
    ],
    "2402.05043v1": [
      2979
    ],
    "2402.12829v2": [
      17974,
      19786
    ],
    "2406.05901v1": [
      19781,
      27588
    ],
    "2407.06020v2": [
      2442,
      2828,
      5014,
      5098
    ],
    "2409.07015v5": [
      2870
    ],
    "2412.01796v2": [
      510,
      537,
      638,
      972,
      2142,
      2817,
      2825
    ],
    "2503.17278v1": [
      16029
    ],
    "2509.05518v1": [
      5443
    ],
    "2509.14570v1": [
      4608
    ]
  }
}