{
  "26834": {
    "0704.0706": [
      13
    ],
    "0704.1094": [
      21
    ],
    "0704.2108": [
      2466
    ],
    "0704.2272": [
      23
    ],
    "0705.0742": [
      1051
    ],
    "0705.1329": [
      881
    ],
    "0706.2906": [
      4854
    ],
    "0707.1287": [
      3677
    ],
    "0707.2091": [
      16
    ],
    "0707.2501": [
      1695
    ],
    "0812.4205": [
      2837
    ],
    "0901.0293": [
      2627
    ],
    "0901.1139": [
      11
    ],
    "0902.2359": [
      25
    ],
    "1007.2598": [
      5619
    ],
    "1007.3761": [
      1568
    ],
    "1007.4906": [
      25
    ],
    "1008.1035": [
      20
    ],
    "1008.1321": [
      2047
    ],
    "1008.1336": [
      1605
    ],
    "1008.3372": [
      7047
    ],
    "1008.3379": [
      7590
    ],
    "1008.4110": [
      7475
    ],
    "2307.08186v1": [
      8,
      4919,
      8385
    ],
    "2511.02985v1": [
      93
    ]
  }
}