{
  "24560": {
    "0704.2232": [
      7163
    ],
    "0704.3223": [
      13
    ],
    "0705.2394": [
      42
    ],
    "0705.3316": [
      6177
    ],
    "0705.3705": [
      4308
    ],
    "0706.0430": [
      3313
    ],
    "0706.1831": [
      14
    ],
    "0706.2465": [
      44
    ],
    "0707.0608": [
      1894
    ],
    "0707.0926": [
      4359
    ],
    "0707.1034": [
      14
    ],
    "0707.2945": [
      1305
    ],
    "0707.3311": [
      13
    ],
    "0707.4171": [
      13
    ],
    "0812.3971": [
      4543
    ],
    "0812.4266": [
      1400
    ],
    "0812.4505": [
      14
    ],
    "0812.5064": [
      207
    ],
    "0901.1379": [
      3855
    ],
    "0901.3640": [
      5241
    ],
    "0901.3765": [
      126
    ],
    "0902.0003": [
      48
    ],
    "0902.0475": [
      4148
    ],
    "0902.1559": [
      71
    ],
    "0902.2254": [
      2843
    ],
    "1007.0821": [
      134
    ],
    "1007.1142": [
      226
    ],
    "1007.1203": [
      20
    ],
    "1007.1237": [
      100
    ],
    "1007.1263": [
      17,
      53
    ],
    "1007.1624": [
      247
    ],
    "1007.2850": [
      104,
      159
    ],
    "1007.3409": [
      228
    ],
    "1007.5004": [
      3460
    ],
    "1007.5357": [
      67
    ],
    "1007.5423": [
      13006
    ],
    "1008.0008": [
      512
    ],
    "1008.0635": [
      268
    ],
    "1008.1024": [
      413
    ],
    "1008.1672": [
      22196,
      22205
    ],
    "1008.1901": [
      11
    ],
    "1008.2127": [
      5291
    ],
    "1008.2461": [
      3673
    ],
    "1008.2677": [
      458
    ],
    "1008.3235": [
      240
    ],
    "1008.3912": [
      1605
    ],
    "1008.3914": [
      70
    ],
    "1008.3999": [
      403
    ],
    "1008.4190": [
      269
    ],
    "1008.4797": [
      133
    ],
    "1008.5119": [
      389
    ],
    "1009.0007": [
      21
    ],
    "1009.0752": [
      12,
      3515
    ],
    "1801.07112v2": [
      139
    ],
    "1801.08418v1": [
      115
    ],
    "1803.06166v1": [
      178
    ],
    "2005.08524v1": [
      170
    ],
    "2007.00669v1": [
      45
    ],
    "2104.08643v1": [
      5515
    ],
    "2106.15843v1": [
      8755
    ],
    "2108.06407v1": [
      148
    ],
    "2207.02878v1": [
      7645
    ],
    "2306.16839v1": [
      37
    ],
    "2307.11721v1": [
      91
    ],
    "2405.17549v1": [
      2157
    ],
    "2406.02201v1": [
      8544
    ],
    "2406.16230v2": [
      99
    ],
    "2407.07863v1": [
      2149,
      2262,
      3760,
      4124,
      4266
    ],
    "2410.09142v1": [
      142
    ],
    "2503.14307v2": [
      183
    ],
    "2505.20450v1": [
      68
    ],
    "2507.08907v1": [
      2193
    ],
    "2507.13213v1": [
      67
    ],
    "2508.03395v1": [
      30,
      39
    ],
    "2508.05155v1": [
      4986
    ],
    "2508.11747v3": [
      4335
    ],
    "2508.14570v1": [
      31,
      44
    ],
    "2508.18348v1": [
      5658
    ],
    "2508.20170v1": [
      1810
    ],
    "2509.02895v1": [
      3189,
      3303
    ],
    "2509.03461v1": [
      8058
    ],
    "2509.08118v1": [
      3892
    ],
    "2509.15133v1": [
      2545
    ],
    "2509.19438v1": [
      18
    ],
    "2509.22301v1": [
      22
    ],
    "2510.02641v1": [
      26
    ],
    "2510.07705v1": [
      3085
    ],
    "2510.12410v1": [
      26
    ],
    "2510.12594v1": [
      46
    ],
    "2510.18959v1": [
      12156
    ],
    "2510.21694v1": [
      3835
    ],
    "2510.22989v2": [
      5627
    ],
    "2510.23732v2": [
      143
    ],
    "2510.25653v1": [
      148,
      726,
      736
    ],
    "2511.01522v1": [
      20
    ],
    "2511.01582v1": [
      47,
      54
    ],
    "2511.04337v1": [
      6171
    ],
    "2511.06481v1": [
      56
    ],
    "2511.08447v1": [
      68
    ]
  }
}