{
  "17074": {
    "0705.0239": [
      464
    ],
    "0705.1775": [
      400
    ],
    "0705.2221": [
      1166
    ],
    "0705.3665": [
      2182,
      3452,
      4741,
      4978,
      5053,
      9779
    ],
    "0705.3943": [
      4846,
      4996
    ],
    "0706.3136": [
      408,
      444
    ],
    "0706.3697": [
      486,
      902,
      911,
      1323,
      1391,
      1393
    ],
    "0707.0567": [
      3743
    ],
    "0707.2072": [
      497
    ],
    "0707.2087": [
      279,
      784,
      843,
      1643
    ],
    "0707.3293": [
      1953
    ],
    "0708.0181": [
      909,
      2096,
      2451
    ],
    "0708.0187": [
      850
    ],
    "0812.4959": [
      1957
    ],
    "0901.3383": [
      282
    ],
    "0901.3716": [
      299,
      1211,
      1283,
      2846
    ],
    "0901.4884": [
      1772
    ],
    "1007.2382": [
      59,
      654,
      750,
      779
    ],
    "1008.2569": [
      276
    ],
    "1009.0719": [
      478
    ],
    "2304.05709v1": [
      3960,
      3975
    ],
    "2406.15365v1": [
      978
    ]
  }
}