{
  "27219": {
    "0704.1348": [
      6044
    ],
    "0704.2413": [
      4652
    ],
    "0704.3213": [
      1857
    ],
    "0705.1319": [
      101
    ],
    "0705.1390": [
      13
    ],
    "0705.1660": [
      2588,
      2661
    ],
    "0706.0241": [
      196
    ],
    "0707.4135": [
      1314
    ],
    "0901.2504": [
      9529
    ],
    "0901.3819": [
      6760
    ],
    "0901.3841": [
      3272
    ],
    "0901.4563": [
      929
    ],
    "0901.4697": [
      4852
    ],
    "0902.0850": [
      581
    ],
    "0902.1809": [
      822
    ],
    "1007.3715": [
      243
    ],
    "1008.0622": [
      1770
    ],
    "2112.02678v1": [
      1485
    ],
    "2507.22279v1": [
      55
    ]
  }
}