{
  "32111": {
    "0706.1123": [
      2911
    ],
    "0706.2121": [
      23
    ],
    "0706.3723": [
      2853
    ],
    "0707.0195": [
      2759
    ],
    "0707.1184": [
      1247
    ],
    "0812.4404": [
      2343
    ],
    "0901.1036": [
      156,
      2171
    ],
    "0901.4579": [
      10
    ],
    "1007.3211": [
      9
    ],
    "1007.3218": [
      9
    ],
    "1007.4688": [
      11
    ],
    "1007.5127": [
      2652
    ],
    "1007.5158": [
      3076,
      3215
    ],
    "1008.2457": [
      13,
      1360
    ],
    "1008.3544": [
      599,
      2083
    ],
    "1008.3588": [
      590,
      2688,
      2705,
      2717
    ],
    "1008.4120": [
      1322
    ],
    "1008.4976": [
      2924,
      2949,
      3021
    ],
    "1009.1359": [
      802
    ],
    "1807.01498v2": [
      3521
    ],
    "2206.01915v2": [
      22,
      5442
    ],
    "2206.01917v1": [
      23,
      4710
    ],
    "2302.13898v1": [
      4180
    ],
    "2311.18737v1": [
      1725
    ],
    "2504.04177v1": [
      4229
    ],
    "2506.18771v1": [
      3849
    ]
  }
}