{
  "53593": {
    "0704.1940": [
      11
    ],
    "0704.3228": [
      3538
    ],
    "0704.3708": [
      1734
    ],
    "0705.3222": [
      15157
    ],
    "0706.1568": [
      3173
    ],
    "0706.4113": [
      8
    ],
    "0812.4549": [
      1138
    ],
    "0901.0651": [
      5514,
      5521
    ],
    "0902.2809": [
      15,
      6468,
      6508,
      6517,
      6528,
      6551
    ],
    "1007.4241": [
      22672,
      22709
    ],
    "1007.4301": [
      5212
    ],
    "1008.0160": [
      1467
    ],
    "1008.0621": [
      4278
    ],
    "1008.1628": [
      3120
    ],
    "1008.1999": [
      1688
    ],
    "1008.2293": [
      6577
    ],
    "1008.5248": [
      4463
    ],
    "1009.0911": [
      2982
    ],
    "2201.03148v1": [
      3005
    ],
    "2511.06929v2": [
      4848
    ]
  },
  "51262": {
    "1007.4748": [
      1294
    ]
  }
}