{
  "32933": {
    "0704.1225": [
      1452
    ],
    "0705.4085": [
      3477
    ],
    "0707.0921": [
      1591
    ],
    "0707.1672": [
      749,
      776
    ],
    "0902.1616": [
      1166,
      4800,
      4814
    ],
    "1007.2443": [
      337
    ],
    "1008.4063": [
      944
    ],
    "2305.01565v1": [
      2287
    ],
    "2307.08776v1": [
      2738
    ]
  }
}