{
  "13427": {
    "0704.0058": [
      2396
    ],
    "0706.1000": [
      3246
    ],
    "0706.1723": [
      343
    ],
    "0707.3577": [
      605,
      871,
      4564,
      14754,
      14887,
      15048,
      26504,
      26539,
      27001,
      29599,
      29615,
      29811,
      30020
    ],
    "0901.0971": [
      5305
    ],
    "0901.2134": [
      1757
    ],
    "0902.0854": [
      2340
    ],
    "0902.1193": [
      1090
    ],
    "0902.2728": [
      153
    ],
    "1007.1109": [
      718
    ],
    "1007.1704": [
      437
    ],
    "1007.2967": [
      583
    ],
    "1007.3413": [
      4020
    ],
    "1007.3911": [
      37,
      342,
      1144,
      1238
    ],
    "1007.5235": [
      1313,
      2161
    ],
    "1008.0278": [
      1033
    ],
    "1008.0694": [
      2156
    ],
    "1008.2213": [
      3629
    ],
    "1008.2807": [
      482
    ],
    "1008.3428": [
      2596,
      2926
    ],
    "1008.4263": [
      358
    ],
    "1008.4737": [
      2896
    ],
    "1009.0022": [
      432
    ],
    "1009.1488": [
      1511
    ],
    "1705.05706v1": [
      113,
      689,
      815,
      2693
    ],
    "1807.11750v1": [
      843
    ],
    "1807.11756v1": [
      668
    ],
    "1810.07289v1": [
      1182
    ],
    "1812.09792v2": [
      6569
    ],
    "1908.08557v1": [
      147,
      595,
      686,
      706,
      849,
      1262,
      2112,
      2759,
      2896,
      2932,
      3014,
      3083,
      3140
    ],
    "2010.03524v1": [
      464
    ],
    "2012.12829v1": [
      2792
    ],
    "2105.13227v1": [
      19044
    ],
    "2107.12999v1": [
      1060
    ],
    "2110.07559v16": [
      27390,
      33314
    ],
    "2207.12292v1": [
      3348
    ],
    "2209.05597v1": [
      879
    ],
    "2309.16903v1": [
      1058
    ],
    "2310.14677v1": [
      1597
    ],
    "2407.00234v1": [
      1806,
      1810,
      1816,
      1836,
      4588,
      4599
    ],
    "2409.06737v2": [
      3701
    ],
    "2409.15233v1": [
      2565,
      2821,
      2962,
      3408
    ],
    "2412.01081v1": [
      918
    ],
    "2412.07581v2": [
      1243
    ],
    "2506.19340v3": [
      883
    ],
    "2506.23764v1": [
      1144
    ],
    "2507.17615v2": [
      1690
    ],
    "2508.18348v1": [
      4108
    ],
    "2509.05057v1": [
      1901
    ],
    "2509.05401v1": [
      3099,
      3654
    ],
    "2511.11833v1": [
      1293
    ]
  },
  "25055": {
    "0705.1752": [
      1133
    ],
    "1008.0571": [
      768
    ],
    "1008.2222": [
      12037
    ],
    "1008.4206": [
      60,
      424
    ],
    "1009.0907": [
      522
    ],
    "1803.08829v1": [
      1193
    ],
    "1806.09833v1": [
      1598
    ],
    "1808.03581v1": [
      808
    ],
    "1902.04417v2": [
      2201
    ],
    "2004.13199v1": [
      2427
    ],
    "2007.05827v1": [
      1379
    ],
    "2208.00892v2": [
      6105
    ]
  },
  "36599": {
    "0706.1764": [
      372
    ],
    "2407.00234v1": [
      1844,
      1859
    ],
    "2510.01018v1": [
      3039
    ]
  },
  "40242": {
    "1007.3911": [
      1137
    ],
    "1008.4737": [
      2889
    ]
  }
}