{
  "9868": {
    "0704.0899": [
      1145,
      1149,
      1170,
      1174,
      1186,
      1205,
      1232,
      1343,
      1411,
      1431,
      1454,
      1674,
      1763,
      7635,
      9565,
      9872,
      9935,
      10036,
      10091,
      10509,
      10534,
      11689
    ],
    "0706.0622": [
      439
    ],
    "0707.0491": [
      2511
    ],
    "0707.3263": [
      272
    ],
    "0812.4542": [
      1552
    ],
    "0901.2039": [
      1143,
      1175
    ],
    "0901.4951": [
      4006
    ],
    "0902.0350": [
      6650
    ],
    "0902.2278": [
      1818
    ],
    "1007.0864": [
      769,
      950,
      1208
    ],
    "1007.1737": [
      1205
    ],
    "1008.0329": [
      684
    ],
    "1008.2545": [
      576
    ],
    "2102.05330v2": [
      4875
    ],
    "2107.14538v1": [
      1535
    ],
    "2309.10252v1": [
      0,
      64,
      381,
      500,
      521,
      532,
      601,
      633,
      740,
      788,
      847,
      875,
      1018,
      1034,
      1098,
      1199,
      2397,
      2716,
      2733,
      2800,
      3129,
      3197,
      3243,
      3245,
      3255,
      3391,
      3612,
      4188,
      4291,
      4909,
      5047,
      5429,
      5563,
      5576,
      5711,
      5965,
      6006,
      6027,
      6046,
      6058,
      6082,
      6097,
      6117,
      6130
    ],
    "2411.11597v1": [
      1713
    ],
    "2507.08117v1": [
      42,
      52,
      68,
      77,
      109,
      114,
      135,
      141,
      290,
      430,
      435,
      443,
      455,
      465,
      471,
      481,
      509,
      514,
      534,
      545,
      548,
      554,
      561,
      577,
      582,
      598,
      619,
      725,
      748,
      762,
      769,
      796,
      804,
      816,
      827,
      839,
      845,
      853,
      869,
      902,
      914,
      931,
      948,
      982,
      1001,
      1044,
      1051,
      1077,
      1107,
      1118,
      1142,
      1147,
      1152,
      1179,
      1205,
      1210,
      1235,
      1243,
      1265,
      1270,
      1276,
      1287,
      1294,
      1297,
      1327,
      1340,
      1394,
      1395,
      1409,
      1413,
      1447,
      1450,
      1460,
      1489,
      1493,
      1504,
      1517,
      1547,
      1573,
      1577,
      1588,
      1603,
      1613,
      1622,
      1626,
      1631,
      1700,
      1892,
      1897,
      1910,
      1916,
      2184,
      2244,
      2255,
      2267,
      2563,
      2584,
      2590,
      2598,
      2604,
      2612,
      2619,
      2632,
      2777,
      2992,
      3045,
      3065,
      3143,
      3151,
      3161,
      3178,
      3184,
      3199,
      3218,
      3225,
      3251,
      3279,
      3284,
      3307,
      3347,
      3432,
      3482,
      3580,
      3597,
      3639
    ],
    "2507.18439v1": [
      2865,
      2866
    ],
    "2509.05406v1": [
      1490
    ],
    "2509.11495v1": [
      3643
    ],
    "2509.18345v1": [
      3913
    ],
    "2509.20264v2": [
      7816
    ],
    "2511.05248v1": [
      18965
    ]
  },
  "40284": {
    "0707.4289": [
      284,
      2314
    ]
  }
}