{
  "32011": {
    "0704.1003": [
      1857
    ],
    "0706.3864": [
      1509
    ],
    "0707.0220": [
      1282
    ],
    "0707.3293": [
      531,
      2890
    ],
    "1007.3553": [
      4892
    ],
    "1807.06088v2": [
      4612
    ],
    "2509.06072v1": [
      3676
    ],
    "2510.05334v1": [
      5569
    ],
    "2511.01954v1": [
      13195
    ]
  }
}