{
  "51852": {
    "0704.0269": [
      3094
    ],
    "0704.0278": [
      1057
    ],
    "0704.2384": [
      1416
    ],
    "0704.3483": [
      592,
      709,
      836
    ],
    "0704.3502": [
      3042,
      3053,
      3069
    ],
    "0704.3858": [
      4009
    ],
    "0705.2532": [
      1684
    ],
    "0705.3284": [
      922
    ],
    "0705.3449": [
      4268
    ],
    "0705.3785": [
      1488,
      1496,
      1511,
      1520,
      1613,
      1623,
      1733,
      1739,
      1769,
      2559,
      2572
    ],
    "0705.4089": [
      2120
    ],
    "0706.1994": [
      156
    ],
    "0706.2150": [
      266
    ],
    "0706.2173": [
      503,
      916
    ],
    "0706.2680": [
      5159
    ],
    "0706.4050": [
      2334
    ],
    "0707.0006": [
      2863
    ],
    "0707.0689": [
      765,
      956
    ],
    "0707.0715": [
      1549
    ],
    "0707.1289": [
      3993,
      4691,
      4695,
      4713,
      4719,
      4737,
      4752
    ],
    "0707.1318": [
      781
    ],
    "0707.2240": [
      3208
    ],
    "0812.3926": [
      2107
    ],
    "0901.2954": [
      802
    ],
    "1007.1175": [
      1206
    ],
    "1007.3613": [
      1612
    ],
    "1007.3728": [
      33,
      383,
      395,
      397,
      405,
      425,
      448,
      451,
      471,
      479,
      495,
      517,
      697,
      845,
      848,
      870,
      886,
      891,
      899,
      902,
      956,
      960,
      972,
      1502,
      1535,
      1554,
      1559,
      1562,
      1630,
      1728,
      1739,
      1741,
      1760,
      1765,
      1771,
      1797,
      1813,
      1832,
      1836,
      1937,
      2167,
      2296,
      2308
    ],
    "1007.4440": [
      766
    ],
    "1008.0444": [
      2386
    ],
    "1008.2256": [
      2918
    ],
    "1008.2938": [
      1855
    ],
    "1008.3238": [
      3158
    ],
    "1008.3286": [
      3401
    ],
    "1804.02109v2": [
      1372,
      3447
    ],
    "1805.01265v1": [
      587,
      593
    ],
    "1806.08669v2": [
      1826
    ],
    "1908.09155v1": [
      1075
    ],
    "1909.09050v1": [
      3564,
      6707,
      6720,
      6733
    ],
    "2006.15263v3": [
      212
    ],
    "2101.00040v2": [
      1362
    ],
    "2105.10088v1": [
      1624
    ],
    "2203.02406v1": [
      2188,
      19376,
      23812
    ],
    "2301.02084v1": [
      5446,
      5461
    ],
    "2509.25377v1": [
      4956,
      5171
    ],
    "2509.25915v1": [
      609
    ],
    "2511.00253v1": [
      145207
    ],
    "2511.03067v1": [
      266
    ],
    "2511.12356v1": [
      93
    ]
  }
}