{
  "52225": {
    "0704.0065": [
      2045
    ],
    "0704.0700": [
      3674,
      3727
    ],
    "0704.1008": [
      3,
      248,
      391,
      426,
      741,
      922,
      1061,
      1234,
      1493,
      1812,
      2197,
      2395,
      2643,
      2918,
      3225,
      3514,
      3772,
      4241
    ],
    "0704.1830": [
      220,
      337,
      430
    ],
    "0704.1917": [
      501,
      524
    ],
    "0704.2216": [
      1540
    ],
    "0705.1859": [
      1001
    ],
    "0705.3272": [
      6465
    ],
    "0705.3650": [
      8098,
      8130,
      8164
    ],
    "0706.0128": [
      769,
      773,
      801
    ],
    "0706.0466": [
      531,
      552
    ],
    "0706.1650": [
      602,
      603
    ],
    "0707.0028": [
      1828
    ],
    "0707.0189": [
      1938
    ],
    "0707.0284": [
      1803
    ],
    "0707.0875": [
      4295
    ],
    "0812.3935": [
      2765,
      2806
    ],
    "0812.5040": [
      2084,
      2132,
      2254,
      2432,
      4478,
      5105
    ],
    "0901.0735": [
      5201
    ],
    "0902.0876": [
      5,
      476,
      653
    ],
    "0902.0881": [
      849
    ],
    "1007.1232": [
      448
    ],
    "1007.3284": [
      542,
      546
    ],
    "1007.3437": [
      2474,
      2477,
      2478,
      2513,
      2537
    ],
    "1007.4956": [
      202
    ],
    "1008.0295": [
      2585
    ],
    "1008.1864": [
      1167
    ],
    "1008.3721": [
      94,
      2379
    ],
    "1009.1016": [
      312,
      1225,
      2111
    ],
    "1009.1337": [
      4377
    ],
    "1804.04088v1": [
      2648,
      3849
    ],
    "1808.06014v1": [
      1863,
      1866,
      1965,
      1968,
      2190,
      2192,
      2392,
      2394
    ],
    "2003.09965v1": [
      793
    ],
    "2003.11326v1": [
      2765
    ],
    "2006.08940v2": [
      2026
    ],
    "2008.02256v1": [
      974
    ],
    "2203.11001v2": [
      2400,
      2405,
      2407
    ],
    "2208.04628v3": [
      2786
    ],
    "2209.12571v1": [
      381
    ],
    "2305.16533v1": [
      489
    ],
    "2404.09234v1": [
      2109,
      2491,
      2514,
      2778,
      2801
    ],
    "2411.07903v3": [
      2033,
      4118,
      4172
    ],
    "2412.07020v3": [
      1069
    ],
    "2507.15352v2": [
      115
    ],
    "2508.07912v2": [
      1610,
      1620,
      1702,
      1736,
      1745,
      3344
    ],
    "2509.05457v1": [
      791,
      1570,
      1712,
      1773,
      1984,
      2248,
      2622,
      2644,
      2711,
      3623,
      3648,
      3709,
      3820,
      3885,
      4137,
      4419,
      4718,
      4726,
      6053,
      6168,
      6172,
      6176,
      6180,
      6184,
      6209,
      6222,
      6274,
      6279,
      6284,
      6287,
      6290,
      6293,
      6360,
      6380,
      6458
    ],
    "2509.07059v1": [
      3546
    ],
    "2509.22127v1": [
      673,
      693,
      769,
      819,
      900,
      1439,
      1649,
      1665,
      1808,
      1817,
      1849,
      1859,
      1876,
      1940,
      1977,
      2015,
      2024,
      2092,
      2147,
      2347,
      2529,
      2557,
      2757,
      2785,
      2872,
      3035,
      3164,
      3331,
      3424,
      3446,
      3473,
      3485,
      3612,
      3663,
      3779
    ],
    "2510.09756v1": [
      3714
    ],
    "2510.13728v1": [
      490,
      659,
      679,
      697,
      1064,
      1177,
      1218,
      1314,
      1493,
      1544,
      1563,
      1674,
      1736
    ],
    "2510.20913v1": [
      8509
    ],
    "2510.25624v1": [
      6118
    ],
    "2511.04738v1": [
      600
    ],
    "2511.07494v1": [
      735
    ],
    "2511.09475v1": [
      1592
    ],
    "2511.10927v1": [
      86443
    ],
    "2511.15115v1": [
      1997,
      2000,
      2004,
      2008,
      4096,
      4117
    ]
  }
}