{
  "52748": {
    "0704.0858": [
      375,
      2722
    ],
    "0704.2292": [
      1519
    ],
    "0704.3375": [
      3465
    ],
    "0704.3621": [
      941,
      2878,
      2903,
      3371,
      3530,
      3539,
      4142
    ],
    "0705.2917": [
      1522
    ],
    "0705.3487": [
      1310,
      1313,
      1317,
      1321,
      4108,
      4111
    ],
    "0706.2289": [
      2058
    ],
    "0706.2305": [
      512
    ],
    "0706.3765": [
      3657
    ],
    "0707.1742": [
      2099,
      2113
    ],
    "0707.2065": [
      26,
      285,
      635,
      1123,
      1157,
      2159,
      2575,
      2662
    ],
    "0707.3006": [
      81,
      1051,
      1059,
      1066,
      1071
    ],
    "0707.3042": [
      2520
    ],
    "0707.3944": [
      1182,
      1407,
      5043,
      5090
    ],
    "0812.4366": [
      263,
      1915
    ],
    "0901.2798": [
      651
    ],
    "0901.3078": [
      63,
      497,
      531,
      551,
      1449,
      1454,
      1528,
      2182,
      2379,
      2392
    ],
    "0901.3482": [
      4447,
      4449,
      4455,
      4457
    ],
    "0901.3623": [
      1153,
      1451
    ],
    "0901.3716": [
      1938
    ],
    "1007.1355": [
      2370
    ],
    "1007.2217": [
      1663,
      1671
    ],
    "1007.5231": [
      3450
    ],
    "1008.3829": [
      5469
    ],
    "1008.4099": [
      617,
      1693,
      2069,
      2228,
      2230,
      2235,
      2238
    ],
    "1008.4508": [
      4484
    ],
    "1009.0554": [
      1212
    ],
    "1009.1358": [
      4080
    ],
    "1705.02238v1": [
      602
    ],
    "1709.01259v1": [
      2755
    ],
    "1904.00436v2": [
      1608
    ],
    "2103.16393v1": [
      595,
      619
    ],
    "2104.06287v1": [
      4816
    ],
    "2508.11077v2": [
      1051
    ]
  },
  "47889": {
    "0902.0823": [
      1684
    ]
  }
}